dataset,video_id,video_origen,clip_id,inicio_s,fin_s,etiqueta,persona_id,evento_id,nota,nombre_clip,duracion_real_s,duracion_objetivo_s,diferencia_vs_4s,cumple_4s,requiere_normalizacion_temporal,elegible_modelo_binario,motivo_no_elegible
CCTV_YOLO,CCTV_001,not_shoplifting1.mp4,CCTV_001,2.0,6.0,sin_ocultamiento,P001_AJ,,,CCTV_YOLO__CCTV_001__CCTV_001.mp4,4.0,4.0,0.0,True,False,True,
CCTV_YOLO,CCTV_002,not_shoplifting2.mp4,CCTV_002,2.0,6.0,sin_ocultamiento,P002_AJ,,,CCTV_YOLO__CCTV_002__CCTV_002.mp4,4.0,4.0,0.0,True,False,True,
CCTV_YOLO,CCTV_003,not_shoplifting3.mp4,CCTV_003,2.0,6.0,sin_ocultamiento,P003_AJ,,,CCTV_YOLO__CCTV_003__CCTV_003.mp4,4.0,4.0,0.0,True,False,True,
CCTV_YOLO,CCTV_004,not_shoplifting4.mp4,CCTV_004,2.0,6.0,sin_ocultamiento,P004_AJ,,,CCTV_YOLO__CCTV_004__CCTV_004.mp4,4.0,4.0,0.0,True,False,True,
CCTV_YOLO,CCTV_005,shoplifting1.mp4,CCTV_005,2.0,6.0,ocultamiento,P001_AJ,,,CCTV_YOLO__CCTV_005__CCTV_005.mp4,4.0,4.0,0.0,True,False,True,
CCTV_YOLO,CCTV_006,shoplifting2.mp4,CCTV_006,2.0,6.0,ocultamiento,P002_AJ,,,CCTV_YOLO__CCTV_006__CCTV_006.mp4,4.0,4.0,0.0,True,False,True,
CCTV_YOLO,CCTV_007,shoplifting3.mp4,CCTV_007,2.0,6.0,ocultamiento,P003_AJ,,,CCTV_YOLO__CCTV_007__CCTV_007.mp4,4.0,4.0,0.0,True,False,True,
CCTV_YOLO,CCTV_008,shoplifting4.mp4,CCTV_008,2.0,6.0,ocultamiento,P004_AJ,,,CCTV_YOLO__CCTV_008__CCTV_008.mp4,4.0,4.0,0.0,True,False,True,
MNNIT,shoplifting-1,shoplifting-1.mp4,MNNIT_001,4.0,8.0,ocultamiento,P001,,,MNNIT__shoplifting-1__MNNIT_001.mp4,4.0,4.0,0.0,True,False,True,
MNNIT,shoplifting-2,shoplifting-2.mp4,MNNIT_002,7.2,11.2,ocultamiento,P002,,,MNNIT__shoplifting-2__MNNIT_002.mp4,4.0,4.0,0.0,True,False,True,
MNNIT,shoplifting-3,shoplifting-3.mp4,MNNIT_003,4.0,8.0,ocultamiento,P003,,,MNNIT__shoplifting-3__MNNIT_003.mp4,4.0,4.0,0.0,True,False,True,
MNNIT,shoplifting-4,shoplifting-4.mp4,MNNIT_004,4.0,8.0,ocultamiento,P002,,,MNNIT__shoplifting-4__MNNIT_004.mp4,4.0,4.0,0.0,True,False,True,
MNNIT,shoplifting-5,shoplifting-5.mp4,MNNIT_005,3.0,7.0,ocultamiento,P004,,,MNNIT__shoplifting-5__MNNIT_005.mp4,4.0,4.0,0.0,True,False,True,
MNNIT,shoplifting-6,shoplifting-6.mp4,MNNIT_006,3.0,7.0,ocultamiento,P005,,,MNNIT__shoplifting-6__MNNIT_006.mp4,4.0,4.0,0.0,True,False,True,
MNNIT,shoplifting-7,shoplifting-7.mp4,MNNIT_007,4.0,8.0,ocultamiento,P004,,,MNNIT__shoplifting-7__MNNIT_007.mp4,4.0,4.0,0.0,True,False,True,
MNNIT,shoplifting-8,shoplifting-8.mp4,MNNIT_008,6.0,10.0,ocultamiento,P006,,,MNNIT__shoplifting-8__MNNIT_008.mp4,4.0,4.0,0.0,True,False,True,
MNNIT,shoplifting-9,shoplifting-9.mp4,MNNIT_009,0.0,4.0,ocultamiento,P006,,,MNNIT__shoplifting-9__MNNIT_009.mp4,4.0,4.0,0.0,True,False,True,
MNNIT,shoplifting-10,shoplifting-10.mp4,MNNIT_010,1.0,5.0,ocultamiento,P007,,,MNNIT__shoplifting-10__MNNIT_010.mp4,4.0,4.0,0.0,True,False,True,
MNNIT,shoplifting-11,shoplifting-11.mp4,MNNIT_011,2.0,6.0,ocultamiento,P007,,,MNNIT__shoplifting-11__MNNIT_011.mp4,4.0,4.0,0.0,True,False,True,
MNNIT,shoplifting-12,shoplifting-12.mp4,MNNIT_012,1.0,5.0,ocultamiento,P007,,,MNNIT__shoplifting-12__MNNIT_012.mp4,4.0,4.0,0.0,True,False,True,
MNNIT,shoplifting-13,shoplifting-13.mp4,MNNIT_013,4.0,8.0,ocultamiento,P007,,,MNNIT__shoplifting-13__MNNIT_013.mp4,4.0,4.0,0.0,True,False,True,
MNNIT,shoplifting-14,shoplifting-14.mp4,MNNIT_014,0.0,4.0,ocultamiento,P008,,,MNNIT__shoplifting-14__MNNIT_014.mp4,4.0,4.0,0.0,True,False,True,
MNNIT,shoplifting-15,shoplifting-15.mp4,MNNIT_015,3.0,7.0,ocultamiento,P008,,,MNNIT__shoplifting-15__MNNIT_015.mp4,4.0,4.0,0.0,True,False,True,
MNNIT,shoplifting-16,shoplifting-16.mp4,MNNIT_016,5.0,9.0,ocultamiento,P001,,,MNNIT__shoplifting-16__MNNIT_016.mp4,4.0,4.0,0.0,True,False,True,
MNNIT,shoplifting-17,shoplifting-17.mp4,MNNIT_017,0.0,4.0,ocultamiento,P001,,,MNNIT__shoplifting-17__MNNIT_017.mp4,4.0,4.0,0.0,True,False,True,
MNNIT,shoplifting-18,shoplifting-18.mp4,MNNIT_018,6.0,10.0,ocultamiento,P001,,,MNNIT__shoplifting-18__MNNIT_018.mp4,4.0,4.0,0.0,True,False,True,
MNNIT,shoplifting-19,shoplifting-19.mp4,MNNIT_019,6.0,10.0,ocultamiento,P001,,,MNNIT__shoplifting-19__MNNIT_019.mp4,4.0,4.0,0.0,True,False,True,
MNNIT,shoplifting-20,shoplifting-20.mp4,MNNIT_020,4.0,8.0,ocultamiento,P001,,,MNNIT__shoplifting-20__MNNIT_020.mp4,4.0,4.0,0.0,True,False,True,
MNNIT,shoplifting-21,shoplifting-21.mp4,MNNIT_021,6.0,10.0,ocultamiento,P006,,,MNNIT__shoplifting-21__MNNIT_021.mp4,4.0,4.0,0.0,True,False,True,
MNNIT,shoplifting-22,shoplifting-22.mp4,MNNIT_022,6.7,10.7,ocultamiento,P008,,,MNNIT__shoplifting-22__MNNIT_022.mp4,4.0,4.0,0.0,True,False,True,
MNNIT,shoplifting-23,shoplifting-23.mp4,MNNIT_023,4.0,8.0,ocultamiento,P001,,,MNNIT__shoplifting-23__MNNIT_023.mp4,4.0,4.0,0.0,True,False,True,
MNNIT,shoplifting-24,shoplifting-24.mp4,MNNIT_024,6.0,10.0,ocultamiento,P009,,,MNNIT__shoplifting-24__MNNIT_024.mp4,4.0,4.0,0.0,True,False,True,
MNNIT,shoplifting-25,shoplifting-25.mp4,MNNIT_025,5.0,9.0,ocultamiento,P001,,,MNNIT__shoplifting-25__MNNIT_025.mp4,4.0,4.0,0.0,True,False,True,
MNNIT,shoplifting-26,shoplifting-26.mp4,MNNIT_026,4.0,8.0,ocultamiento,P004,,,MNNIT__shoplifting-26__MNNIT_026.mp4,4.0,4.0,0.0,True,False,True,
MNNIT,shoplifting-27,shoplifting-27.mp4,MNNIT_027,4.0,8.0,ocultamiento,P004,,,MNNIT__shoplifting-27__MNNIT_027.mp4,4.0,4.0,0.0,True,False,True,
MNNIT,shoplifting-28,shoplifting-28.mp4,MNNIT_028,5.0,9.0,ocultamiento,P004,,,MNNIT__shoplifting-28__MNNIT_028.mp4,4.0,4.0,0.0,True,False,True,
MNNIT,shoplifting-29,shoplifting-29.mp4,MNNIT_029,4.0,8.0,ocultamiento,P006,,,MNNIT__shoplifting-29__MNNIT_029.mp4,4.0,4.0,0.0,True,False,True,
MNNIT,shoplifting-30,shoplifting-30.mp4,MNNIT_030,6.0,10.0,ocultamiento,P002,,,MNNIT__shoplifting-30__MNNIT_030.mp4,4.0,4.0,0.0,True,False,True,
MNNIT,shoplifting-31,shoplifting-31.mp4,MNNIT_031,5.0,9.0,ocultamiento,P002,,,MNNIT__shoplifting-31__MNNIT_031.mp4,4.0,4.0,0.0,True,False,True,
MNNIT,shoplifting-32,shoplifting-32.mp4,MNNIT_032,4.0,8.0,ocultamiento,P003,,,MNNIT__shoplifting-32__MNNIT_032.mp4,4.0,4.0,0.0,True,False,True,
MNNIT,shoplifting-33,shoplifting-33.mp4,MNNIT_033,4.0,8.0,ocultamiento,P010,,,MNNIT__shoplifting-33__MNNIT_033.mp4,4.0,4.0,0.0,True,False,True,
MNNIT,shoplifting-34,shoplifting-34.mp4,MNNIT_034,4.0,8.0,ocultamiento,P010,,,MNNIT__shoplifting-34__MNNIT_034.mp4,4.0,4.0,0.0,True,False,True,
MNNIT,shoplifting-35,shoplifting-35.mp4,MNNIT_035,3.0,7.0,ocultamiento,P010,,,MNNIT__shoplifting-35__MNNIT_035.mp4,4.0,4.0,0.0,True,False,True,
MNNIT,shoplifting-36,shoplifting-36.mp4,MNNIT_036,3.0,7.0,ocultamiento,P010,,,MNNIT__shoplifting-36__MNNIT_036.mp4,4.0,4.0,0.0,True,False,True,
MNNIT,shoplifting-37,shoplifting-37.mp4,MNNIT_037,1.0,5.0,ocultamiento,P002,,,MNNIT__shoplifting-37__MNNIT_037.mp4,4.0,4.0,0.0,True,False,True,
MNNIT,shoplifting-38,shoplifting-38.mp4,MNNIT_038,1.0,5.0,ocultamiento,P002,,,MNNIT__shoplifting-38__MNNIT_038.mp4,4.0,4.0,0.0,True,False,True,
MNNIT,shoplifting-39,shoplifting-39.mp4,MNNIT_039,7.0,11.0,ocultamiento,P003,,,MNNIT__shoplifting-39__MNNIT_039.mp4,4.0,4.0,0.0,True,False,True,
MNNIT,shoplifting-40,shoplifting-40.mp4,MNNIT_040,5.0,9.0,ocultamiento,P003,,,MNNIT__shoplifting-40__MNNIT_040.mp4,4.0,4.0,0.0,True,False,True,
MNNIT,shoplifting-41,shoplifting-41.mp4,MNNIT_041,1.0,5.0,ocultamiento,P009,,,MNNIT__shoplifting-41__MNNIT_041.mp4,4.0,4.0,0.0,True,False,True,
MNNIT,shoplifting-42,shoplifting-42.mp4,MNNIT_042,0.0,4.0,ocultamiento,P009,,,MNNIT__shoplifting-42__MNNIT_042.mp4,4.0,4.0,0.0,True,False,True,
MNNIT,shoplifting-43,shoplifting-43.mp4,MNNIT_043,7.0,11.0,ocultamiento,P009,,,MNNIT__shoplifting-43__MNNIT_043.mp4,4.0,4.0,0.0,True,False,True,
MNNIT,shoplifting-44,shoplifting-44.mp4,MNNIT_044,3.0,7.0,ocultamiento,P009,,,MNNIT__shoplifting-44__MNNIT_044.mp4,4.0,4.0,0.0,True,False,True,
MNNIT,shoplifting-45,shoplifting-45.mp4,MNNIT_045,2.0,6.0,ocultamiento,P005,,,MNNIT__shoplifting-45__MNNIT_045.mp4,4.0,4.0,0.0,True,False,True,
MNNIT,shoplifting-46,shoplifting-46.mp4,MNNIT_046,0.0,4.0,ocultamiento,P005,,,MNNIT__shoplifting-46__MNNIT_046.mp4,4.0,4.0,0.0,True,False,True,
MNNIT,shoplifting-47,shoplifting-47.mp4,MNNIT_047,0.0,4.0,ocultamiento,P005,,,MNNIT__shoplifting-47__MNNIT_047.mp4,4.0,4.0,0.0,True,False,True,
MNNIT,shoplifting-48,shoplifting-48.mp4,MNNIT_048,0.0,4.0,ocultamiento,P005,,,MNNIT__shoplifting-48__MNNIT_048.mp4,4.0,4.0,0.0,True,False,True,
MNNIT,shoplifting-50,shoplifting-50.mp4,MNNIT_049,4.0,8.0,ocultamiento,P011,,,MNNIT__shoplifting-50__MNNIT_049.mp4,4.0,4.0,0.0,True,False,True,
MNNIT,shoplifting-51,shoplifting-51.mp4,MNNIT_050,6.0,10.0,ocultamiento,P004,,,MNNIT__shoplifting-51__MNNIT_050.mp4,4.0,4.0,0.0,True,False,True,
MNNIT,shoplifting-52,shoplifting-52.mp4,MNNIT_051,1.0,5.0,ocultamiento,P006,,,MNNIT__shoplifting-52__MNNIT_051.mp4,4.0,4.0,0.0,True,False,True,
MNNIT,shoplifting-53,shoplifting-53.mp4,MNNIT_052,4.0,8.0,ocultamiento,P006,,,MNNIT__shoplifting-53__MNNIT_052.mp4,4.0,4.0,0.0,True,False,True,
MNNIT,shoplifting-54,shoplifting-54.mp4,MNNIT_053,5.0,9.0,ocultamiento,P006,,,MNNIT__shoplifting-54__MNNIT_053.mp4,4.0,4.0,0.0,True,False,True,
MNNIT,shoplifting-55,shoplifting-55.mp4,MNNIT_054,6.4,10.4,ocultamiento,P006,,,MNNIT__shoplifting-55__MNNIT_054.mp4,4.0,4.0,0.0,True,False,True,
MNNIT,shoplifting-56,shoplifting-56.mp4,MNNIT_055,7.0,11.0,ocultamiento,P006,,,MNNIT__shoplifting-56__MNNIT_055.mp4,4.0,4.0,0.0,True,False,True,
MNNIT,shoplifting-57,shoplifting-57.mp4,MNNIT_056,4.0,8.0,ocultamiento,P006,,,MNNIT__shoplifting-57__MNNIT_056.mp4,4.0,4.0,0.0,True,False,True,
MNNIT,shoplifting-58,shoplifting-58.mp4,MNNIT_057,6.5,10.5,ocultamiento,P006,,,MNNIT__shoplifting-58__MNNIT_057.mp4,4.0,4.0,0.0,True,False,True,
MNNIT,shoplifting-59,shoplifting-59.mp4,MNNIT_058,6.0,10.0,ocultamiento,P006,,,MNNIT__shoplifting-59__MNNIT_058.mp4,4.0,4.0,0.0,True,False,True,
MNNIT,shoplifting-60,shoplifting-60.mp4,MNNIT_059,1.0,5.0,ocultamiento,P007,,,MNNIT__shoplifting-60__MNNIT_059.mp4,4.0,4.0,0.0,True,False,True,
MNNIT,shoplifting-61,shoplifting-61.mp4,MNNIT_060,6.1,10.1,ocultamiento,P007,,,MNNIT__shoplifting-61__MNNIT_060.mp4,4.0,4.0,0.0,True,False,True,
MNNIT,shoplifting-62,shoplifting-62.mp4,MNNIT_061,3.0,7.0,ocultamiento,P007,,,MNNIT__shoplifting-62__MNNIT_061.mp4,4.0,4.0,0.0,True,False,True,
MNNIT,shoplifting-63,shoplifting-63.mp4,MNNIT_062,5.0,9.0,ocultamiento,P007,,,MNNIT__shoplifting-63__MNNIT_062.mp4,4.0,4.0,0.0,True,False,True,
MNNIT,shoplifting-64,shoplifting-64.mp4,MNNIT_063,1.0,5.0,ocultamiento,P007,,,MNNIT__shoplifting-64__MNNIT_063.mp4,4.0,4.0,0.0,True,False,True,
MNNIT,shoplifting-65,shoplifting-65.mp4,MNNIT_064,6.0,10.0,ocultamiento,P007,,,MNNIT__shoplifting-65__MNNIT_064.mp4,4.0,4.0,0.0,True,False,True,
MNNIT,shoplifting-66,shoplifting-66.mp4,MNNIT_065,4.0,8.0,ocultamiento,P007,,,MNNIT__shoplifting-66__MNNIT_065.mp4,4.0,4.0,0.0,True,False,True,
MNNIT,shoplifting-67,shoplifting-67.mp4,MNNIT_066,5.0,9.0,ocultamiento,P007,,,MNNIT__shoplifting-67__MNNIT_066.mp4,4.0,4.0,0.0,True,False,True,
MNNIT,shoplifting-68,shoplifting-68.mp4,MNNIT_067,6.0,10.0,ocultamiento,P007,,,MNNIT__shoplifting-68__MNNIT_067.mp4,4.0,4.0,0.0,True,False,True,
MNNIT,shoplifting-69,shoplifting-69.mp4,MNNIT_068,5.0,9.0,ocultamiento,P007,,,MNNIT__shoplifting-69__MNNIT_068.mp4,4.0,4.0,0.0,True,False,True,
MNNIT,shoplifting-70,shoplifting-70.mp4,MNNIT_069,6.7,10.7,ocultamiento,P007,,,MNNIT__shoplifting-70__MNNIT_069.mp4,4.0,4.0,0.0,True,False,True,
MNNIT,shoplifting-71,shoplifting-71.mp4,MNNIT_070,5.0,9.0,ocultamiento,P008,,,MNNIT__shoplifting-71__MNNIT_070.mp4,4.0,4.0,0.0,True,False,True,
MNNIT,shoplifting-72,shoplifting-72.mp4,MNNIT_071,3.0,7.0,ocultamiento,P008,,,MNNIT__shoplifting-72__MNNIT_071.mp4,4.0,4.0,0.0,True,False,True,
MNNIT,shoplifting-73,shoplifting-73.mp4,MNNIT_072,6.6,10.6,ocultamiento,P008,,,MNNIT__shoplifting-73__MNNIT_072.mp4,4.0,4.0,0.0,True,False,True,
MNNIT,shoplifting-74,shoplifting-74.mp4,MNNIT_073,6.0,10.0,ocultamiento,P008,,,MNNIT__shoplifting-74__MNNIT_073.mp4,4.0,4.0,0.0,True,False,True,
MNNIT,shoplifting-75,shoplifting-75.mp4,MNNIT_074,2.0,6.0,ocultamiento,P008,,,MNNIT__shoplifting-75__MNNIT_074.mp4,4.0,4.0,0.0,True,False,True,
MNNIT,shoplifting-76,shoplifting-76.mp4,MNNIT_075,2.0,6.0,ocultamiento,P008,,,MNNIT__shoplifting-76__MNNIT_075.mp4,4.0,4.0,0.0,True,False,True,
MNNIT,shoplifting-77,shoplifting-77.mp4,MNNIT_076,5.0,9.0,ocultamiento,P008,,,MNNIT__shoplifting-77__MNNIT_076.mp4,4.0,4.0,0.0,True,False,True,
MNNIT,shoplifting-78,shoplifting-78.mp4,MNNIT_077,4.0,8.0,ocultamiento,P008,,,MNNIT__shoplifting-78__MNNIT_077.mp4,4.0,4.0,0.0,True,False,True,
MNNIT,shoplifting-79,shoplifting-79.mp4,MNNIT_078,4.0,8.0,ocultamiento,P001,,,MNNIT__shoplifting-79__MNNIT_078.mp4,4.0,4.0,0.0,True,False,True,
MNNIT,shoplifting-80,shoplifting-80.mp4,MNNIT_079,5.0,9.0,ocultamiento,P001,,,MNNIT__shoplifting-80__MNNIT_079.mp4,4.0,4.0,0.0,True,False,True,
MNNIT,shoplifting-81,shoplifting-81.mp4,MNNIT_080,3.0,7.0,ocultamiento,P001,,,MNNIT__shoplifting-81__MNNIT_080.mp4,4.0,4.0,0.0,True,False,True,
MNNIT,shoplifting-82,shoplifting-82.mp4,MNNIT_081,1.0,5.0,ocultamiento,P001,,,MNNIT__shoplifting-82__MNNIT_081.mp4,4.0,4.0,0.0,True,False,True,
MNNIT,shoplifting-83,shoplifting-83.mp4,MNNIT_082,5.0,9.0,ocultamiento,P001,,,MNNIT__shoplifting-83__MNNIT_082.mp4,4.0,4.0,0.0,True,False,True,
MNNIT,shoplifting-84,shoplifting-84.mp4,MNNIT_083,5.0,9.0,ocultamiento,P001,,,MNNIT__shoplifting-84__MNNIT_083.mp4,4.0,4.0,0.0,True,False,True,
MNNIT,shoplifting-85,shoplifting-85.mp4,MNNIT_084,4.0,8.0,ocultamiento,P001,,,MNNIT__shoplifting-85__MNNIT_084.mp4,4.0,4.0,0.0,True,False,True,
MNNIT,shoplifting-86,shoplifting-86.mp4,MNNIT_085,4.0,8.0,ocultamiento,P001,,,MNNIT__shoplifting-86__MNNIT_085.mp4,4.0,4.0,0.0,True,False,True,
MNNIT,shoplifting-87,shoplifting-87.mp4,MNNIT_086,3.0,7.0,ocultamiento,P001,,,MNNIT__shoplifting-87__MNNIT_086.mp4,4.0,4.0,0.0,True,False,True,
MNNIT,shoplifting-88,shoplifting-88.mp4,MNNIT_087,6.0,10.0,ocultamiento,P012,,,MNNIT__shoplifting-88__MNNIT_087.mp4,4.0,4.0,0.0,True,False,True,
MNNIT,shoplifting-89,shoplifting-89.mp4,MNNIT_088,8.0,12.0,ocultamiento,P012,,,MNNIT__shoplifting-89__MNNIT_088.mp4,4.0,4.0,0.0,True,False,True,
MNNIT,shoplifting-90,shoplifting-90.mp4,MNNIT_089,8.0,12.0,ocultamiento,P012,,,MNNIT__shoplifting-90__MNNIT_089.mp4,4.0,4.0,0.0,True,False,True,
MNNIT,shoplifting-91,shoplifting-91.mp4,MNNIT_090,4.6,8.6,ocultamiento,P013,,,MNNIT__shoplifting-91__MNNIT_090.mp4,4.0,4.0,0.0,True,False,True,
MNNIT,shoplifting-92,shoplifting-92.mp4,MNNIT_091,3.0,7.0,ocultamiento,P014,,,MNNIT__shoplifting-92__MNNIT_091.mp4,4.0,4.0,0.0,True,False,True,
MNNIT,shoplifting-93,shoplifting-93.mp4,MNNIT_092,6.0,10.0,ocultamiento,P014,,,MNNIT__shoplifting-93__MNNIT_092.mp4,4.0,4.0,0.0,True,False,True,
MNNIT,normal-1,normal-1.mp4,MNNIT_093,0.0,4.0,sin_ocultamiento,P0NA,,,MNNIT__normal-1__MNNIT_093.mp4,4.0,4.0,0.0,True,False,True,
MNNIT,normal-2,normal-2.mp4,MNNIT_094,3.0,7.0,sin_ocultamiento,P006,,,MNNIT__normal-2__MNNIT_094.mp4,4.0,4.0,0.0,True,False,True,
MNNIT,normal-3,normal-3.mp4,MNNIT_095,1.0,5.0,sin_ocultamiento,P007,,,MNNIT__normal-3__MNNIT_095.mp4,4.0,4.0,0.0,True,False,True,
MNNIT,normal-4,normal-4.mp4,MNNIT_096,6.0,10.0,sin_ocultamiento,P007,,,MNNIT__normal-4__MNNIT_096.mp4,4.0,4.0,0.0,True,False,True,
MNNIT,normal-5,normal-5.mp4,MNNIT_097,7.0,11.0,sin_ocultamiento,P007,,,MNNIT__normal-5__MNNIT_097.mp4,4.0,4.0,0.0,True,False,True,
MNNIT,normal-6,normal-6.mp4,MNNIT_098,2.0,6.0,sin_ocultamiento,P008,,,MNNIT__normal-6__MNNIT_098.mp4,4.0,4.0,0.0,True,False,True,
MNNIT,normal-7,normal-7.mp4,MNNIT_099,7.0,11.0,sin_ocultamiento,P001,,,MNNIT__normal-7__MNNIT_099.mp4,4.0,4.0,0.0,True,False,True,
MNNIT,normal-8,normal-8.mp4,MNNIT_100,5.0,9.0,sin_ocultamiento,P001,,,MNNIT__normal-8__MNNIT_100.mp4,4.0,4.0,0.0,True,False,True,
MNNIT,normal-9,normal-9.mp4,MNNIT_101,6.0,10.0,sin_ocultamiento,P001,,,MNNIT__normal-9__MNNIT_101.mp4,4.0,4.0,0.0,True,False,True,
MNNIT,normal-10,normal-10.mp4,MNNIT_102,2.0,6.0,sin_ocultamiento,P001,,,MNNIT__normal-10__MNNIT_102.mp4,4.0,4.0,0.0,True,False,True,
MNNIT,normal-11,normal-11.mp4,MNNIT_103,5.0,9.0,sin_ocultamiento,P010,,,MNNIT__normal-11__MNNIT_103.mp4,4.0,4.0,0.0,True,False,True,
MNNIT,normal-12,normal-12.mp4,MNNIT_104,0.0,4.0,sin_ocultamiento,P009,,,MNNIT__normal-12__MNNIT_104.mp4,4.0,4.0,0.0,True,False,True,
MNNIT,normal-13,normal-13.mp4,MNNIT_105,0.0,4.0,sin_ocultamiento,P0NA,,,MNNIT__normal-13__MNNIT_105.mp4,4.0,4.0,0.0,True,False,True,
MNNIT,normal-14,normal-14.mp4,MNNIT_106,2.0,6.0,sin_ocultamiento,P010,,,MNNIT__normal-14__MNNIT_106.mp4,4.0,4.0,0.0,True,False,True,
MNNIT,normal-15,normal-15.mp4,MNNIT_107,4.0,8.0,sin_ocultamiento,P009,,,MNNIT__normal-15__MNNIT_107.mp4,4.0,4.0,0.0,True,False,True,
MNNIT,normal-16,normal-16.mp4,MNNIT_108,7.0,11.0,sin_ocultamiento,P004,,,MNNIT__normal-16__MNNIT_108.mp4,4.0,4.0,0.0,True,False,True,
MNNIT,normal-17,normal-17.mp4,MNNIT_109,7.0,11.0,sin_ocultamiento,P006,,,MNNIT__normal-17__MNNIT_109.mp4,4.0,4.0,0.0,True,False,True,
MNNIT,normal-18,normal-18.mp4,MNNIT_110,0.0,4.0,sin_ocultamiento,P006,,,MNNIT__normal-18__MNNIT_110.mp4,4.0,4.0,0.0,True,False,True,
MNNIT,normal-19,normal-19.mp4,MNNIT_111,2.0,6.0,sin_ocultamiento,P006,,,MNNIT__normal-19__MNNIT_111.mp4,4.0,4.0,0.0,True,False,True,
MNNIT,normal-20,normal-20.mp4,MNNIT_112,6.0,10.0,sin_ocultamiento,P006,,,MNNIT__normal-20__MNNIT_112.mp4,4.0,4.0,0.0,True,False,True,
MNNIT,normal-21,normal-21.mp4,MNNIT_113,6.6,10.6,sin_ocultamiento,P007,,,MNNIT__normal-21__MNNIT_113.mp4,4.0,4.0,0.0,True,False,True,
MNNIT,normal-22,normal-22.mp4,MNNIT_114,5.0,9.0,sin_ocultamiento,P007,,,MNNIT__normal-22__MNNIT_114.mp4,4.0,4.0,0.0,True,False,True,
MNNIT,normal-23,normal-23.mp4,MNNIT_115,6.5,10.5,sin_ocultamiento,P002,,,MNNIT__normal-23__MNNIT_115.mp4,4.0,4.0,0.0,True,False,True,
MNNIT,normal-24,normal-24.mp4,MNNIT_116,0.0,4.0,sin_ocultamiento,P006,,"Equivocado, si hay ocultamiento",MNNIT__normal-24__MNNIT_116.mp4,4.0,4.0,0.0,True,False,True,
MNNIT,normal-25,normal-25.mp4,MNNIT_117,0.0,4.0,sin_ocultamiento,P0NA,,,MNNIT__normal-25__MNNIT_117.mp4,4.0,4.0,0.0,True,False,True,
MNNIT,normal-26,normal-26.mp4,MNNIT_118,0.0,4.0,sin_ocultamiento,P002,,,MNNIT__normal-26__MNNIT_118.mp4,4.0,4.0,0.0,True,False,True,
MNNIT,normal-27,normal-27.mp4,MNNIT_119,0.0,4.0,sin_ocultamiento,P009,,,MNNIT__normal-27__MNNIT_119.mp4,4.0,4.0,0.0,True,False,True,
MNNIT,normal-28,normal-28.mp4,MNNIT_120,0.0,4.0,sin_ocultamiento,P0NA,,,MNNIT__normal-28__MNNIT_120.mp4,4.0,4.0,0.0,True,False,True,
MNNIT,normal-29,normal-29.mp4,MNNIT_121,0.0,4.0,sin_ocultamiento,P0NA,,,MNNIT__normal-29__MNNIT_121.mp4,4.0,4.0,0.0,True,False,True,
MNNIT,normal-30,normal-30.mp4,MNNIT_122,2.0,6.0,sin_ocultamiento,P003,,,MNNIT__normal-30__MNNIT_122.mp4,4.0,4.0,0.0,True,False,True,
MNNIT,normal-31,normal-31.mp4,MNNIT_123,2.0,6.0,sin_ocultamiento,P010,,,MNNIT__normal-31__MNNIT_123.mp4,4.0,4.0,0.0,True,False,True,
MNNIT,normal-32,normal-32.mp4,MNNIT_124,1.0,5.0,sin_ocultamiento,P010,,,MNNIT__normal-32__MNNIT_124.mp4,4.0,4.0,0.0,True,False,True,
MNNIT,normal-33,normal-33.mp4,MNNIT_125,2.0,6.0,sin_ocultamiento,P010,,,MNNIT__normal-33__MNNIT_125.mp4,4.0,4.0,0.0,True,False,True,
MNNIT,normal-34,normal-34.mp4,MNNIT_126,1.0,5.0,sin_ocultamiento,P010,,,MNNIT__normal-34__MNNIT_126.mp4,4.0,4.0,0.0,True,False,True,
MNNIT,normal-35,normal-35.mp4,MNNIT_127,4.0,8.0,sin_ocultamiento,P002,,,MNNIT__normal-35__MNNIT_127.mp4,4.0,4.0,0.0,True,False,True,
MNNIT,normal-36,normal-36.mp4,MNNIT_128,5.0,9.0,sin_ocultamiento,P002,,,MNNIT__normal-36__MNNIT_128.mp4,4.0,4.0,0.0,True,False,True,
MNNIT,normal-37,normal-37.mp4,MNNIT_129,6.0,10.0,sin_ocultamiento,P003,,,MNNIT__normal-37__MNNIT_129.mp4,4.0,4.0,0.0,True,False,True,
MNNIT,normal-38,normal-38.mp4,MNNIT_130,3.0,7.0,sin_ocultamiento,P003,,,MNNIT__normal-38__MNNIT_130.mp4,4.0,4.0,0.0,True,False,True,
MNNIT,normal-39,normal-39.mp4,MNNIT_131,0.0,4.0,sin_ocultamiento,P0NA,,,MNNIT__normal-39__MNNIT_131.mp4,4.0,4.0,0.0,True,False,True,
MNNIT,normal-40,normal-40.mp4,MNNIT_132,1.0,5.0,sin_ocultamiento,P004,,,MNNIT__normal-40__MNNIT_132.mp4,4.0,4.0,0.0,True,False,True,
MNNIT,normal-41,normal-41.mp4,MNNIT_133,4.0,8.0,sin_ocultamiento,P009,,,MNNIT__normal-41__MNNIT_133.mp4,4.0,4.0,0.0,True,False,True,
MNNIT,normal-42,normal-42.mp4,MNNIT_134,1.0,5.0,sin_ocultamiento,P009,,,MNNIT__normal-42__MNNIT_134.mp4,4.0,4.0,0.0,True,False,True,
MNNIT,normal-43,normal-43.mp4,MNNIT_135,3.0,7.0,sin_ocultamiento,P005,,,MNNIT__normal-43__MNNIT_135.mp4,4.0,4.0,0.0,True,False,True,
MNNIT,normal-44,normal-44.mp4,MNNIT_136,2.0,6.0,sin_ocultamiento,P006,,,MNNIT__normal-44__MNNIT_136.mp4,4.0,4.0,0.0,True,False,True,
MNNIT,normal-45,normal-45.mp4,MNNIT_137,1.0,5.0,sin_ocultamiento,P006,,"Equivocado, si hay ocultamiento, sirven los primeros segundos",MNNIT__normal-45__MNNIT_137.mp4,4.0,4.0,0.0,True,False,True,
MNNIT,normal-46,normal-46.mp4,MNNIT_138,0.0,4.0,sin_ocultamiento,P006,,"Equivocado, si hay ocultamiento, sirven los ultimos segundos",MNNIT__normal-46__MNNIT_138.mp4,4.0,4.0,0.0,True,False,True,
MNNIT,normal-47,normal-47.mp4,MNNIT_139,5.0,9.0,sin_ocultamiento,P006,,"Equivocado, si hay ocultamiento, sirven los primeros segundos",MNNIT__normal-47__MNNIT_139.mp4,4.0,4.0,0.0,True,False,True,
MNNIT,normal-48,normal-48.mp4,MNNIT_140,0.0,4.0,sin_ocultamiento,P006,,"Equivocado, si hay ocultamiento, sirven los ultimos segundos",MNNIT__normal-48__MNNIT_140.mp4,4.0,4.0,0.0,True,False,True,
MNNIT,normal-49,normal-49.mp4,MNNIT_141,5.0,9.0,sin_ocultamiento,P006,,"Equivocado, si hay ocultamiento, sirven los primeros segundos",MNNIT__normal-49__MNNIT_141.mp4,4.0,4.0,0.0,True,False,True,
MNNIT,normal-50,normal-50.mp4,MNNIT_142,1.0,5.0,sin_ocultamiento,P006,,"Equivocado, si hay ocultamiento, sirven los primeros segundos",MNNIT__normal-50__MNNIT_142.mp4,4.0,4.0,0.0,True,False,True,
MNNIT,normal-51,normal-51.mp4,MNNIT_143,0.0,4.0,sin_ocultamiento,P006,,"Equivocado, si hay ocultamiento, sirven los primeros segundos",MNNIT__normal-51__MNNIT_143.mp4,4.0,4.0,0.0,True,False,True,
MNNIT,normal-52,normal-52.mp4,MNNIT_144,0.0,4.0,sin_ocultamiento,P006,,,MNNIT__normal-52__MNNIT_144.mp4,4.0,4.0,0.0,True,False,True,
MNNIT,normal-53,normal-53.mp4,MNNIT_145,2.0,6.0,sin_ocultamiento,P006,,,MNNIT__normal-53__MNNIT_145.mp4,4.0,4.0,0.0,True,False,True,
MNNIT,normal-54,normal-54.mp4,MNNIT_146,0.0,4.0,sin_ocultamiento,P007,,,MNNIT__normal-54__MNNIT_146.mp4,4.0,4.0,0.0,True,False,True,
MNNIT,normal-55,normal-55.mp4,MNNIT_147,7.0,11.0,sin_ocultamiento,P007,,,MNNIT__normal-55__MNNIT_147.mp4,4.0,4.0,0.0,True,False,True,
MNNIT,normal-56,normal-56.mp4,MNNIT_148,1.0,5.0,sin_ocultamiento,P007,,,MNNIT__normal-56__MNNIT_148.mp4,4.0,4.0,0.0,True,False,True,
MNNIT,normal-57,normal-57.mp4,MNNIT_149,7.0,11.0,sin_ocultamiento,P007,,,MNNIT__normal-57__MNNIT_149.mp4,4.0,4.0,0.0,True,False,True,
MNNIT,normal-58,normal-58.mp4,MNNIT_150,3.0,7.0,sin_ocultamiento,P007,,,MNNIT__normal-58__MNNIT_150.mp4,4.0,4.0,0.0,True,False,True,
MNNIT,normal-59,normal-59.mp4,MNNIT_151,4.0,8.0,sin_ocultamiento,P007,,,MNNIT__normal-59__MNNIT_151.mp4,4.0,4.0,0.0,True,False,True,
MNNIT,normal-60,normal-60.mp4,MNNIT_152,5.0,9.0,sin_ocultamiento,P007,,,MNNIT__normal-60__MNNIT_152.mp4,4.0,4.0,0.0,True,False,True,
MNNIT,normal-61,normal-61.mp4,MNNIT_153,5.0,9.0,sin_ocultamiento,P007,,,MNNIT__normal-61__MNNIT_153.mp4,4.0,4.0,0.0,True,False,True,
MNNIT,normal-62,normal-62.mp4,MNNIT_154,5.0,9.0,sin_ocultamiento,P007,,,MNNIT__normal-62__MNNIT_154.mp4,4.0,4.0,0.0,True,False,True,
MNNIT,normal-63,normal-63.mp4,MNNIT_155,6.0,10.0,sin_ocultamiento,P007,,,MNNIT__normal-63__MNNIT_155.mp4,4.0,4.0,0.0,True,False,True,
MNNIT,normal-64,normal-64.mp4,MNNIT_156,2.0,6.0,sin_ocultamiento,P007,,,MNNIT__normal-64__MNNIT_156.mp4,4.0,4.0,0.0,True,False,True,
MNNIT,normal-65,normal-65.mp4,MNNIT_157,6.0,10.0,sin_ocultamiento,P008,,,MNNIT__normal-65__MNNIT_157.mp4,4.0,4.0,0.0,True,False,True,
MNNIT,normal-66,normal-66.mp4,MNNIT_158,1.0,5.0,sin_ocultamiento,P008,,,MNNIT__normal-66__MNNIT_158.mp4,4.0,4.0,0.0,True,False,True,
MNNIT,normal-67,normal-67.mp4,MNNIT_159,3.0,7.0,sin_ocultamiento,P008,,,MNNIT__normal-67__MNNIT_159.mp4,4.0,4.0,0.0,True,False,True,
MNNIT,normal-68,normal-68.mp4,MNNIT_160,1.0,5.0,sin_ocultamiento,P008,,,MNNIT__normal-68__MNNIT_160.mp4,4.0,4.0,0.0,True,False,True,
MNNIT,normal-69,normal-69.mp4,MNNIT_161,4.0,8.0,sin_ocultamiento,P008,,,MNNIT__normal-69__MNNIT_161.mp4,4.0,4.0,0.0,True,False,True,
MNNIT,normal-70,normal-70.mp4,MNNIT_162,4.0,8.0,sin_ocultamiento,P001,,,MNNIT__normal-70__MNNIT_162.mp4,4.0,4.0,0.0,True,False,True,
MNNIT,normal-71,normal-71.mp4,MNNIT_163,4.0,8.0,sin_ocultamiento,P001,,,MNNIT__normal-71__MNNIT_163.mp4,4.0,4.0,0.0,True,False,True,
MNNIT,normal-72,normal-72.mp4,MNNIT_164,3.0,7.0,sin_ocultamiento,P001,,,MNNIT__normal-72__MNNIT_164.mp4,4.0,4.0,0.0,True,False,True,
MNNIT,normal-73,normal-73.mp4,MNNIT_165,3.0,7.0,sin_ocultamiento,P001,,,MNNIT__normal-73__MNNIT_165.mp4,4.0,4.0,0.0,True,False,True,
MNNIT,normal-74,normal-74.mp4,MNNIT_166,2.0,6.0,sin_ocultamiento,P001,,,MNNIT__normal-74__MNNIT_166.mp4,4.0,4.0,0.0,True,False,True,
MNNIT,normal-75,normal-75.mp4,MNNIT_167,4.0,8.0,sin_ocultamiento,P001,,,MNNIT__normal-75__MNNIT_167.mp4,4.0,4.0,0.0,True,False,True,
MNNIT,normal-76,normal-76.mp4,MNNIT_168,3.0,7.0,sin_ocultamiento,P001,,,MNNIT__normal-76__MNNIT_168.mp4,4.0,4.0,0.0,True,False,True,
MNNIT,normal-77,normal-77.mp4,MNNIT_169,4.0,8.0,sin_ocultamiento,P001,,,MNNIT__normal-77__MNNIT_169.mp4,4.0,4.0,0.0,True,False,True,
MNNIT,normal-78,normal-78.mp4,MNNIT_170,3.0,7.0,sin_ocultamiento,P001,,,MNNIT__normal-78__MNNIT_170.mp4,4.0,4.0,0.0,True,False,True,
MNNIT,normal-79,normal-79.mp4,MNNIT_171,4.0,8.0,sin_ocultamiento,P001,,,MNNIT__normal-79__MNNIT_171.mp4,4.0,4.0,0.0,True,False,True,
MNNIT,normal-80,normal-80.mp4,MNNIT_172,3.0,7.0,sin_ocultamiento,P001,,,MNNIT__normal-80__MNNIT_172.mp4,4.0,4.0,0.0,True,False,True,
MNNIT,normal-81,normal-81.mp4,MNNIT_173,3.0,7.0,sin_ocultamiento,P001,,,MNNIT__normal-81__MNNIT_173.mp4,4.0,4.0,0.0,True,False,True,
MNNIT,normal-82,normal-82.mp4,MNNIT_174,5.0,9.0,sin_ocultamiento,P001,,,MNNIT__normal-82__MNNIT_174.mp4,4.0,4.0,0.0,True,False,True,
MNNIT,normal-83,normal-83.mp4,MNNIT_175,6.0,10.0,sin_ocultamiento,P001,,,MNNIT__normal-83__MNNIT_175.mp4,4.0,4.0,0.0,True,False,True,
MNNIT,normal-84,normal-84.mp4,MNNIT_176,6.0,10.0,sin_ocultamiento,P001,,,MNNIT__normal-84__MNNIT_176.mp4,4.0,4.0,0.0,True,False,True,
MNNIT,normal-85,normal-85.mp4,MNNIT_177,5.0,9.0,sin_ocultamiento,P010,,,MNNIT__normal-85__MNNIT_177.mp4,4.0,4.0,0.0,True,False,True,
MNNIT,normal-86,normal-86.mp4,MNNIT_178,2.0,6.0,sin_ocultamiento,P010,,,MNNIT__normal-86__MNNIT_178.mp4,4.0,4.0,0.0,True,False,True,
MNNIT,normal-87,normal-87.mp4,MNNIT_179,6.0,10.0,sin_ocultamiento,P010,,,MNNIT__normal-87__MNNIT_179.mp4,4.0,4.0,0.0,True,False,True,
MNNIT,normal-88,normal-88.mp4,MNNIT_180,0.0,4.0,sin_ocultamiento,P003,,,MNNIT__normal-88__MNNIT_180.mp4,4.0,4.0,0.0,True,False,True,
MNNIT,normal-89,normal-89.mp4,MNNIT_181,4.0,8.0,sin_ocultamiento,P012,,,MNNIT__normal-89__MNNIT_181.mp4,4.0,4.0,0.0,True,False,True,
MNNIT,normal-90,normal-90.mp4,MNNIT_182,2.0,6.0,sin_ocultamiento,P014,,,MNNIT__normal-90__MNNIT_182.mp4,4.0,4.0,0.0,True,False,True,
DCSASS,Shoplifting001_x264,Shoplifting001_x264_0.mp4,Shoplifting001_x264_0,0.0,4.0,sin_ocultamiento,PNA,,,DCSASS__Shoplifting001_x264__Shoplifting001_x264_0.mp4,4.0,4.0,0.0,True,False,True,
DCSASS,Shoplifting001_x264,Shoplifting001_x264_2.mp4,Shoplifting001_x264_2,0.0,4.0,sin_ocultamiento,PNA,,,DCSASS__Shoplifting001_x264__Shoplifting001_x264_2.mp4,4.0,4.0,0.0,True,False,True,
DCSASS,Shoplifting001_x264,Shoplifting001_x264_3.mp4,Shoplifting001_x264_3,0.0,4.0,sin_ocultamiento,P001_1,,,DCSASS__Shoplifting001_x264__Shoplifting001_x264_3.mp4,4.0,4.0,0.0,True,False,True,
DCSASS,Shoplifting001_x264,Shoplifting001_x264_4.mp4,Shoplifting001_x264_4,0.0,4.0,sin_ocultamiento,P001_1,,,DCSASS__Shoplifting001_x264__Shoplifting001_x264_4.mp4,4.0,4.0,0.0,True,False,True,
DCSASS,Shoplifting001_x264,Shoplifting001_x264_6.mp4,Shoplifting001_x264_6,0.0,4.0,sin_ocultamiento,P001_2,,,DCSASS__Shoplifting001_x264__Shoplifting001_x264_6.mp4,4.0,4.0,0.0,True,False,True,
DCSASS,Shoplifting001_x264,Shoplifting001_x264_7.mp4,Shoplifting001_x264_7,0.0,4.0,sin_ocultamiento,P001_2,,,DCSASS__Shoplifting001_x264__Shoplifting001_x264_7.mp4,4.0,4.0,0.0,True,False,True,
DCSASS,Shoplifting001_x264,Shoplifting001_x264_8.mp4,Shoplifting001_x264_8,0.0,4.0,sin_ocultamiento,P001_2,,,DCSASS__Shoplifting001_x264__Shoplifting001_x264_8.mp4,4.0,4.0,0.0,True,False,True,
DCSASS,Shoplifting001_x264,Shoplifting001_x264_9.mp4,Shoplifting001_x264_9,0.0,4.0,sin_ocultamiento,P001_1,,,DCSASS__Shoplifting001_x264__Shoplifting001_x264_9.mp4,4.0,4.0,0.0,True,False,True,
DCSASS,Shoplifting001_x264,Shoplifting001_x264_11.mp4,Shoplifting001_x264_11,0.0,4.0,sin_ocultamiento,P001_1,,,DCSASS__Shoplifting001_x264__Shoplifting001_x264_11.mp4,4.0,4.0,0.0,True,False,True,
DCSASS,Shoplifting001_x264,Shoplifting001_x264_13.mp4,Shoplifting001_x264_13,0.0,4.0,ocultamiento,P001_1,,,DCSASS__Shoplifting001_x264__Shoplifting001_x264_13.mp4,4.0,4.0,0.0,True,False,True,
DCSASS,Shoplifting001_x264,Shoplifting001_x264_15.mp4,Shoplifting001_x264_15,0.0,4.0,ocultamiento,P001_2,,,DCSASS__Shoplifting001_x264__Shoplifting001_x264_15.mp4,4.0,4.0,0.0,True,False,True,
DCSASS,Shoplifting001_x264,Shoplifting001_x264_17.mp4,Shoplifting001_x264_17,0.0,4.0,sin_ocultamiento,P001_2,,,DCSASS__Shoplifting001_x264__Shoplifting001_x264_17.mp4,4.0,4.0,0.0,True,False,True,
DCSASS,Shoplifting001_x264,Shoplifting001_x264_19.mp4,Shoplifting001_x264_19,0.0,4.0,sin_ocultamiento,PNA,,,DCSASS__Shoplifting001_x264__Shoplifting001_x264_19.mp4,4.0,4.0,0.0,True,False,True,
DCSASS,Shoplifting001_x264,Shoplifting001_x264_20.mp4,Shoplifting001_x264_20,0.0,4.0,sin_ocultamiento,PNA,,,DCSASS__Shoplifting001_x264__Shoplifting001_x264_20.mp4,4.0,4.0,0.0,True,False,True,
DCSASS,Shoplifting001_x264,Shoplifting001_x264_22.mp4,Shoplifting001_x264_22,0.0,4.0,sin_ocultamiento,PNA,,,DCSASS__Shoplifting001_x264__Shoplifting001_x264_22.mp4,4.0,4.0,0.0,True,False,True,
DCSASS,Shoplifting001_x264,Shoplifting001_x264_23.mp4,Shoplifting001_x264_23,0.0,4.0,sin_ocultamiento,PNA,,,DCSASS__Shoplifting001_x264__Shoplifting001_x264_23.mp4,4.0,4.0,0.0,True,False,True,
DCSASS,Shoplifting001_x264,Shoplifting001_x264_24.mp4,Shoplifting001_x264_24,0.0,4.0,sin_ocultamiento,PNA,,,DCSASS__Shoplifting001_x264__Shoplifting001_x264_24.mp4,4.0,4.0,0.0,True,False,True,
DCSASS,Shoplifting001_x264,Shoplifting001_x264_25.mp4,Shoplifting001_x264_25,0.0,4.0,sin_ocultamiento,PNA,,,DCSASS__Shoplifting001_x264__Shoplifting001_x264_25.mp4,4.0,4.0,0.0,True,False,True,
DCSASS,Shoplifting001_x264,Shoplifting001_x264_26.mp4,Shoplifting001_x264_26,0.0,4.0,sin_ocultamiento,PNA,,,DCSASS__Shoplifting001_x264__Shoplifting001_x264_26.mp4,4.0,4.0,0.0,True,False,True,
DCSASS,Shoplifting001_x264,Shoplifting001_x264_29.mp4,Shoplifting001_x264_29,0.0,4.0,sin_ocultamiento,PNA,,,DCSASS__Shoplifting001_x264__Shoplifting001_x264_29.mp4,4.0,4.0,0.0,True,False,True,
DCSASS,Shoplifting001_x264,Shoplifting001_x264_30.mp4,Shoplifting001_x264_30,0.0,4.0,sin_ocultamiento,PNA,,,DCSASS__Shoplifting001_x264__Shoplifting001_x264_30.mp4,4.0,4.0,0.0,True,False,True,
DCSASS,Shoplifting005_x264,Shoplifting005_x264_1.mp4,Shoplifting005_x264_1,0.0,4.0,sin_ocultamiento,P005_1,,,DCSASS__Shoplifting005_x264__Shoplifting005_x264_1.mp4,2.0,4.0,-2.0,False,True,True,
DCSASS,Shoplifting005_x264,Shoplifting005_x264_2.mp4,Shoplifting005_x264_2,0.0,4.0,sin_ocultamiento,P005_1,,,DCSASS__Shoplifting005_x264__Shoplifting005_x264_2.mp4,2.0,4.0,-2.0,False,True,True,
DCSASS,Shoplifting005_x264,Shoplifting005_x264_4.mp4,Shoplifting005_x264_4,0.0,4.0,sin_ocultamiento,P005_1,,,DCSASS__Shoplifting005_x264__Shoplifting005_x264_4.mp4,2.0,4.0,-2.0,False,True,True,
DCSASS,Shoplifting005_x264,Shoplifting005_x264_9.mp4,Shoplifting005_x264_9,0.0,4.0,sin_ocultamiento,P005_1,,,DCSASS__Shoplifting005_x264__Shoplifting005_x264_9.mp4,2.0,4.0,-2.0,False,True,True,
DCSASS,Shoplifting005_x264,Shoplifting005_x264_11.mp4,Shoplifting005_x264_11,0.0,4.0,sin_ocultamiento,P005_1,,,DCSASS__Shoplifting005_x264__Shoplifting005_x264_11.mp4,2.0,4.0,-2.0,False,True,True,
DCSASS,Shoplifting005_x264,Shoplifting005_x264_14.mp4,Shoplifting005_x264_14,0.0,4.0,ocultamiento,P005_1,,,DCSASS__Shoplifting005_x264__Shoplifting005_x264_14.mp4,2.0,4.0,-2.0,False,True,True,
DCSASS,Shoplifting005_x264,Shoplifting005_x264_16.mp4,Shoplifting005_x264_16,0.0,4.0,ocultamiento,P005_1,,,DCSASS__Shoplifting005_x264__Shoplifting005_x264_16.mp4,2.0,4.0,-2.0,False,True,True,
DCSASS,Shoplifting005_x264,Shoplifting005_x264_18.mp4,Shoplifting005_x264_18,0.0,4.0,ocultamiento,P005_1,,,DCSASS__Shoplifting005_x264__Shoplifting005_x264_18.mp4,2.0,4.0,-2.0,False,True,True,
DCSASS,Shoplifting005_x264,Shoplifting005_x264_21.mp4,Shoplifting005_x264_21,0.0,4.0,sin_ocultamiento,P005_1,,,DCSASS__Shoplifting005_x264__Shoplifting005_x264_21.mp4,2.0,4.0,-2.0,False,True,True,
DCSASS,Shoplifting005_x264,Shoplifting005_x264_23.mp4,Shoplifting005_x264_23,0.0,4.0,sin_ocultamiento,P005_1,,,DCSASS__Shoplifting005_x264__Shoplifting005_x264_23.mp4,2.0,4.0,-2.0,False,True,True,
DCSASS,Shoplifting005_x264,Shoplifting005_x264_24.mp4,Shoplifting005_x264_24,0.0,4.0,sin_ocultamiento,P005_1,,,DCSASS__Shoplifting005_x264__Shoplifting005_x264_24.mp4,2.0,4.0,-2.0,False,True,True,
DCSASS,Shoplifting005_x264,Shoplifting005_x264_25.mp4,Shoplifting005_x264_25,0.0,4.0,sin_ocultamiento,P005_1,,,DCSASS__Shoplifting005_x264__Shoplifting005_x264_25.mp4,2.0,4.0,-2.0,False,True,True,
DCSASS,Shoplifting005_x264,Shoplifting005_x264_27.mp4,Shoplifting005_x264_27,0.0,4.0,sin_ocultamiento,PNA,,,DCSASS__Shoplifting005_x264__Shoplifting005_x264_27.mp4,2.0,4.0,-2.0,False,True,True,
DCSASS,Shoplifting005_x264,Shoplifting005_x264_29.mp4,Shoplifting005_x264_29,0.0,4.0,sin_ocultamiento,PNA,,,DCSASS__Shoplifting005_x264__Shoplifting005_x264_29.mp4,2.0,4.0,-2.0,False,True,True,
DCSASS,Shoplifting005_x264,Shoplifting005_x264_31.mp4,Shoplifting005_x264_31,0.0,4.0,sin_ocultamiento,PNA,,,DCSASS__Shoplifting005_x264__Shoplifting005_x264_31.mp4,2.0,4.0,-2.0,False,True,True,
DCSASS,Shoplifting006_x264,Shoplifting006_x264_0.mp4,Shoplifting006_x264_0,0.0,4.0,sin_ocultamiento,P006_1,,,DCSASS__Shoplifting006_x264__Shoplifting006_x264_0.mp4,3.0,4.0,-1.0,False,True,True,
DCSASS,Shoplifting006_x264,Shoplifting006_x264_3.mp4,Shoplifting006_x264_3,0.0,4.0,sin_ocultamiento,P006_1,,,DCSASS__Shoplifting006_x264__Shoplifting006_x264_3.mp4,3.0,4.0,-1.0,False,True,True,
DCSASS,Shoplifting006_x264,Shoplifting006_x264_5.mp4,Shoplifting006_x264_5,0.0,4.0,sin_ocultamiento,P006_1,,,DCSASS__Shoplifting006_x264__Shoplifting006_x264_5.mp4,3.0,4.0,-1.0,False,True,True,
DCSASS,Shoplifting006_x264,Shoplifting006_x264_7.mp4,Shoplifting006_x264_7,0.0,4.0,sin_ocultamiento,P006_1,,,DCSASS__Shoplifting006_x264__Shoplifting006_x264_7.mp4,3.0,4.0,-1.0,False,True,True,
DCSASS,Shoplifting006_x264,Shoplifting006_x264_9.mp4,Shoplifting006_x264_9,0.0,4.0,sin_ocultamiento,P006_1,,,DCSASS__Shoplifting006_x264__Shoplifting006_x264_9.mp4,3.0,4.0,-1.0,False,True,True,
DCSASS,Shoplifting006_x264,Shoplifting006_x264_10.mp4,Shoplifting006_x264_10,0.0,4.0,sin_ocultamiento,P006_1,,,DCSASS__Shoplifting006_x264__Shoplifting006_x264_10.mp4,3.0,4.0,-1.0,False,True,True,
DCSASS,Shoplifting006_x264,Shoplifting006_x264_11.mp4,Shoplifting006_x264_11,0.0,4.0,sin_ocultamiento,P006_1,,,DCSASS__Shoplifting006_x264__Shoplifting006_x264_11.mp4,3.0,4.0,-1.0,False,True,True,
DCSASS,Shoplifting006_x264,Shoplifting006_x264_12.mp4,Shoplifting006_x264_12,0.0,4.0,sin_ocultamiento,P006_1,,,DCSASS__Shoplifting006_x264__Shoplifting006_x264_12.mp4,3.0,4.0,-1.0,False,True,True,
DCSASS,Shoplifting006_x264,Shoplifting006_x264_13.mp4,Shoplifting006_x264_13,0.0,4.0,sin_ocultamiento,P006_1,,,DCSASS__Shoplifting006_x264__Shoplifting006_x264_13.mp4,3.0,4.0,-1.0,False,True,True,
DCSASS,Shoplifting006_x264,Shoplifting006_x264_15.mp4,Shoplifting006_x264_15,0.0,4.0,sin_ocultamiento,P006_1,,,DCSASS__Shoplifting006_x264__Shoplifting006_x264_15.mp4,3.0,4.0,-1.0,False,True,True,
DCSASS,Shoplifting006_x264,Shoplifting006_x264_19.mp4,Shoplifting006_x264_19,0.0,4.0,ocultamiento,P006_1,,,DCSASS__Shoplifting006_x264__Shoplifting006_x264_19.mp4,3.0,4.0,-1.0,False,True,True,
DCSASS,Shoplifting006_x264,Shoplifting006_x264_21.mp4,Shoplifting006_x264_21,0.0,4.0,sin_ocultamiento,PNA,,,DCSASS__Shoplifting006_x264__Shoplifting006_x264_21.mp4,3.0,4.0,-1.0,False,True,True,
DCSASS,Shoplifting006_x264,Shoplifting006_x264_22.mp4,Shoplifting006_x264_22,0.0,4.0,sin_ocultamiento,PNA,,,DCSASS__Shoplifting006_x264__Shoplifting006_x264_22.mp4,3.0,4.0,-1.0,False,True,True,
DCSASS,Shoplifting006_x264,Shoplifting006_x264_24.mp4,Shoplifting006_x264_24,0.0,4.0,sin_ocultamiento,PNA,,,DCSASS__Shoplifting006_x264__Shoplifting006_x264_24.mp4,3.0,4.0,-1.0,False,True,True,
DCSASS,Shoplifting006_x264,Shoplifting006_x264_28.mp4,Shoplifting006_x264_28,0.0,4.0,ocultamiento,P006_1,,,DCSASS__Shoplifting006_x264__Shoplifting006_x264_28.mp4,3.0,4.0,-1.0,False,True,True,
DCSASS,Shoplifting006_x264,Shoplifting006_x264_29.mp4,Shoplifting006_x264_29,0.0,4.0,ocultamiento,P006_1,,,DCSASS__Shoplifting006_x264__Shoplifting006_x264_29.mp4,3.0,4.0,-1.0,False,True,True,
DCSASS,Shoplifting009_x264,Shoplifting009_x264_0.mp4,Shoplifting009_x264_0,0.0,4.0,sin_ocultamiento,P009_1,,,DCSASS__Shoplifting009_x264__Shoplifting009_x264_0.mp4,5.0,4.0,1.0,False,True,True,
DCSASS,Shoplifting009_x264,Shoplifting009_x264_4.mp4,Shoplifting009_x264_4,0.0,4.0,ocultamiento,P009_1,,,DCSASS__Shoplifting009_x264__Shoplifting009_x264_4.mp4,5.0,4.0,1.0,False,True,True,
DCSASS,Shoplifting009_x264,Shoplifting009_x264_6.mp4,Shoplifting009_x264_6,0.0,4.0,sin_ocultamiento,P009_1,,,DCSASS__Shoplifting009_x264__Shoplifting009_x264_6.mp4,5.0,4.0,1.0,False,True,True,
DCSASS,Shoplifting009_x264,Shoplifting009_x264_11.mp4,Shoplifting009_x264_11,0.0,4.0,sin_ocultamiento,P009_1,,,DCSASS__Shoplifting009_x264__Shoplifting009_x264_11.mp4,5.0,4.0,1.0,False,True,True,
DCSASS,Shoplifting009_x264,Shoplifting009_x264_12.mp4,Shoplifting009_x264_12,0.0,4.0,sin_ocultamiento,P009_1,,,DCSASS__Shoplifting009_x264__Shoplifting009_x264_12.mp4,5.0,4.0,1.0,False,True,True,
DCSASS,Shoplifting009_x264,Shoplifting009_x264_14.mp4,Shoplifting009_x264_14,0.0,4.0,sin_ocultamiento,P009_1,,,DCSASS__Shoplifting009_x264__Shoplifting009_x264_14.mp4,5.0,4.0,1.0,False,True,True,
DCSASS,Shoplifting009_x264,Shoplifting009_x264_15.mp4,Shoplifting009_x264_15,0.0,4.0,sin_ocultamiento,P009_1,,,DCSASS__Shoplifting009_x264__Shoplifting009_x264_15.mp4,5.0,4.0,1.0,False,True,True,
DCSASS,Shoplifting009_x264,Shoplifting009_x264_16.mp4,Shoplifting009_x264_16,0.0,4.0,sin_ocultamiento,P009_2,,,DCSASS__Shoplifting009_x264__Shoplifting009_x264_16.mp4,5.0,4.0,1.0,False,True,True,
DCSASS,Shoplifting009_x264,Shoplifting009_x264_21.mp4,Shoplifting009_x264_21,0.0,4.0,sin_ocultamiento,P009_2,,,DCSASS__Shoplifting009_x264__Shoplifting009_x264_21.mp4,5.0,4.0,1.0,False,True,True,
DCSASS,Shoplifting009_x264,Shoplifting009_x264_23.mp4,Shoplifting009_x264_23,0.0,4.0,ocultamiento,P009_2,,,DCSASS__Shoplifting009_x264__Shoplifting009_x264_23.mp4,5.0,4.0,1.0,False,True,True,
DCSASS,Shoplifting009_x264,Shoplifting009_x264_24.mp4,Shoplifting009_x264_24,0.0,4.0,sin_ocultamiento,P009_3,,,DCSASS__Shoplifting009_x264__Shoplifting009_x264_24.mp4,5.0,4.0,1.0,False,True,True,
DCSASS,Shoplifting009_x264,Shoplifting009_x264_25.mp4,Shoplifting009_x264_25,0.0,4.0,sin_ocultamiento,P009_3,,,DCSASS__Shoplifting009_x264__Shoplifting009_x264_25.mp4,5.0,4.0,1.0,False,True,True,
DCSASS,Shoplifting009_x264,Shoplifting009_x264_26.mp4,Shoplifting009_x264_26,0.0,4.0,sin_ocultamiento,P009_3,,,DCSASS__Shoplifting009_x264__Shoplifting009_x264_26.mp4,5.0,4.0,1.0,False,True,True,
DCSASS,Shoplifting009_x264,Shoplifting009_x264_27.mp4,Shoplifting009_x264_27,0.0,4.0,sin_ocultamiento,P009_3,,,DCSASS__Shoplifting009_x264__Shoplifting009_x264_27.mp4,5.0,4.0,1.0,False,True,True,
DCSASS,Shoplifting009_x264,Shoplifting009_x264_29.mp4,Shoplifting009_x264_29,0.0,4.0,ocultamiento,P009_3,,,DCSASS__Shoplifting009_x264__Shoplifting009_x264_29.mp4,5.0,4.0,1.0,False,True,True,
DCSASS,Shoplifting009_x264,Shoplifting009_x264_30.mp4,Shoplifting009_x264_30,0.0,4.0,ocultamiento,P009_3,,,DCSASS__Shoplifting009_x264__Shoplifting009_x264_30.mp4,5.0,4.0,1.0,False,True,True,
DCSASS,Shoplifting009_x264,Shoplifting009_x264_31.mp4,Shoplifting009_x264_31,0.0,4.0,ocultamiento,P009_3,,,DCSASS__Shoplifting009_x264__Shoplifting009_x264_31.mp4,5.0,4.0,1.0,False,True,True,
DCSASS,Shoplifting010_x264,Shoplifting010_x264_0.mp4,Shoplifting010_x264_0,0.0,4.0,sin_ocultamiento,PNA,,,DCSASS__Shoplifting010_x264__Shoplifting010_x264_0.mp4,2.0,4.0,-2.0,False,True,True,
DCSASS,Shoplifting010_x264,Shoplifting010_x264_1.mp4,Shoplifting010_x264_1,0.0,4.0,sin_ocultamiento,PNA,,,DCSASS__Shoplifting010_x264__Shoplifting010_x264_1.mp4,2.0,4.0,-2.0,False,True,True,
DCSASS,Shoplifting010_x264,Shoplifting010_x264_2.mp4,Shoplifting010_x264_2,0.0,4.0,sin_ocultamiento,PNA,,,DCSASS__Shoplifting010_x264__Shoplifting010_x264_2.mp4,2.0,4.0,-2.0,False,True,True,
DCSASS,Shoplifting010_x264,Shoplifting010_x264_3.mp4,Shoplifting010_x264_3,0.0,4.0,sin_ocultamiento,PNA,,,DCSASS__Shoplifting010_x264__Shoplifting010_x264_3.mp4,2.0,4.0,-2.0,False,True,True,
DCSASS,Shoplifting010_x264,Shoplifting010_x264_4.mp4,Shoplifting010_x264_4,0.0,4.0,sin_ocultamiento,PNA,,,DCSASS__Shoplifting010_x264__Shoplifting010_x264_4.mp4,2.0,4.0,-2.0,False,True,True,
DCSASS,Shoplifting010_x264,Shoplifting010_x264_5.mp4,Shoplifting010_x264_5,0.0,4.0,sin_ocultamiento,PNA,,,DCSASS__Shoplifting010_x264__Shoplifting010_x264_5.mp4,2.0,4.0,-2.0,False,True,True,
DCSASS,Shoplifting010_x264,Shoplifting010_x264_6.mp4,Shoplifting010_x264_6,0.0,4.0,sin_ocultamiento,PNA,,,DCSASS__Shoplifting010_x264__Shoplifting010_x264_6.mp4,2.0,4.0,-2.0,False,True,True,
DCSASS,Shoplifting010_x264,Shoplifting010_x264_7.mp4,Shoplifting010_x264_7,0.0,4.0,sin_ocultamiento,PNA,,,DCSASS__Shoplifting010_x264__Shoplifting010_x264_7.mp4,2.0,4.0,-2.0,False,True,True,
DCSASS,Shoplifting010_x264,Shoplifting010_x264_8.mp4,Shoplifting010_x264_8,0.0,4.0,sin_ocultamiento,PNA,,,DCSASS__Shoplifting010_x264__Shoplifting010_x264_8.mp4,2.0,4.0,-2.0,False,True,True,
DCSASS,Shoplifting010_x264,Shoplifting010_x264_9.mp4,Shoplifting010_x264_9,0.0,4.0,sin_ocultamiento,PNA,,,DCSASS__Shoplifting010_x264__Shoplifting010_x264_9.mp4,2.0,4.0,-2.0,False,True,True,
DCSASS,Shoplifting010_x264,Shoplifting010_x264_10.mp4,Shoplifting010_x264_10,0.0,4.0,sin_ocultamiento,P010_1,,,DCSASS__Shoplifting010_x264__Shoplifting010_x264_10.mp4,2.0,4.0,-2.0,False,True,True,
DCSASS,Shoplifting010_x264,Shoplifting010_x264_11.mp4,Shoplifting010_x264_11,0.0,4.0,sin_ocultamiento,P010_1,,,DCSASS__Shoplifting010_x264__Shoplifting010_x264_11.mp4,2.0,4.0,-2.0,False,True,True,
DCSASS,Shoplifting010_x264,Shoplifting010_x264_12.mp4,Shoplifting010_x264_12,0.0,4.0,ocultamiento,P010_1,,,DCSASS__Shoplifting010_x264__Shoplifting010_x264_12.mp4,2.0,4.0,-2.0,False,True,True,
DCSASS,Shoplifting010_x264,Shoplifting010_x264_13.mp4,Shoplifting010_x264_13,0.0,4.0,ocultamiento,P010_1,,,DCSASS__Shoplifting010_x264__Shoplifting010_x264_13.mp4,2.0,4.0,-2.0,False,True,True,
DCSASS,Shoplifting010_x264,Shoplifting010_x264_14.mp4,Shoplifting010_x264_14,0.0,4.0,ocultamiento,P010_1,,,DCSASS__Shoplifting010_x264__Shoplifting010_x264_14.mp4,2.0,4.0,-2.0,False,True,True,
DCSASS,Shoplifting010_x264,Shoplifting010_x264_15.mp4,Shoplifting010_x264_15,0.0,4.0,sin_ocultamiento,P010_1,,,DCSASS__Shoplifting010_x264__Shoplifting010_x264_15.mp4,2.0,4.0,-2.0,False,True,True,
DCSASS,Shoplifting010_x264,Shoplifting010_x264_16.mp4,Shoplifting010_x264_16,0.0,4.0,sin_ocultamiento,P010_1,,,DCSASS__Shoplifting010_x264__Shoplifting010_x264_16.mp4,2.0,4.0,-2.0,False,True,True,
DCSASS,Shoplifting010_x264,Shoplifting010_x264_17.mp4,Shoplifting010_x264_17,0.0,4.0,sin_ocultamiento,P010_1,,,DCSASS__Shoplifting010_x264__Shoplifting010_x264_17.mp4,2.0,4.0,-2.0,False,True,True,
DCSASS,Shoplifting010_x264,Shoplifting010_x264_18.mp4,Shoplifting010_x264_18,0.0,4.0,sin_ocultamiento,P010_1,,,DCSASS__Shoplifting010_x264__Shoplifting010_x264_18.mp4,2.0,4.0,-2.0,False,True,True,
DCSASS,Shoplifting010_x264,Shoplifting010_x264_19.mp4,Shoplifting010_x264_19,0.0,4.0,sin_ocultamiento,P010_1,,,DCSASS__Shoplifting010_x264__Shoplifting010_x264_19.mp4,2.0,4.0,-2.0,False,True,True,
DCSASS,Shoplifting010_x264,Shoplifting010_x264_20.mp4,Shoplifting010_x264_20,0.0,4.0,sin_ocultamiento,P010_1,,,DCSASS__Shoplifting010_x264__Shoplifting010_x264_20.mp4,2.0,4.0,-2.0,False,True,True,
DCSASS,Shoplifting010_x264,Shoplifting010_x264_21.mp4,Shoplifting010_x264_21,0.0,4.0,sin_ocultamiento,P010_1,,,DCSASS__Shoplifting010_x264__Shoplifting010_x264_21.mp4,2.0,4.0,-2.0,False,True,True,
DCSASS,Shoplifting010_x264,Shoplifting010_x264_22.mp4,Shoplifting010_x264_22,0.0,4.0,sin_ocultamiento,P010_1,,,DCSASS__Shoplifting010_x264__Shoplifting010_x264_22.mp4,2.0,4.0,-2.0,False,True,True,
DCSASS,Shoplifting010_x264,Shoplifting010_x264_23.mp4,Shoplifting010_x264_23,0.0,4.0,sin_ocultamiento,P010_1,,,DCSASS__Shoplifting010_x264__Shoplifting010_x264_23.mp4,2.0,4.0,-2.0,False,True,True,
DCSASS,Shoplifting010_x264,Shoplifting010_x264_24.mp4,Shoplifting010_x264_24,0.0,4.0,sin_ocultamiento,P010_1,,,DCSASS__Shoplifting010_x264__Shoplifting010_x264_24.mp4,2.0,4.0,-2.0,False,True,True,
DCSASS,Shoplifting010_x264,Shoplifting010_x264_25.mp4,Shoplifting010_x264_25,0.0,4.0,ocultamiento,P010_1,,,DCSASS__Shoplifting010_x264__Shoplifting010_x264_25.mp4,2.0,4.0,-2.0,False,True,True,
DCSASS,Shoplifting010_x264,Shoplifting010_x264_26.mp4,Shoplifting010_x264_26,0.0,4.0,ocultamiento,P010_1,,,DCSASS__Shoplifting010_x264__Shoplifting010_x264_26.mp4,2.0,4.0,-2.0,False,True,True,
DCSASS,Shoplifting010_x264,Shoplifting010_x264_27.mp4,Shoplifting010_x264_27,0.0,4.0,sin_ocultamiento,P010_1,,,DCSASS__Shoplifting010_x264__Shoplifting010_x264_27.mp4,2.0,4.0,-2.0,False,True,True,
DCSASS,Shoplifting010_x264,Shoplifting010_x264_28.mp4,Shoplifting010_x264_28,0.0,4.0,sin_ocultamiento,P010_1,,,DCSASS__Shoplifting010_x264__Shoplifting010_x264_28.mp4,2.0,4.0,-2.0,False,True,True,
DCSASS,Shoplifting010_x264,Shoplifting010_x264_29.mp4,Shoplifting010_x264_29,0.0,4.0,ocultamiento,P010_1,,,DCSASS__Shoplifting010_x264__Shoplifting010_x264_29.mp4,2.0,4.0,-2.0,False,True,True,
DCSASS,Shoplifting010_x264,Shoplifting010_x264_30.mp4,Shoplifting010_x264_30,0.0,4.0,ocultamiento,P010_1,,,DCSASS__Shoplifting010_x264__Shoplifting010_x264_30.mp4,2.0,4.0,-2.0,False,True,True,
DCSASS,Shoplifting010_x264,Shoplifting010_x264_31.mp4,Shoplifting010_x264_31,0.0,4.0,sin_ocultamiento,P010_1,,,DCSASS__Shoplifting010_x264__Shoplifting010_x264_31.mp4,2.0,4.0,-2.0,False,True,True,
DCSASS,Shoplifting013_x264,Shoplifting013_x264_0.mp4,Shoplifting013_x264_0,0.0,4.0,sin_ocultamiento,P013_1,,,DCSASS__Shoplifting013_x264__Shoplifting013_x264_0.mp4,2.0,4.0,-2.0,False,True,True,
DCSASS,Shoplifting013_x264,Shoplifting013_x264_4.mp4,Shoplifting013_x264_4,0.0,4.0,ocultamiento,P013_1,,,DCSASS__Shoplifting013_x264__Shoplifting013_x264_4.mp4,2.0,4.0,-2.0,False,True,True,
DCSASS,Shoplifting013_x264,Shoplifting013_x264_5.mp4,Shoplifting013_x264_5,0.0,4.0,ocultamiento,P013_1,,,DCSASS__Shoplifting013_x264__Shoplifting013_x264_5.mp4,2.0,4.0,-2.0,False,True,True,
DCSASS,Shoplifting013_x264,Shoplifting013_x264_6.mp4,Shoplifting013_x264_6,0.0,4.0,ocultamiento,P013_1,,,DCSASS__Shoplifting013_x264__Shoplifting013_x264_6.mp4,2.0,4.0,-2.0,False,True,True,
DCSASS,Shoplifting013_x264,Shoplifting013_x264_7.mp4,Shoplifting013_x264_7,0.0,4.0,ocultamiento,P013_1,,,DCSASS__Shoplifting013_x264__Shoplifting013_x264_7.mp4,2.0,4.0,-2.0,False,True,True,
DCSASS,Shoplifting013_x264,Shoplifting013_x264_8.mp4,Shoplifting013_x264_8,0.0,4.0,ocultamiento,P013_1,,,DCSASS__Shoplifting013_x264__Shoplifting013_x264_8.mp4,2.0,4.0,-2.0,False,True,True,
DCSASS,Shoplifting013_x264,Shoplifting013_x264_9.mp4,Shoplifting013_x264_9,0.0,4.0,ocultamiento,P013_1,,,DCSASS__Shoplifting013_x264__Shoplifting013_x264_9.mp4,2.0,4.0,-2.0,False,True,True,
DCSASS,Shoplifting013_x264,Shoplifting013_x264_11.mp4,Shoplifting013_x264_11,0.0,4.0,ocultamiento,P013_1,,,DCSASS__Shoplifting013_x264__Shoplifting013_x264_11.mp4,2.0,4.0,-2.0,False,True,True,
DCSASS,Shoplifting013_x264,Shoplifting013_x264_12.mp4,Shoplifting013_x264_12,0.0,4.0,ocultamiento,P013_1,,,DCSASS__Shoplifting013_x264__Shoplifting013_x264_12.mp4,2.0,4.0,-2.0,False,True,True,
DCSASS,Shoplifting013_x264,Shoplifting013_x264_13.mp4,Shoplifting013_x264_13,0.0,4.0,ocultamiento,P013_1,,,DCSASS__Shoplifting013_x264__Shoplifting013_x264_13.mp4,2.0,4.0,-2.0,False,True,True,
DCSASS,Shoplifting013_x264,Shoplifting013_x264_15.mp4,Shoplifting013_x264_15,0.0,4.0,ocultamiento,P013_1,,,DCSASS__Shoplifting013_x264__Shoplifting013_x264_15.mp4,2.0,4.0,-2.0,False,True,True,
DCSASS,Shoplifting013_x264,Shoplifting013_x264_16.mp4,Shoplifting013_x264_16,0.0,4.0,ocultamiento,P013_1,,,DCSASS__Shoplifting013_x264__Shoplifting013_x264_16.mp4,2.0,4.0,-2.0,False,True,True,
DCSASS,Shoplifting013_x264,Shoplifting013_x264_18.mp4,Shoplifting013_x264_18,0.0,4.0,ocultamiento,P013_1,,,DCSASS__Shoplifting013_x264__Shoplifting013_x264_18.mp4,2.0,4.0,-2.0,False,True,True,
DCSASS,Shoplifting013_x264,Shoplifting013_x264_19.mp4,Shoplifting013_x264_19,0.0,4.0,ocultamiento,P013_1,,,DCSASS__Shoplifting013_x264__Shoplifting013_x264_19.mp4,2.0,4.0,-2.0,False,True,True,
DCSASS,Shoplifting013_x264,Shoplifting013_x264_20.mp4,Shoplifting013_x264_20,0.0,4.0,ocultamiento,P013_1,,,DCSASS__Shoplifting013_x264__Shoplifting013_x264_20.mp4,2.0,4.0,-2.0,False,True,True,
DCSASS,Shoplifting013_x264,Shoplifting013_x264_21.mp4,Shoplifting013_x264_21,0.0,4.0,ocultamiento,P013_1,,,DCSASS__Shoplifting013_x264__Shoplifting013_x264_21.mp4,2.0,4.0,-2.0,False,True,True,
DCSASS,Shoplifting013_x264,Shoplifting013_x264_22.mp4,Shoplifting013_x264_22,0.0,4.0,ocultamiento,P013_1,,,DCSASS__Shoplifting013_x264__Shoplifting013_x264_22.mp4,2.0,4.0,-2.0,False,True,True,
DCSASS,Shoplifting013_x264,Shoplifting013_x264_23.mp4,Shoplifting013_x264_23,0.0,4.0,ocultamiento,P013_1,,,DCSASS__Shoplifting013_x264__Shoplifting013_x264_23.mp4,2.0,4.0,-2.0,False,True,True,
DCSASS,Shoplifting013_x264,Shoplifting013_x264_24.mp4,Shoplifting013_x264_24,0.0,4.0,ocultamiento,P013_1,,,DCSASS__Shoplifting013_x264__Shoplifting013_x264_24.mp4,2.0,4.0,-2.0,False,True,True,
DCSASS,Shoplifting013_x264,Shoplifting013_x264_25.mp4,Shoplifting013_x264_25,0.0,4.0,ocultamiento,P013_1,,,DCSASS__Shoplifting013_x264__Shoplifting013_x264_25.mp4,2.0,4.0,-2.0,False,True,True,
DCSASS,Shoplifting013_x264,Shoplifting013_x264_26.mp4,Shoplifting013_x264_26,0.0,4.0,ocultamiento,P013_1,,,DCSASS__Shoplifting013_x264__Shoplifting013_x264_26.mp4,2.0,4.0,-2.0,False,True,True,
DCSASS,Shoplifting013_x264,Shoplifting013_x264_27.mp4,Shoplifting013_x264_27,0.0,4.0,ocultamiento,P013_1,,,DCSASS__Shoplifting013_x264__Shoplifting013_x264_27.mp4,2.0,4.0,-2.0,False,True,True,
DCSASS,Shoplifting013_x264,Shoplifting013_x264_28.mp4,Shoplifting013_x264_28,0.0,4.0,ocultamiento,P013_1,,,DCSASS__Shoplifting013_x264__Shoplifting013_x264_28.mp4,2.0,4.0,-2.0,False,True,True,
DCSASS,Shoplifting013_x264,Shoplifting013_x264_29.mp4,Shoplifting013_x264_29,0.0,4.0,ocultamiento,P013_1,,,DCSASS__Shoplifting013_x264__Shoplifting013_x264_29.mp4,2.0,4.0,-2.0,False,True,True,
DCSASS,Shoplifting013_x264,Shoplifting013_x264_30.mp4,Shoplifting013_x264_30,0.0,4.0,ocultamiento,P013_1,,,DCSASS__Shoplifting013_x264__Shoplifting013_x264_30.mp4,2.0,4.0,-2.0,False,True,True,
DCSASS,Shoplifting013_x264,Shoplifting013_x264_31.mp4,Shoplifting013_x264_31,0.0,4.0,ocultamiento,P013_1,,,DCSASS__Shoplifting013_x264__Shoplifting013_x264_31.mp4,2.0,4.0,-2.0,False,True,True,
DCSASS,Shoplifting015_x264,Shoplifting015_x264_0.mp4,Shoplifting015_x264_0,0.0,4.0,sin_ocultamiento,PNA,,Video completo sin ocultamiento,DCSASS__Shoplifting015_x264__Shoplifting015_x264_0.mp4,2.0,4.0,-2.0,False,True,True,
DCSASS,Shoplifting015_x264,Shoplifting015_x264_1.mp4,Shoplifting015_x264_1,0.0,4.0,sin_ocultamiento,PNA,,Video completo sin ocultamiento,DCSASS__Shoplifting015_x264__Shoplifting015_x264_1.mp4,2.0,4.0,-2.0,False,True,True,
DCSASS,Shoplifting015_x264,Shoplifting015_x264_2.mp4,Shoplifting015_x264_2,0.0,4.0,sin_ocultamiento,PNA,,Video completo sin ocultamiento,DCSASS__Shoplifting015_x264__Shoplifting015_x264_2.mp4,2.0,4.0,-2.0,False,True,True,
DCSASS,Shoplifting015_x264,Shoplifting015_x264_3.mp4,Shoplifting015_x264_3,0.0,4.0,sin_ocultamiento,PNA,,Video completo sin ocultamiento,DCSASS__Shoplifting015_x264__Shoplifting015_x264_3.mp4,2.0,4.0,-2.0,False,True,True,
DCSASS,Shoplifting015_x264,Shoplifting015_x264_4.mp4,Shoplifting015_x264_4,0.0,4.0,sin_ocultamiento,PNA,,Video completo sin ocultamiento,DCSASS__Shoplifting015_x264__Shoplifting015_x264_4.mp4,2.0,4.0,-2.0,False,True,True,
DCSASS,Shoplifting015_x264,Shoplifting015_x264_5.mp4,Shoplifting015_x264_5,0.0,4.0,sin_ocultamiento,PNA,,Video completo sin ocultamiento,DCSASS__Shoplifting015_x264__Shoplifting015_x264_5.mp4,2.0,4.0,-2.0,False,True,True,
DCSASS,Shoplifting015_x264,Shoplifting015_x264_6.mp4,Shoplifting015_x264_6,0.0,4.0,sin_ocultamiento,PNA,,Video completo sin ocultamiento,DCSASS__Shoplifting015_x264__Shoplifting015_x264_6.mp4,2.0,4.0,-2.0,False,True,True,
DCSASS,Shoplifting015_x264,Shoplifting015_x264_7.mp4,Shoplifting015_x264_7,0.0,4.0,sin_ocultamiento,PNA,,Video completo sin ocultamiento,DCSASS__Shoplifting015_x264__Shoplifting015_x264_7.mp4,2.0,4.0,-2.0,False,True,True,
DCSASS,Shoplifting015_x264,Shoplifting015_x264_8.mp4,Shoplifting015_x264_8,0.0,4.0,sin_ocultamiento,PNA,,Video completo sin ocultamiento,DCSASS__Shoplifting015_x264__Shoplifting015_x264_8.mp4,2.0,4.0,-2.0,False,True,True,
DCSASS,Shoplifting015_x264,Shoplifting015_x264_9.mp4,Shoplifting015_x264_9,0.0,4.0,sin_ocultamiento,PNA,,Video completo sin ocultamiento,DCSASS__Shoplifting015_x264__Shoplifting015_x264_9.mp4,2.0,4.0,-2.0,False,True,True,
DCSASS,Shoplifting015_x264,Shoplifting015_x264_10.mp4,Shoplifting015_x264_10,0.0,4.0,sin_ocultamiento,PNA,,Video completo sin ocultamiento,DCSASS__Shoplifting015_x264__Shoplifting015_x264_10.mp4,2.0,4.0,-2.0,False,True,True,
DCSASS,Shoplifting015_x264,Shoplifting015_x264_11.mp4,Shoplifting015_x264_11,0.0,4.0,sin_ocultamiento,PNA,,Video completo sin ocultamiento,DCSASS__Shoplifting015_x264__Shoplifting015_x264_11.mp4,2.0,4.0,-2.0,False,True,True,
DCSASS,Shoplifting015_x264,Shoplifting015_x264_12.mp4,Shoplifting015_x264_12,0.0,4.0,sin_ocultamiento,PNA,,Video completo sin ocultamiento,DCSASS__Shoplifting015_x264__Shoplifting015_x264_12.mp4,2.0,4.0,-2.0,False,True,True,
DCSASS,Shoplifting015_x264,Shoplifting015_x264_13.mp4,Shoplifting015_x264_13,0.0,4.0,sin_ocultamiento,PNA,,Video completo sin ocultamiento,DCSASS__Shoplifting015_x264__Shoplifting015_x264_13.mp4,2.0,4.0,-2.0,False,True,True,
DCSASS,Shoplifting015_x264,Shoplifting015_x264_14.mp4,Shoplifting015_x264_14,0.0,4.0,sin_ocultamiento,PNA,,Video completo sin ocultamiento,DCSASS__Shoplifting015_x264__Shoplifting015_x264_14.mp4,2.0,4.0,-2.0,False,True,True,
DCSASS,Shoplifting015_x264,Shoplifting015_x264_15.mp4,Shoplifting015_x264_15,0.0,4.0,sin_ocultamiento,PNA,,Video completo sin ocultamiento,DCSASS__Shoplifting015_x264__Shoplifting015_x264_15.mp4,2.0,4.0,-2.0,False,True,True,
DCSASS,Shoplifting015_x264,Shoplifting015_x264_16.mp4,Shoplifting015_x264_16,0.0,4.0,sin_ocultamiento,PNA,,Video completo sin ocultamiento,DCSASS__Shoplifting015_x264__Shoplifting015_x264_16.mp4,2.0,4.0,-2.0,False,True,True,
DCSASS,Shoplifting015_x264,Shoplifting015_x264_17.mp4,Shoplifting015_x264_17,0.0,4.0,sin_ocultamiento,PNA,,Video completo sin ocultamiento,DCSASS__Shoplifting015_x264__Shoplifting015_x264_17.mp4,2.0,4.0,-2.0,False,True,True,
DCSASS,Shoplifting015_x264,Shoplifting015_x264_18.mp4,Shoplifting015_x264_18,0.0,4.0,sin_ocultamiento,PNA,,Video completo sin ocultamiento,DCSASS__Shoplifting015_x264__Shoplifting015_x264_18.mp4,2.0,4.0,-2.0,False,True,True,
DCSASS,Shoplifting015_x264,Shoplifting015_x264_19.mp4,Shoplifting015_x264_19,0.0,4.0,sin_ocultamiento,PNA,,Video completo sin ocultamiento,DCSASS__Shoplifting015_x264__Shoplifting015_x264_19.mp4,2.0,4.0,-2.0,False,True,True,
DCSASS,Shoplifting015_x264,Shoplifting015_x264_20.mp4,Shoplifting015_x264_20,0.0,4.0,sin_ocultamiento,PNA,,Video completo sin ocultamiento,DCSASS__Shoplifting015_x264__Shoplifting015_x264_20.mp4,2.0,4.0,-2.0,False,True,True,
DCSASS,Shoplifting015_x264,Shoplifting015_x264_21.mp4,Shoplifting015_x264_21,0.0,4.0,sin_ocultamiento,PNA,,Video completo sin ocultamiento,DCSASS__Shoplifting015_x264__Shoplifting015_x264_21.mp4,2.0,4.0,-2.0,False,True,True,
DCSASS,Shoplifting015_x264,Shoplifting015_x264_22.mp4,Shoplifting015_x264_22,0.0,4.0,sin_ocultamiento,PNA,,Video completo sin ocultamiento,DCSASS__Shoplifting015_x264__Shoplifting015_x264_22.mp4,2.0,4.0,-2.0,False,True,True,
DCSASS,Shoplifting015_x264,Shoplifting015_x264_23.mp4,Shoplifting015_x264_23,0.0,4.0,sin_ocultamiento,PNA,,Video completo sin ocultamiento,DCSASS__Shoplifting015_x264__Shoplifting015_x264_23.mp4,2.0,4.0,-2.0,False,True,True,
DCSASS,Shoplifting015_x264,Shoplifting015_x264_24.mp4,Shoplifting015_x264_24,0.0,4.0,sin_ocultamiento,PNA,,Video completo sin ocultamiento,DCSASS__Shoplifting015_x264__Shoplifting015_x264_24.mp4,2.0,4.0,-2.0,False,True,True,
DCSASS,Shoplifting015_x264,Shoplifting015_x264_25.mp4,Shoplifting015_x264_25,0.0,4.0,sin_ocultamiento,PNA,,Video completo sin ocultamiento,DCSASS__Shoplifting015_x264__Shoplifting015_x264_25.mp4,2.0,4.0,-2.0,False,True,True,
DCSASS,Shoplifting015_x264,Shoplifting015_x264_26.mp4,Shoplifting015_x264_26,0.0,4.0,sin_ocultamiento,PNA,,Video completo sin ocultamiento,DCSASS__Shoplifting015_x264__Shoplifting015_x264_26.mp4,2.0,4.0,-2.0,False,True,True,
DCSASS,Shoplifting015_x264,Shoplifting015_x264_27.mp4,Shoplifting015_x264_27,0.0,4.0,sin_ocultamiento,PNA,,Video completo sin ocultamiento,DCSASS__Shoplifting015_x264__Shoplifting015_x264_27.mp4,2.0,4.0,-2.0,False,True,True,
DCSASS,Shoplifting015_x264,Shoplifting015_x264_28.mp4,Shoplifting015_x264_28,0.0,4.0,sin_ocultamiento,PNA,,Video completo sin ocultamiento,DCSASS__Shoplifting015_x264__Shoplifting015_x264_28.mp4,2.0,4.0,-2.0,False,True,True,
DCSASS,Shoplifting015_x264,Shoplifting015_x264_29.mp4,Shoplifting015_x264_29,0.0,4.0,sin_ocultamiento,PNA,,Video completo sin ocultamiento,DCSASS__Shoplifting015_x264__Shoplifting015_x264_29.mp4,2.0,4.0,-2.0,False,True,True,
DCSASS,Shoplifting015_x264,Shoplifting015_x264_30.mp4,Shoplifting015_x264_30,0.0,4.0,sin_ocultamiento,PNA,,Video completo sin ocultamiento,DCSASS__Shoplifting015_x264__Shoplifting015_x264_30.mp4,2.0,4.0,-2.0,False,True,True,
DCSASS,Shoplifting015_x264,Shoplifting015_x264_31.mp4,Shoplifting015_x264_31,0.0,4.0,sin_ocultamiento,PNA,,Video completo sin ocultamiento,DCSASS__Shoplifting015_x264__Shoplifting015_x264_31.mp4,2.0,4.0,-2.0,False,True,True,
DCSASS,Shoplifting016_x264,Shoplifting016_x264_0.mp4,Shoplifting016_x264_0,0.0,4.0,sin_ocultamiento,P016_1,,,DCSASS__Shoplifting016_x264__Shoplifting016_x264_0.mp4,1.0,4.0,-3.0,False,True,True,
DCSASS,Shoplifting016_x264,Shoplifting016_x264_1.mp4,Shoplifting016_x264_1,0.0,4.0,sin_ocultamiento,P016_1,,,DCSASS__Shoplifting016_x264__Shoplifting016_x264_1.mp4,1.0,4.0,-3.0,False,True,True,
DCSASS,Shoplifting016_x264,Shoplifting016_x264_2.mp4,Shoplifting016_x264_2,0.0,4.0,sin_ocultamiento,P016_1,,,DCSASS__Shoplifting016_x264__Shoplifting016_x264_2.mp4,1.0,4.0,-3.0,False,True,True,
DCSASS,Shoplifting016_x264,Shoplifting016_x264_3.mp4,Shoplifting016_x264_3,0.0,4.0,sin_ocultamiento,P016_1,,,DCSASS__Shoplifting016_x264__Shoplifting016_x264_3.mp4,1.0,4.0,-3.0,False,True,True,
DCSASS,Shoplifting016_x264,Shoplifting016_x264_4.mp4,Shoplifting016_x264_4,0.0,4.0,sin_ocultamiento,P016_1,,,DCSASS__Shoplifting016_x264__Shoplifting016_x264_4.mp4,1.0,4.0,-3.0,False,True,True,
DCSASS,Shoplifting016_x264,Shoplifting016_x264_5.mp4,Shoplifting016_x264_5,0.0,4.0,sin_ocultamiento,P016_1,,,DCSASS__Shoplifting016_x264__Shoplifting016_x264_5.mp4,1.0,4.0,-3.0,False,True,True,
DCSASS,Shoplifting016_x264,Shoplifting016_x264_6.mp4,Shoplifting016_x264_6,0.0,4.0,sin_ocultamiento,P016_1,,,DCSASS__Shoplifting016_x264__Shoplifting016_x264_6.mp4,1.0,4.0,-3.0,False,True,True,
DCSASS,Shoplifting016_x264,Shoplifting016_x264_7.mp4,Shoplifting016_x264_7,0.0,4.0,sin_ocultamiento,P016_1,,,DCSASS__Shoplifting016_x264__Shoplifting016_x264_7.mp4,1.0,4.0,-3.0,False,True,True,
DCSASS,Shoplifting016_x264,Shoplifting016_x264_8.mp4,Shoplifting016_x264_8,0.0,4.0,sin_ocultamiento,P016_1,,,DCSASS__Shoplifting016_x264__Shoplifting016_x264_8.mp4,1.0,4.0,-3.0,False,True,True,
DCSASS,Shoplifting016_x264,Shoplifting016_x264_9.mp4,Shoplifting016_x264_9,0.0,4.0,sin_ocultamiento,P016_1,,,DCSASS__Shoplifting016_x264__Shoplifting016_x264_9.mp4,1.0,4.0,-3.0,False,True,True,
DCSASS,Shoplifting016_x264,Shoplifting016_x264_10.mp4,Shoplifting016_x264_10,0.0,4.0,sin_ocultamiento,P016_1,,,DCSASS__Shoplifting016_x264__Shoplifting016_x264_10.mp4,1.0,4.0,-3.0,False,True,True,
DCSASS,Shoplifting016_x264,Shoplifting016_x264_11.mp4,Shoplifting016_x264_11,0.0,4.0,sin_ocultamiento,P016_1,,,DCSASS__Shoplifting016_x264__Shoplifting016_x264_11.mp4,1.0,4.0,-3.0,False,True,True,
DCSASS,Shoplifting016_x264,Shoplifting016_x264_12.mp4,Shoplifting016_x264_12,0.0,4.0,sin_ocultamiento,P016_1,,,DCSASS__Shoplifting016_x264__Shoplifting016_x264_12.mp4,1.0,4.0,-3.0,False,True,True,
DCSASS,Shoplifting016_x264,Shoplifting016_x264_13.mp4,Shoplifting016_x264_13,0.0,4.0,sin_ocultamiento,P016_1,,,DCSASS__Shoplifting016_x264__Shoplifting016_x264_13.mp4,1.0,4.0,-3.0,False,True,True,
DCSASS,Shoplifting016_x264,Shoplifting016_x264_14.mp4,Shoplifting016_x264_14,0.0,4.0,sin_ocultamiento,P016_1,,,DCSASS__Shoplifting016_x264__Shoplifting016_x264_14.mp4,1.0,4.0,-3.0,False,True,True,
DCSASS,Shoplifting016_x264,Shoplifting016_x264_15.mp4,Shoplifting016_x264_15,0.0,4.0,sin_ocultamiento,P016_1,,,DCSASS__Shoplifting016_x264__Shoplifting016_x264_15.mp4,1.0,4.0,-3.0,False,True,True,
DCSASS,Shoplifting016_x264,Shoplifting016_x264_16.mp4,Shoplifting016_x264_16,0.0,4.0,sin_ocultamiento,P016_1,,,DCSASS__Shoplifting016_x264__Shoplifting016_x264_16.mp4,1.0,4.0,-3.0,False,True,True,
DCSASS,Shoplifting016_x264,Shoplifting016_x264_17.mp4,Shoplifting016_x264_17,0.0,4.0,sin_ocultamiento,P016_1,,,DCSASS__Shoplifting016_x264__Shoplifting016_x264_17.mp4,1.0,4.0,-3.0,False,True,True,
DCSASS,Shoplifting016_x264,Shoplifting016_x264_18.mp4,Shoplifting016_x264_18,0.0,4.0,sin_ocultamiento,P016_1,,,DCSASS__Shoplifting016_x264__Shoplifting016_x264_18.mp4,1.0,4.0,-3.0,False,True,True,
DCSASS,Shoplifting016_x264,Shoplifting016_x264_19.mp4,Shoplifting016_x264_19,0.0,4.0,sin_ocultamiento,P016_1,,,DCSASS__Shoplifting016_x264__Shoplifting016_x264_19.mp4,1.0,4.0,-3.0,False,True,True,
DCSASS,Shoplifting016_x264,Shoplifting016_x264_20.mp4,Shoplifting016_x264_20,0.0,4.0,sin_ocultamiento,P016_1,,,DCSASS__Shoplifting016_x264__Shoplifting016_x264_20.mp4,1.0,4.0,-3.0,False,True,True,
DCSASS,Shoplifting016_x264,Shoplifting016_x264_21.mp4,Shoplifting016_x264_21,0.0,4.0,ocultamiento,P016_1,,,DCSASS__Shoplifting016_x264__Shoplifting016_x264_21.mp4,1.0,4.0,-3.0,False,True,True,
DCSASS,Shoplifting016_x264,Shoplifting016_x264_22.mp4,Shoplifting016_x264_22,0.0,4.0,ocultamiento,P016_1,,,DCSASS__Shoplifting016_x264__Shoplifting016_x264_22.mp4,1.0,4.0,-3.0,False,True,True,
DCSASS,Shoplifting016_x264,Shoplifting016_x264_23.mp4,Shoplifting016_x264_23,0.0,4.0,ocultamiento,P016_1,,,DCSASS__Shoplifting016_x264__Shoplifting016_x264_23.mp4,1.0,4.0,-3.0,False,True,True,
DCSASS,Shoplifting016_x264,Shoplifting016_x264_24.mp4,Shoplifting016_x264_24,0.0,4.0,sin_ocultamiento,P016_1,,,DCSASS__Shoplifting016_x264__Shoplifting016_x264_24.mp4,1.0,4.0,-3.0,False,True,True,
DCSASS,Shoplifting016_x264,Shoplifting016_x264_25.mp4,Shoplifting016_x264_25,0.0,4.0,sin_ocultamiento,P016_1,,,DCSASS__Shoplifting016_x264__Shoplifting016_x264_25.mp4,1.0,4.0,-3.0,False,True,True,
DCSASS,Shoplifting016_x264,Shoplifting016_x264_26.mp4,Shoplifting016_x264_26,0.0,4.0,sin_ocultamiento,P016_1,,,DCSASS__Shoplifting016_x264__Shoplifting016_x264_26.mp4,1.0,4.0,-3.0,False,True,True,
DCSASS,Shoplifting016_x264,Shoplifting016_x264_27.mp4,Shoplifting016_x264_27,0.0,4.0,sin_ocultamiento,P016_1,,,DCSASS__Shoplifting016_x264__Shoplifting016_x264_27.mp4,1.0,4.0,-3.0,False,True,True,
DCSASS,Shoplifting016_x264,Shoplifting016_x264_28.mp4,Shoplifting016_x264_28,0.0,4.0,sin_ocultamiento,P016_1,,,DCSASS__Shoplifting016_x264__Shoplifting016_x264_28.mp4,1.0,4.0,-3.0,False,True,True,
DCSASS,Shoplifting016_x264,Shoplifting016_x264_29.mp4,Shoplifting016_x264_29,0.0,4.0,sin_ocultamiento,P016_1,,,DCSASS__Shoplifting016_x264__Shoplifting016_x264_29.mp4,1.0,4.0,-3.0,False,True,True,
DCSASS,Shoplifting016_x264,Shoplifting016_x264_30.mp4,Shoplifting016_x264_30,0.0,4.0,sin_ocultamiento,P016_1,,,DCSASS__Shoplifting016_x264__Shoplifting016_x264_30.mp4,1.0,4.0,-3.0,False,True,True,
DCSASS,Shoplifting016_x264,Shoplifting016_x264_31.mp4,Shoplifting016_x264_31,0.0,4.0,sin_ocultamiento,P016_1,,,DCSASS__Shoplifting016_x264__Shoplifting016_x264_31.mp4,1.0,4.0,-3.0,False,True,True,
DCSASS,Shoplifting018_x264,Shoplifting018_x264_0.mp4,Shoplifting018_x264_0,0.0,4.0,sin_ocultamiento,P018_1,,,DCSASS__Shoplifting018_x264__Shoplifting018_x264_0.mp4,2.0,4.0,-2.0,False,True,True,
DCSASS,Shoplifting018_x264,Shoplifting018_x264_1.mp4,Shoplifting018_x264_1,0.0,4.0,sin_ocultamiento,P018_1,,,DCSASS__Shoplifting018_x264__Shoplifting018_x264_1.mp4,2.0,4.0,-2.0,False,True,True,
DCSASS,Shoplifting018_x264,Shoplifting018_x264_3.mp4,Shoplifting018_x264_3,0.0,4.0,sin_ocultamiento,P018_1,,,DCSASS__Shoplifting018_x264__Shoplifting018_x264_3.mp4,2.0,4.0,-2.0,False,True,True,
DCSASS,Shoplifting018_x264,Shoplifting018_x264_4.mp4,Shoplifting018_x264_4,0.0,4.0,sin_ocultamiento,P018_1,,,DCSASS__Shoplifting018_x264__Shoplifting018_x264_4.mp4,2.0,4.0,-2.0,False,True,True,
DCSASS,Shoplifting018_x264,Shoplifting018_x264_6.mp4,Shoplifting018_x264_6,0.0,4.0,ocultamiento,P018_1,,,DCSASS__Shoplifting018_x264__Shoplifting018_x264_6.mp4,2.0,4.0,-2.0,False,True,True,
DCSASS,Shoplifting018_x264,Shoplifting018_x264_7.mp4,Shoplifting018_x264_7,0.0,4.0,ocultamiento,P018_1,,,DCSASS__Shoplifting018_x264__Shoplifting018_x264_7.mp4,2.0,4.0,-2.0,False,True,True,
DCSASS,Shoplifting018_x264,Shoplifting018_x264_8.mp4,Shoplifting018_x264_8,0.0,4.0,ocultamiento,P018_1,,,DCSASS__Shoplifting018_x264__Shoplifting018_x264_8.mp4,2.0,4.0,-2.0,False,True,True,
DCSASS,Shoplifting018_x264,Shoplifting018_x264_10.mp4,Shoplifting018_x264_10,0.0,4.0,ocultamiento,P018_1,,,DCSASS__Shoplifting018_x264__Shoplifting018_x264_10.mp4,2.0,4.0,-2.0,False,True,True,
DCSASS,Shoplifting018_x264,Shoplifting018_x264_13.mp4,Shoplifting018_x264_13,0.0,4.0,sin_ocultamiento,P018_1,,,DCSASS__Shoplifting018_x264__Shoplifting018_x264_13.mp4,2.0,4.0,-2.0,False,True,True,
DCSASS,Shoplifting018_x264,Shoplifting018_x264_15.mp4,Shoplifting018_x264_15,0.0,4.0,sin_ocultamiento,P018_1,,,DCSASS__Shoplifting018_x264__Shoplifting018_x264_15.mp4,2.0,4.0,-2.0,False,True,True,
DCSASS,Shoplifting018_x264,Shoplifting018_x264_19.mp4,Shoplifting018_x264_19,0.0,4.0,sin_ocultamiento,P018_1,,,DCSASS__Shoplifting018_x264__Shoplifting018_x264_19.mp4,2.0,4.0,-2.0,False,True,True,
DCSASS,Shoplifting018_x264,Shoplifting018_x264_21.mp4,Shoplifting018_x264_21,0.0,4.0,ocultamiento,P018_1,,,DCSASS__Shoplifting018_x264__Shoplifting018_x264_21.mp4,2.0,4.0,-2.0,False,True,True,
DCSASS,Shoplifting018_x264,Shoplifting018_x264_22.mp4,Shoplifting018_x264_22,0.0,4.0,ocultamiento,P018_1,,,DCSASS__Shoplifting018_x264__Shoplifting018_x264_22.mp4,2.0,4.0,-2.0,False,True,True,
DCSASS,Shoplifting018_x264,Shoplifting018_x264_23.mp4,Shoplifting018_x264_23,0.0,4.0,ocultamiento,P018_1,,,DCSASS__Shoplifting018_x264__Shoplifting018_x264_23.mp4,2.0,4.0,-2.0,False,True,True,
DCSASS,Shoplifting018_x264,Shoplifting018_x264_24.mp4,Shoplifting018_x264_24,0.0,4.0,ocultamiento,P018_1,,,DCSASS__Shoplifting018_x264__Shoplifting018_x264_24.mp4,2.0,4.0,-2.0,False,True,True,
DCSASS,Shoplifting018_x264,Shoplifting018_x264_29.mp4,Shoplifting018_x264_29,0.0,4.0,sin_ocultamiento,P018_1,,,DCSASS__Shoplifting018_x264__Shoplifting018_x264_29.mp4,2.0,4.0,-2.0,False,True,True,
DCSASS,Shoplifting018_x264,Shoplifting018_x264_31.mp4,Shoplifting018_x264_31,0.0,4.0,sin_ocultamiento,P018_1,,,DCSASS__Shoplifting018_x264__Shoplifting018_x264_31.mp4,2.0,4.0,-2.0,False,True,True,
DCSASS,Shoplifting021_x264,Shoplifting021_x264_0.mp4,Shoplifting021_x264_0,0.0,4.0,sin_ocultamiento,P021_1,,,DCSASS__Shoplifting021_x264__Shoplifting021_x264_0.mp4,3.0,4.0,-1.0,False,True,True,
DCSASS,Shoplifting021_x264,Shoplifting021_x264_1.mp4,Shoplifting021_x264_1,0.0,4.0,sin_ocultamiento,P021_1,,,DCSASS__Shoplifting021_x264__Shoplifting021_x264_1.mp4,3.0,4.0,-1.0,False,True,True,
DCSASS,Shoplifting021_x264,Shoplifting021_x264_2.mp4,Shoplifting021_x264_2,0.0,4.0,sin_ocultamiento,P021_1,,,DCSASS__Shoplifting021_x264__Shoplifting021_x264_2.mp4,3.0,4.0,-1.0,False,True,True,
DCSASS,Shoplifting021_x264,Shoplifting021_x264_3.mp4,Shoplifting021_x264_3,0.0,4.0,sin_ocultamiento,P021_1,,,DCSASS__Shoplifting021_x264__Shoplifting021_x264_3.mp4,3.0,4.0,-1.0,False,True,True,
DCSASS,Shoplifting021_x264,Shoplifting021_x264_4.mp4,Shoplifting021_x264_4,0.0,4.0,sin_ocultamiento,P021_1,,,DCSASS__Shoplifting021_x264__Shoplifting021_x264_4.mp4,3.0,4.0,-1.0,False,True,True,
DCSASS,Shoplifting021_x264,Shoplifting021_x264_5.mp4,Shoplifting021_x264_5,0.0,4.0,sin_ocultamiento,P021_1,,,DCSASS__Shoplifting021_x264__Shoplifting021_x264_5.mp4,3.0,4.0,-1.0,False,True,True,
DCSASS,Shoplifting021_x264,Shoplifting021_x264_6.mp4,Shoplifting021_x264_6,0.0,4.0,sin_ocultamiento,P021_1,,,DCSASS__Shoplifting021_x264__Shoplifting021_x264_6.mp4,3.0,4.0,-1.0,False,True,True,
DCSASS,Shoplifting021_x264,Shoplifting021_x264_7.mp4,Shoplifting021_x264_7,0.0,4.0,sin_ocultamiento,P021_1,,,DCSASS__Shoplifting021_x264__Shoplifting021_x264_7.mp4,3.0,4.0,-1.0,False,True,True,
DCSASS,Shoplifting021_x264,Shoplifting021_x264_8.mp4,Shoplifting021_x264_8,0.0,4.0,sin_ocultamiento,P021_1,,,DCSASS__Shoplifting021_x264__Shoplifting021_x264_8.mp4,3.0,4.0,-1.0,False,True,True,
DCSASS,Shoplifting021_x264,Shoplifting021_x264_9.mp4,Shoplifting021_x264_9,0.0,4.0,sin_ocultamiento,P021_1,,,DCSASS__Shoplifting021_x264__Shoplifting021_x264_9.mp4,3.0,4.0,-1.0,False,True,True,
DCSASS,Shoplifting021_x264,Shoplifting021_x264_10.mp4,Shoplifting021_x264_10,0.0,4.0,sin_ocultamiento,P021_1,,,DCSASS__Shoplifting021_x264__Shoplifting021_x264_10.mp4,3.0,4.0,-1.0,False,True,True,
DCSASS,Shoplifting021_x264,Shoplifting021_x264_11.mp4,Shoplifting021_x264_11,0.0,4.0,sin_ocultamiento,P021_1,,,DCSASS__Shoplifting021_x264__Shoplifting021_x264_11.mp4,3.0,4.0,-1.0,False,True,True,
DCSASS,Shoplifting021_x264,Shoplifting021_x264_12.mp4,Shoplifting021_x264_12,0.0,4.0,sin_ocultamiento,P021_1,,,DCSASS__Shoplifting021_x264__Shoplifting021_x264_12.mp4,3.0,4.0,-1.0,False,True,True,
DCSASS,Shoplifting021_x264,Shoplifting021_x264_13.mp4,Shoplifting021_x264_13,0.0,4.0,sin_ocultamiento,P021_1,,,DCSASS__Shoplifting021_x264__Shoplifting021_x264_13.mp4,3.0,4.0,-1.0,False,True,True,
DCSASS,Shoplifting021_x264,Shoplifting021_x264_14.mp4,Shoplifting021_x264_14,0.0,4.0,sin_ocultamiento,P021_1,,,DCSASS__Shoplifting021_x264__Shoplifting021_x264_14.mp4,3.0,4.0,-1.0,False,True,True,
DCSASS,Shoplifting021_x264,Shoplifting021_x264_15.mp4,Shoplifting021_x264_15,0.0,4.0,sin_ocultamiento,P021_1,,,DCSASS__Shoplifting021_x264__Shoplifting021_x264_15.mp4,3.0,4.0,-1.0,False,True,True,
DCSASS,Shoplifting021_x264,Shoplifting021_x264_16.mp4,Shoplifting021_x264_16,0.0,4.0,sin_ocultamiento,P021_1,,,DCSASS__Shoplifting021_x264__Shoplifting021_x264_16.mp4,3.0,4.0,-1.0,False,True,True,
DCSASS,Shoplifting021_x264,Shoplifting021_x264_17.mp4,Shoplifting021_x264_17,0.0,4.0,sin_ocultamiento,P021_1,,,DCSASS__Shoplifting021_x264__Shoplifting021_x264_17.mp4,3.0,4.0,-1.0,False,True,True,
DCSASS,Shoplifting021_x264,Shoplifting021_x264_18.mp4,Shoplifting021_x264_18,0.0,4.0,sin_ocultamiento,P021_1,,,DCSASS__Shoplifting021_x264__Shoplifting021_x264_18.mp4,3.0,4.0,-1.0,False,True,True,
DCSASS,Shoplifting021_x264,Shoplifting021_x264_19.mp4,Shoplifting021_x264_19,0.0,4.0,sin_ocultamiento,P021_1,,,DCSASS__Shoplifting021_x264__Shoplifting021_x264_19.mp4,3.0,4.0,-1.0,False,True,True,
DCSASS,Shoplifting021_x264,Shoplifting021_x264_20.mp4,Shoplifting021_x264_20,0.0,4.0,sin_ocultamiento,P021_1,,,DCSASS__Shoplifting021_x264__Shoplifting021_x264_20.mp4,3.0,4.0,-1.0,False,True,True,
DCSASS,Shoplifting021_x264,Shoplifting021_x264_21.mp4,Shoplifting021_x264_21,0.0,4.0,sin_ocultamiento,P021_1,,,DCSASS__Shoplifting021_x264__Shoplifting021_x264_21.mp4,3.0,4.0,-1.0,False,True,True,
DCSASS,Shoplifting021_x264,Shoplifting021_x264_22.mp4,Shoplifting021_x264_22,0.0,4.0,sin_ocultamiento,P021_1,,,DCSASS__Shoplifting021_x264__Shoplifting021_x264_22.mp4,3.0,4.0,-1.0,False,True,True,
DCSASS,Shoplifting021_x264,Shoplifting021_x264_23.mp4,Shoplifting021_x264_23,0.0,4.0,ocultamiento,P021_1,,,DCSASS__Shoplifting021_x264__Shoplifting021_x264_23.mp4,3.0,4.0,-1.0,False,True,True,
DCSASS,Shoplifting021_x264,Shoplifting021_x264_24.mp4,Shoplifting021_x264_24,0.0,4.0,ocultamiento,P021_1,,,DCSASS__Shoplifting021_x264__Shoplifting021_x264_24.mp4,3.0,4.0,-1.0,False,True,True,
DCSASS,Shoplifting021_x264,Shoplifting021_x264_25.mp4,Shoplifting021_x264_25,0.0,4.0,sin_ocultamiento,P021_1,,,DCSASS__Shoplifting021_x264__Shoplifting021_x264_25.mp4,3.0,4.0,-1.0,False,True,True,
DCSASS,Shoplifting021_x264,Shoplifting021_x264_26.mp4,Shoplifting021_x264_26,0.0,4.0,sin_ocultamiento,P021_1,,,DCSASS__Shoplifting021_x264__Shoplifting021_x264_26.mp4,3.0,4.0,-1.0,False,True,True,
DCSASS,Shoplifting021_x264,Shoplifting021_x264_27.mp4,Shoplifting021_x264_27,0.0,4.0,sin_ocultamiento,P021_1,,,DCSASS__Shoplifting021_x264__Shoplifting021_x264_27.mp4,3.0,4.0,-1.0,False,True,True,
DCSASS,Shoplifting021_x264,Shoplifting021_x264_28.mp4,Shoplifting021_x264_28,0.0,4.0,sin_ocultamiento,P021_1,,,DCSASS__Shoplifting021_x264__Shoplifting021_x264_28.mp4,3.0,4.0,-1.0,False,True,True,
DCSASS,Shoplifting021_x264,Shoplifting021_x264_29.mp4,Shoplifting021_x264_29,0.0,4.0,sin_ocultamiento,P021_1,,,DCSASS__Shoplifting021_x264__Shoplifting021_x264_29.mp4,3.0,4.0,-1.0,False,True,True,
DCSASS,Shoplifting021_x264,Shoplifting021_x264_30.mp4,Shoplifting021_x264_30,0.0,4.0,sin_ocultamiento,P021_1,,,DCSASS__Shoplifting021_x264__Shoplifting021_x264_30.mp4,3.0,4.0,-1.0,False,True,True,
DCSASS,Shoplifting021_x264,Shoplifting021_x264_31.mp4,Shoplifting021_x264_31,0.0,4.0,sin_ocultamiento,P021_1,,,DCSASS__Shoplifting021_x264__Shoplifting021_x264_31.mp4,3.0,4.0,-1.0,False,True,True,
DCSASS,Shoplifting022_x264,Shoplifting022_x264_0.mp4,Shoplifting022_x264_0,0.0,4.0,sin_ocultamiento,PNA,,,DCSASS__Shoplifting022_x264__Shoplifting022_x264_0.mp4,2.0,4.0,-2.0,False,True,True,
DCSASS,Shoplifting022_x264,Shoplifting022_x264_1.mp4,Shoplifting022_x264_1,0.0,4.0,sin_ocultamiento,PNA,,,DCSASS__Shoplifting022_x264__Shoplifting022_x264_1.mp4,2.0,4.0,-2.0,False,True,True,
DCSASS,Shoplifting022_x264,Shoplifting022_x264_2.mp4,Shoplifting022_x264_2,0.0,4.0,sin_ocultamiento,PNA,,,DCSASS__Shoplifting022_x264__Shoplifting022_x264_2.mp4,2.0,4.0,-2.0,False,True,True,
DCSASS,Shoplifting022_x264,Shoplifting022_x264_3.mp4,Shoplifting022_x264_3,0.0,4.0,sin_ocultamiento,P022_1,,,DCSASS__Shoplifting022_x264__Shoplifting022_x264_3.mp4,2.0,4.0,-2.0,False,True,True,
DCSASS,Shoplifting022_x264,Shoplifting022_x264_4.mp4,Shoplifting022_x264_4,0.0,4.0,sin_ocultamiento,P022_1,,,DCSASS__Shoplifting022_x264__Shoplifting022_x264_4.mp4,2.0,4.0,-2.0,False,True,True,
DCSASS,Shoplifting022_x264,Shoplifting022_x264_5.mp4,Shoplifting022_x264_5,0.0,4.0,ocultamiento,P022_1,,,DCSASS__Shoplifting022_x264__Shoplifting022_x264_5.mp4,2.0,4.0,-2.0,False,True,True,
DCSASS,Shoplifting022_x264,Shoplifting022_x264_6.mp4,Shoplifting022_x264_6,0.0,4.0,ocultamiento,P022_1,,,DCSASS__Shoplifting022_x264__Shoplifting022_x264_6.mp4,2.0,4.0,-2.0,False,True,True,
DCSASS,Shoplifting022_x264,Shoplifting022_x264_7.mp4,Shoplifting022_x264_7,0.0,4.0,sin_ocultamiento,P022_1,,,DCSASS__Shoplifting022_x264__Shoplifting022_x264_7.mp4,2.0,4.0,-2.0,False,True,True,
DCSASS,Shoplifting022_x264,Shoplifting022_x264_8.mp4,Shoplifting022_x264_8,0.0,4.0,sin_ocultamiento,P022_1,,,DCSASS__Shoplifting022_x264__Shoplifting022_x264_8.mp4,2.0,4.0,-2.0,False,True,True,
DCSASS,Shoplifting022_x264,Shoplifting022_x264_9.mp4,Shoplifting022_x264_9,0.0,4.0,sin_ocultamiento,P022_1,,,DCSASS__Shoplifting022_x264__Shoplifting022_x264_9.mp4,2.0,4.0,-2.0,False,True,True,
DCSASS,Shoplifting022_x264,Shoplifting022_x264_10.mp4,Shoplifting022_x264_10,0.0,4.0,sin_ocultamiento,P022_1,,,DCSASS__Shoplifting022_x264__Shoplifting022_x264_10.mp4,2.0,4.0,-2.0,False,True,True,
DCSASS,Shoplifting022_x264,Shoplifting022_x264_11.mp4,Shoplifting022_x264_11,0.0,4.0,sin_ocultamiento,P022_1,,,DCSASS__Shoplifting022_x264__Shoplifting022_x264_11.mp4,2.0,4.0,-2.0,False,True,True,
DCSASS,Shoplifting022_x264,Shoplifting022_x264_12.mp4,Shoplifting022_x264_12,0.0,4.0,sin_ocultamiento,P022_1,,,DCSASS__Shoplifting022_x264__Shoplifting022_x264_12.mp4,2.0,4.0,-2.0,False,True,True,
DCSASS,Shoplifting022_x264,Shoplifting022_x264_13.mp4,Shoplifting022_x264_13,0.0,4.0,sin_ocultamiento,P022_1,,,DCSASS__Shoplifting022_x264__Shoplifting022_x264_13.mp4,2.0,4.0,-2.0,False,True,True,
DCSASS,Shoplifting022_x264,Shoplifting022_x264_14.mp4,Shoplifting022_x264_14,0.0,4.0,sin_ocultamiento,P022_1,,,DCSASS__Shoplifting022_x264__Shoplifting022_x264_14.mp4,2.0,4.0,-2.0,False,True,True,
DCSASS,Shoplifting022_x264,Shoplifting022_x264_15.mp4,Shoplifting022_x264_15,0.0,4.0,sin_ocultamiento,P022_1,,,DCSASS__Shoplifting022_x264__Shoplifting022_x264_15.mp4,2.0,4.0,-2.0,False,True,True,
DCSASS,Shoplifting022_x264,Shoplifting022_x264_16.mp4,Shoplifting022_x264_16,0.0,4.0,sin_ocultamiento,P022_1,,,DCSASS__Shoplifting022_x264__Shoplifting022_x264_16.mp4,2.0,4.0,-2.0,False,True,True,
DCSASS,Shoplifting022_x264,Shoplifting022_x264_17.mp4,Shoplifting022_x264_17,0.0,4.0,sin_ocultamiento,P022_1,,,DCSASS__Shoplifting022_x264__Shoplifting022_x264_17.mp4,2.0,4.0,-2.0,False,True,True,
DCSASS,Shoplifting022_x264,Shoplifting022_x264_18.mp4,Shoplifting022_x264_18,0.0,4.0,sin_ocultamiento,P022_1,,,DCSASS__Shoplifting022_x264__Shoplifting022_x264_18.mp4,2.0,4.0,-2.0,False,True,True,
DCSASS,Shoplifting022_x264,Shoplifting022_x264_19.mp4,Shoplifting022_x264_19,0.0,4.0,sin_ocultamiento,P022_1,,,DCSASS__Shoplifting022_x264__Shoplifting022_x264_19.mp4,2.0,4.0,-2.0,False,True,True,
DCSASS,Shoplifting022_x264,Shoplifting022_x264_20.mp4,Shoplifting022_x264_20,0.0,4.0,sin_ocultamiento,P022_1,,,DCSASS__Shoplifting022_x264__Shoplifting022_x264_20.mp4,2.0,4.0,-2.0,False,True,True,
DCSASS,Shoplifting022_x264,Shoplifting022_x264_21.mp4,Shoplifting022_x264_21,0.0,4.0,sin_ocultamiento,P022_1,,,DCSASS__Shoplifting022_x264__Shoplifting022_x264_21.mp4,2.0,4.0,-2.0,False,True,True,
DCSASS,Shoplifting022_x264,Shoplifting022_x264_22.mp4,Shoplifting022_x264_22,0.0,4.0,sin_ocultamiento,P022_1,,,DCSASS__Shoplifting022_x264__Shoplifting022_x264_22.mp4,2.0,4.0,-2.0,False,True,True,
DCSASS,Shoplifting022_x264,Shoplifting022_x264_23.mp4,Shoplifting022_x264_23,0.0,4.0,sin_ocultamiento,P022_1,,,DCSASS__Shoplifting022_x264__Shoplifting022_x264_23.mp4,2.0,4.0,-2.0,False,True,True,
DCSASS,Shoplifting022_x264,Shoplifting022_x264_24.mp4,Shoplifting022_x264_24,0.0,4.0,sin_ocultamiento,P022_1,,,DCSASS__Shoplifting022_x264__Shoplifting022_x264_24.mp4,2.0,4.0,-2.0,False,True,True,
DCSASS,Shoplifting022_x264,Shoplifting022_x264_25.mp4,Shoplifting022_x264_25,0.0,4.0,sin_ocultamiento,P022_1,,,DCSASS__Shoplifting022_x264__Shoplifting022_x264_25.mp4,2.0,4.0,-2.0,False,True,True,
DCSASS,Shoplifting022_x264,Shoplifting022_x264_26.mp4,Shoplifting022_x264_26,0.0,4.0,sin_ocultamiento,P022_1,,,DCSASS__Shoplifting022_x264__Shoplifting022_x264_26.mp4,2.0,4.0,-2.0,False,True,True,
DCSASS,Shoplifting022_x264,Shoplifting022_x264_27.mp4,Shoplifting022_x264_27,0.0,4.0,sin_ocultamiento,P022_1,,,DCSASS__Shoplifting022_x264__Shoplifting022_x264_27.mp4,2.0,4.0,-2.0,False,True,True,
DCSASS,Shoplifting022_x264,Shoplifting022_x264_28.mp4,Shoplifting022_x264_28,0.0,4.0,sin_ocultamiento,P022_1,,,DCSASS__Shoplifting022_x264__Shoplifting022_x264_28.mp4,2.0,4.0,-2.0,False,True,True,
DCSASS,Shoplifting022_x264,Shoplifting022_x264_29.mp4,Shoplifting022_x264_29,0.0,4.0,sin_ocultamiento,P022_1,,,DCSASS__Shoplifting022_x264__Shoplifting022_x264_29.mp4,2.0,4.0,-2.0,False,True,True,
DCSASS,Shoplifting022_x264,Shoplifting022_x264_30.mp4,Shoplifting022_x264_30,0.0,4.0,sin_ocultamiento,P022_1,,,DCSASS__Shoplifting022_x264__Shoplifting022_x264_30.mp4,2.0,4.0,-2.0,False,True,True,
DCSASS,Shoplifting022_x264,Shoplifting022_x264_31.mp4,Shoplifting022_x264_31,0.0,4.0,sin_ocultamiento,P022_1,,,DCSASS__Shoplifting022_x264__Shoplifting022_x264_31.mp4,2.0,4.0,-2.0,False,True,True,
DCSASS,Shoplifting024_x264,Shoplifting024_x264_0.mp4,Shoplifting024_x264_0,0.0,4.0,sin_ocultamiento,PNA,,Video completo sin ocultamiento,DCSASS__Shoplifting024_x264__Shoplifting024_x264_0.mp4,1.0,4.0,-3.0,False,True,True,
DCSASS,Shoplifting024_x264,Shoplifting024_x264_1.mp4,Shoplifting024_x264_1,0.0,4.0,sin_ocultamiento,PNA,,Video completo sin ocultamiento,DCSASS__Shoplifting024_x264__Shoplifting024_x264_1.mp4,1.0,4.0,-3.0,False,True,True,
DCSASS,Shoplifting024_x264,Shoplifting024_x264_2.mp4,Shoplifting024_x264_2,0.0,4.0,sin_ocultamiento,PNA,,Video completo sin ocultamiento,DCSASS__Shoplifting024_x264__Shoplifting024_x264_2.mp4,1.0,4.0,-3.0,False,True,True,
DCSASS,Shoplifting024_x264,Shoplifting024_x264_3.mp4,Shoplifting024_x264_3,0.0,4.0,sin_ocultamiento,PNA,,Video completo sin ocultamiento,DCSASS__Shoplifting024_x264__Shoplifting024_x264_3.mp4,1.0,4.0,-3.0,False,True,True,
DCSASS,Shoplifting024_x264,Shoplifting024_x264_4.mp4,Shoplifting024_x264_4,0.0,4.0,sin_ocultamiento,PNA,,Video completo sin ocultamiento,DCSASS__Shoplifting024_x264__Shoplifting024_x264_4.mp4,1.0,4.0,-3.0,False,True,True,
DCSASS,Shoplifting024_x264,Shoplifting024_x264_5.mp4,Shoplifting024_x264_5,0.0,4.0,sin_ocultamiento,PNA,,Video completo sin ocultamiento,DCSASS__Shoplifting024_x264__Shoplifting024_x264_5.mp4,1.0,4.0,-3.0,False,True,True,
DCSASS,Shoplifting024_x264,Shoplifting024_x264_6.mp4,Shoplifting024_x264_6,0.0,4.0,sin_ocultamiento,PNA,,Video completo sin ocultamiento,DCSASS__Shoplifting024_x264__Shoplifting024_x264_6.mp4,1.0,4.0,-3.0,False,True,True,
DCSASS,Shoplifting024_x264,Shoplifting024_x264_7.mp4,Shoplifting024_x264_7,0.0,4.0,sin_ocultamiento,PNA,,Video completo sin ocultamiento,DCSASS__Shoplifting024_x264__Shoplifting024_x264_7.mp4,1.0,4.0,-3.0,False,True,True,
DCSASS,Shoplifting024_x264,Shoplifting024_x264_8.mp4,Shoplifting024_x264_8,0.0,4.0,sin_ocultamiento,PNA,,Video completo sin ocultamiento,DCSASS__Shoplifting024_x264__Shoplifting024_x264_8.mp4,1.0,4.0,-3.0,False,True,True,
DCSASS,Shoplifting024_x264,Shoplifting024_x264_9.mp4,Shoplifting024_x264_9,0.0,4.0,sin_ocultamiento,PNA,,Video completo sin ocultamiento,DCSASS__Shoplifting024_x264__Shoplifting024_x264_9.mp4,1.0,4.0,-3.0,False,True,True,
DCSASS,Shoplifting024_x264,Shoplifting024_x264_10.mp4,Shoplifting024_x264_10,0.0,4.0,sin_ocultamiento,PNA,,Video completo sin ocultamiento,DCSASS__Shoplifting024_x264__Shoplifting024_x264_10.mp4,1.0,4.0,-3.0,False,True,True,
DCSASS,Shoplifting024_x264,Shoplifting024_x264_11.mp4,Shoplifting024_x264_11,0.0,4.0,sin_ocultamiento,PNA,,Video completo sin ocultamiento,DCSASS__Shoplifting024_x264__Shoplifting024_x264_11.mp4,1.0,4.0,-3.0,False,True,True,
DCSASS,Shoplifting024_x264,Shoplifting024_x264_12.mp4,Shoplifting024_x264_12,0.0,4.0,sin_ocultamiento,PNA,,Video completo sin ocultamiento,DCSASS__Shoplifting024_x264__Shoplifting024_x264_12.mp4,1.0,4.0,-3.0,False,True,True,
DCSASS,Shoplifting024_x264,Shoplifting024_x264_13.mp4,Shoplifting024_x264_13,0.0,4.0,sin_ocultamiento,PNA,,Video completo sin ocultamiento,DCSASS__Shoplifting024_x264__Shoplifting024_x264_13.mp4,1.0,4.0,-3.0,False,True,True,
DCSASS,Shoplifting024_x264,Shoplifting024_x264_14.mp4,Shoplifting024_x264_14,0.0,4.0,sin_ocultamiento,PNA,,Video completo sin ocultamiento,DCSASS__Shoplifting024_x264__Shoplifting024_x264_14.mp4,1.0,4.0,-3.0,False,True,True,
DCSASS,Shoplifting024_x264,Shoplifting024_x264_15.mp4,Shoplifting024_x264_15,0.0,4.0,sin_ocultamiento,PNA,,Video completo sin ocultamiento,DCSASS__Shoplifting024_x264__Shoplifting024_x264_15.mp4,1.0,4.0,-3.0,False,True,True,
DCSASS,Shoplifting024_x264,Shoplifting024_x264_16.mp4,Shoplifting024_x264_16,0.0,4.0,sin_ocultamiento,PNA,,Video completo sin ocultamiento,DCSASS__Shoplifting024_x264__Shoplifting024_x264_16.mp4,1.0,4.0,-3.0,False,True,True,
DCSASS,Shoplifting024_x264,Shoplifting024_x264_17.mp4,Shoplifting024_x264_17,0.0,4.0,sin_ocultamiento,PNA,,Video completo sin ocultamiento,DCSASS__Shoplifting024_x264__Shoplifting024_x264_17.mp4,1.0,4.0,-3.0,False,True,True,
DCSASS,Shoplifting024_x264,Shoplifting024_x264_18.mp4,Shoplifting024_x264_18,0.0,4.0,sin_ocultamiento,PNA,,Video completo sin ocultamiento,DCSASS__Shoplifting024_x264__Shoplifting024_x264_18.mp4,1.0,4.0,-3.0,False,True,True,
DCSASS,Shoplifting024_x264,Shoplifting024_x264_19.mp4,Shoplifting024_x264_19,0.0,4.0,sin_ocultamiento,PNA,,Video completo sin ocultamiento,DCSASS__Shoplifting024_x264__Shoplifting024_x264_19.mp4,1.0,4.0,-3.0,False,True,True,
DCSASS,Shoplifting024_x264,Shoplifting024_x264_20.mp4,Shoplifting024_x264_20,0.0,4.0,sin_ocultamiento,PNA,,Video completo sin ocultamiento,DCSASS__Shoplifting024_x264__Shoplifting024_x264_20.mp4,1.0,4.0,-3.0,False,True,True,
DCSASS,Shoplifting024_x264,Shoplifting024_x264_21.mp4,Shoplifting024_x264_21,0.0,4.0,sin_ocultamiento,PNA,,Video completo sin ocultamiento,DCSASS__Shoplifting024_x264__Shoplifting024_x264_21.mp4,1.0,4.0,-3.0,False,True,True,
DCSASS,Shoplifting024_x264,Shoplifting024_x264_22.mp4,Shoplifting024_x264_22,0.0,4.0,sin_ocultamiento,PNA,,Video completo sin ocultamiento,DCSASS__Shoplifting024_x264__Shoplifting024_x264_22.mp4,1.0,4.0,-3.0,False,True,True,
DCSASS,Shoplifting024_x264,Shoplifting024_x264_23.mp4,Shoplifting024_x264_23,0.0,4.0,sin_ocultamiento,PNA,,Video completo sin ocultamiento,DCSASS__Shoplifting024_x264__Shoplifting024_x264_23.mp4,1.0,4.0,-3.0,False,True,True,
DCSASS,Shoplifting024_x264,Shoplifting024_x264_24.mp4,Shoplifting024_x264_24,0.0,4.0,sin_ocultamiento,PNA,,Video completo sin ocultamiento,DCSASS__Shoplifting024_x264__Shoplifting024_x264_24.mp4,1.0,4.0,-3.0,False,True,True,
DCSASS,Shoplifting024_x264,Shoplifting024_x264_25.mp4,Shoplifting024_x264_25,0.0,4.0,sin_ocultamiento,PNA,,Video completo sin ocultamiento,DCSASS__Shoplifting024_x264__Shoplifting024_x264_25.mp4,1.0,4.0,-3.0,False,True,True,
DCSASS,Shoplifting024_x264,Shoplifting024_x264_26.mp4,Shoplifting024_x264_26,0.0,4.0,sin_ocultamiento,PNA,,Video completo sin ocultamiento,DCSASS__Shoplifting024_x264__Shoplifting024_x264_26.mp4,1.0,4.0,-3.0,False,True,True,
DCSASS,Shoplifting024_x264,Shoplifting024_x264_27.mp4,Shoplifting024_x264_27,0.0,4.0,sin_ocultamiento,PNA,,Video completo sin ocultamiento,DCSASS__Shoplifting024_x264__Shoplifting024_x264_27.mp4,1.0,4.0,-3.0,False,True,True,
DCSASS,Shoplifting024_x264,Shoplifting024_x264_28.mp4,Shoplifting024_x264_28,0.0,4.0,sin_ocultamiento,PNA,,Video completo sin ocultamiento,DCSASS__Shoplifting024_x264__Shoplifting024_x264_28.mp4,1.0,4.0,-3.0,False,True,True,
DCSASS,Shoplifting024_x264,Shoplifting024_x264_29.mp4,Shoplifting024_x264_29,0.0,4.0,sin_ocultamiento,PNA,,Video completo sin ocultamiento,DCSASS__Shoplifting024_x264__Shoplifting024_x264_29.mp4,1.0,4.0,-3.0,False,True,True,
DCSASS,Shoplifting024_x264,Shoplifting024_x264_30.mp4,Shoplifting024_x264_30,0.0,4.0,sin_ocultamiento,PNA,,Video completo sin ocultamiento,DCSASS__Shoplifting024_x264__Shoplifting024_x264_30.mp4,1.0,4.0,-3.0,False,True,True,
DCSASS,Shoplifting024_x264,Shoplifting024_x264_31.mp4,Shoplifting024_x264_31,0.0,4.0,sin_ocultamiento,PNA,,Video completo sin ocultamiento,DCSASS__Shoplifting024_x264__Shoplifting024_x264_31.mp4,1.0,4.0,-3.0,False,True,True,
DCSASS,Shoplifting025_x264,Shoplifting025_x264_0.mp4,Shoplifting025_x264_0,0.0,4.0,sin_ocultamiento,PNA,,Video completo sin ocultamiento,DCSASS__Shoplifting025_x264__Shoplifting025_x264_0.mp4,1.0,4.0,-3.0,False,True,True,
DCSASS,Shoplifting025_x264,Shoplifting025_x264_1.mp4,Shoplifting025_x264_1,0.0,4.0,sin_ocultamiento,PNA,,Video completo sin ocultamiento,DCSASS__Shoplifting025_x264__Shoplifting025_x264_1.mp4,1.0,4.0,-3.0,False,True,True,
DCSASS,Shoplifting025_x264,Shoplifting025_x264_2.mp4,Shoplifting025_x264_2,0.0,4.0,sin_ocultamiento,PNA,,Video completo sin ocultamiento,DCSASS__Shoplifting025_x264__Shoplifting025_x264_2.mp4,1.0,4.0,-3.0,False,True,True,
DCSASS,Shoplifting025_x264,Shoplifting025_x264_3.mp4,Shoplifting025_x264_3,0.0,4.0,sin_ocultamiento,PNA,,Video completo sin ocultamiento,DCSASS__Shoplifting025_x264__Shoplifting025_x264_3.mp4,1.0,4.0,-3.0,False,True,True,
DCSASS,Shoplifting025_x264,Shoplifting025_x264_4.mp4,Shoplifting025_x264_4,0.0,4.0,sin_ocultamiento,PNA,,Video completo sin ocultamiento,DCSASS__Shoplifting025_x264__Shoplifting025_x264_4.mp4,1.0,4.0,-3.0,False,True,True,
DCSASS,Shoplifting025_x264,Shoplifting025_x264_5.mp4,Shoplifting025_x264_5,0.0,4.0,sin_ocultamiento,PNA,,Video completo sin ocultamiento,DCSASS__Shoplifting025_x264__Shoplifting025_x264_5.mp4,1.0,4.0,-3.0,False,True,True,
DCSASS,Shoplifting025_x264,Shoplifting025_x264_6.mp4,Shoplifting025_x264_6,0.0,4.0,sin_ocultamiento,PNA,,Video completo sin ocultamiento,DCSASS__Shoplifting025_x264__Shoplifting025_x264_6.mp4,1.0,4.0,-3.0,False,True,True,
DCSASS,Shoplifting025_x264,Shoplifting025_x264_7.mp4,Shoplifting025_x264_7,0.0,4.0,sin_ocultamiento,PNA,,Video completo sin ocultamiento,DCSASS__Shoplifting025_x264__Shoplifting025_x264_7.mp4,1.0,4.0,-3.0,False,True,True,
DCSASS,Shoplifting025_x264,Shoplifting025_x264_8.mp4,Shoplifting025_x264_8,0.0,4.0,sin_ocultamiento,PNA,,Video completo sin ocultamiento,DCSASS__Shoplifting025_x264__Shoplifting025_x264_8.mp4,1.0,4.0,-3.0,False,True,True,
DCSASS,Shoplifting025_x264,Shoplifting025_x264_9.mp4,Shoplifting025_x264_9,0.0,4.0,sin_ocultamiento,PNA,,Video completo sin ocultamiento,DCSASS__Shoplifting025_x264__Shoplifting025_x264_9.mp4,1.0,4.0,-3.0,False,True,True,
DCSASS,Shoplifting025_x264,Shoplifting025_x264_10.mp4,Shoplifting025_x264_10,0.0,4.0,sin_ocultamiento,PNA,,Video completo sin ocultamiento,DCSASS__Shoplifting025_x264__Shoplifting025_x264_10.mp4,1.0,4.0,-3.0,False,True,True,
DCSASS,Shoplifting025_x264,Shoplifting025_x264_11.mp4,Shoplifting025_x264_11,0.0,4.0,sin_ocultamiento,PNA,,Video completo sin ocultamiento,DCSASS__Shoplifting025_x264__Shoplifting025_x264_11.mp4,1.0,4.0,-3.0,False,True,True,
DCSASS,Shoplifting025_x264,Shoplifting025_x264_12.mp4,Shoplifting025_x264_12,0.0,4.0,sin_ocultamiento,PNA,,Video completo sin ocultamiento,DCSASS__Shoplifting025_x264__Shoplifting025_x264_12.mp4,1.0,4.0,-3.0,False,True,True,
DCSASS,Shoplifting025_x264,Shoplifting025_x264_13.mp4,Shoplifting025_x264_13,0.0,4.0,sin_ocultamiento,PNA,,Video completo sin ocultamiento,DCSASS__Shoplifting025_x264__Shoplifting025_x264_13.mp4,1.0,4.0,-3.0,False,True,True,
DCSASS,Shoplifting025_x264,Shoplifting025_x264_14.mp4,Shoplifting025_x264_14,0.0,4.0,sin_ocultamiento,PNA,,Video completo sin ocultamiento,DCSASS__Shoplifting025_x264__Shoplifting025_x264_14.mp4,1.0,4.0,-3.0,False,True,True,
DCSASS,Shoplifting025_x264,Shoplifting025_x264_15.mp4,Shoplifting025_x264_15,0.0,4.0,sin_ocultamiento,PNA,,Video completo sin ocultamiento,DCSASS__Shoplifting025_x264__Shoplifting025_x264_15.mp4,1.0,4.0,-3.0,False,True,True,
DCSASS,Shoplifting025_x264,Shoplifting025_x264_16.mp4,Shoplifting025_x264_16,0.0,4.0,sin_ocultamiento,PNA,,Video completo sin ocultamiento,DCSASS__Shoplifting025_x264__Shoplifting025_x264_16.mp4,1.0,4.0,-3.0,False,True,True,
DCSASS,Shoplifting025_x264,Shoplifting025_x264_17.mp4,Shoplifting025_x264_17,0.0,4.0,sin_ocultamiento,PNA,,Video completo sin ocultamiento,DCSASS__Shoplifting025_x264__Shoplifting025_x264_17.mp4,1.0,4.0,-3.0,False,True,True,
DCSASS,Shoplifting025_x264,Shoplifting025_x264_18.mp4,Shoplifting025_x264_18,0.0,4.0,sin_ocultamiento,PNA,,Video completo sin ocultamiento,DCSASS__Shoplifting025_x264__Shoplifting025_x264_18.mp4,1.0,4.0,-3.0,False,True,True,
DCSASS,Shoplifting025_x264,Shoplifting025_x264_19.mp4,Shoplifting025_x264_19,0.0,4.0,sin_ocultamiento,PNA,,Video completo sin ocultamiento,DCSASS__Shoplifting025_x264__Shoplifting025_x264_19.mp4,1.0,4.0,-3.0,False,True,True,
DCSASS,Shoplifting025_x264,Shoplifting025_x264_20.mp4,Shoplifting025_x264_20,0.0,4.0,sin_ocultamiento,PNA,,Video completo sin ocultamiento,DCSASS__Shoplifting025_x264__Shoplifting025_x264_20.mp4,1.0,4.0,-3.0,False,True,True,
DCSASS,Shoplifting025_x264,Shoplifting025_x264_21.mp4,Shoplifting025_x264_21,0.0,4.0,sin_ocultamiento,PNA,,Video completo sin ocultamiento,DCSASS__Shoplifting025_x264__Shoplifting025_x264_21.mp4,1.0,4.0,-3.0,False,True,True,
DCSASS,Shoplifting025_x264,Shoplifting025_x264_22.mp4,Shoplifting025_x264_22,0.0,4.0,sin_ocultamiento,PNA,,Video completo sin ocultamiento,DCSASS__Shoplifting025_x264__Shoplifting025_x264_22.mp4,1.0,4.0,-3.0,False,True,True,
DCSASS,Shoplifting025_x264,Shoplifting025_x264_23.mp4,Shoplifting025_x264_23,0.0,4.0,sin_ocultamiento,PNA,,Video completo sin ocultamiento,DCSASS__Shoplifting025_x264__Shoplifting025_x264_23.mp4,1.0,4.0,-3.0,False,True,True,
DCSASS,Shoplifting025_x264,Shoplifting025_x264_24.mp4,Shoplifting025_x264_24,0.0,4.0,sin_ocultamiento,PNA,,Video completo sin ocultamiento,DCSASS__Shoplifting025_x264__Shoplifting025_x264_24.mp4,1.0,4.0,-3.0,False,True,True,
DCSASS,Shoplifting025_x264,Shoplifting025_x264_25.mp4,Shoplifting025_x264_25,0.0,4.0,sin_ocultamiento,PNA,,Video completo sin ocultamiento,DCSASS__Shoplifting025_x264__Shoplifting025_x264_25.mp4,1.0,4.0,-3.0,False,True,True,
DCSASS,Shoplifting025_x264,Shoplifting025_x264_26.mp4,Shoplifting025_x264_26,0.0,4.0,sin_ocultamiento,PNA,,Video completo sin ocultamiento,DCSASS__Shoplifting025_x264__Shoplifting025_x264_26.mp4,1.0,4.0,-3.0,False,True,True,
DCSASS,Shoplifting025_x264,Shoplifting025_x264_27.mp4,Shoplifting025_x264_27,0.0,4.0,sin_ocultamiento,PNA,,Video completo sin ocultamiento,DCSASS__Shoplifting025_x264__Shoplifting025_x264_27.mp4,1.0,4.0,-3.0,False,True,True,
DCSASS,Shoplifting025_x264,Shoplifting025_x264_28.mp4,Shoplifting025_x264_28,0.0,4.0,sin_ocultamiento,PNA,,Video completo sin ocultamiento,DCSASS__Shoplifting025_x264__Shoplifting025_x264_28.mp4,1.0,4.0,-3.0,False,True,True,
DCSASS,Shoplifting025_x264,Shoplifting025_x264_29.mp4,Shoplifting025_x264_29,0.0,4.0,sin_ocultamiento,PNA,,Video completo sin ocultamiento,DCSASS__Shoplifting025_x264__Shoplifting025_x264_29.mp4,1.0,4.0,-3.0,False,True,True,
DCSASS,Shoplifting025_x264,Shoplifting025_x264_30.mp4,Shoplifting025_x264_30,0.0,4.0,sin_ocultamiento,PNA,,Video completo sin ocultamiento,DCSASS__Shoplifting025_x264__Shoplifting025_x264_30.mp4,1.0,4.0,-3.0,False,True,True,
DCSASS,Shoplifting025_x264,Shoplifting025_x264_31.mp4,Shoplifting025_x264_31,0.0,4.0,sin_ocultamiento,PNA,,Video completo sin ocultamiento,DCSASS__Shoplifting025_x264__Shoplifting025_x264_31.mp4,1.0,4.0,-3.0,False,True,True,
DCSASS,Shoplifting026_x264,Shoplifting026_x264_0.mp4,Shoplifting026_x264_0,0.0,4.0,sin_ocultamiento,P026_1,,,DCSASS__Shoplifting026_x264__Shoplifting026_x264_0.mp4,1.0,4.0,-3.0,False,True,True,
DCSASS,Shoplifting026_x264,Shoplifting026_x264_1.mp4,Shoplifting026_x264_1,0.0,4.0,sin_ocultamiento,P026_1,,,DCSASS__Shoplifting026_x264__Shoplifting026_x264_1.mp4,1.0,4.0,-3.0,False,True,True,
DCSASS,Shoplifting026_x264,Shoplifting026_x264_2.mp4,Shoplifting026_x264_2,0.0,4.0,sin_ocultamiento,P026_1,,,DCSASS__Shoplifting026_x264__Shoplifting026_x264_2.mp4,1.0,4.0,-3.0,False,True,True,
DCSASS,Shoplifting026_x264,Shoplifting026_x264_3.mp4,Shoplifting026_x264_3,0.0,4.0,sin_ocultamiento,P026_1,,,DCSASS__Shoplifting026_x264__Shoplifting026_x264_3.mp4,1.0,4.0,-3.0,False,True,True,
DCSASS,Shoplifting026_x264,Shoplifting026_x264_4.mp4,Shoplifting026_x264_4,0.0,4.0,sin_ocultamiento,P026_1,,,DCSASS__Shoplifting026_x264__Shoplifting026_x264_4.mp4,1.0,4.0,-3.0,False,True,True,
DCSASS,Shoplifting026_x264,Shoplifting026_x264_5.mp4,Shoplifting026_x264_5,0.0,4.0,sin_ocultamiento,P026_1,,,DCSASS__Shoplifting026_x264__Shoplifting026_x264_5.mp4,1.0,4.0,-3.0,False,True,True,
DCSASS,Shoplifting026_x264,Shoplifting026_x264_6.mp4,Shoplifting026_x264_6,0.0,4.0,sin_ocultamiento,P026_1,,,DCSASS__Shoplifting026_x264__Shoplifting026_x264_6.mp4,1.0,4.0,-3.0,False,True,True,
DCSASS,Shoplifting026_x264,Shoplifting026_x264_7.mp4,Shoplifting026_x264_7,0.0,4.0,sin_ocultamiento,P026_1,,,DCSASS__Shoplifting026_x264__Shoplifting026_x264_7.mp4,1.0,4.0,-3.0,False,True,True,
DCSASS,Shoplifting026_x264,Shoplifting026_x264_8.mp4,Shoplifting026_x264_8,0.0,4.0,sin_ocultamiento,P026_1,,,DCSASS__Shoplifting026_x264__Shoplifting026_x264_8.mp4,1.0,4.0,-3.0,False,True,True,
DCSASS,Shoplifting026_x264,Shoplifting026_x264_9.mp4,Shoplifting026_x264_9,0.0,4.0,ocultamiento,P026_1,,,DCSASS__Shoplifting026_x264__Shoplifting026_x264_9.mp4,1.0,4.0,-3.0,False,True,True,
DCSASS,Shoplifting026_x264,Shoplifting026_x264_10.mp4,Shoplifting026_x264_10,0.0,4.0,ocultamiento,P026_1,,,DCSASS__Shoplifting026_x264__Shoplifting026_x264_10.mp4,1.0,4.0,-3.0,False,True,True,
DCSASS,Shoplifting026_x264,Shoplifting026_x264_11.mp4,Shoplifting026_x264_11,0.0,4.0,sin_ocultamiento,P026_1,,,DCSASS__Shoplifting026_x264__Shoplifting026_x264_11.mp4,1.0,4.0,-3.0,False,True,True,
DCSASS,Shoplifting026_x264,Shoplifting026_x264_12.mp4,Shoplifting026_x264_12,0.0,4.0,sin_ocultamiento,P026_1,,,DCSASS__Shoplifting026_x264__Shoplifting026_x264_12.mp4,1.0,4.0,-3.0,False,True,True,
DCSASS,Shoplifting026_x264,Shoplifting026_x264_13.mp4,Shoplifting026_x264_13,0.0,4.0,sin_ocultamiento,P026_1,,,DCSASS__Shoplifting026_x264__Shoplifting026_x264_13.mp4,1.0,4.0,-3.0,False,True,True,
DCSASS,Shoplifting026_x264,Shoplifting026_x264_14.mp4,Shoplifting026_x264_14,0.0,4.0,sin_ocultamiento,P026_1,,,DCSASS__Shoplifting026_x264__Shoplifting026_x264_14.mp4,1.0,4.0,-3.0,False,True,True,
DCSASS,Shoplifting026_x264,Shoplifting026_x264_15.mp4,Shoplifting026_x264_15,0.0,4.0,sin_ocultamiento,P026_1,,,DCSASS__Shoplifting026_x264__Shoplifting026_x264_15.mp4,1.0,4.0,-3.0,False,True,True,
DCSASS,Shoplifting026_x264,Shoplifting026_x264_16.mp4,Shoplifting026_x264_16,0.0,4.0,sin_ocultamiento,P026_1,,,DCSASS__Shoplifting026_x264__Shoplifting026_x264_16.mp4,1.0,4.0,-3.0,False,True,True,
DCSASS,Shoplifting026_x264,Shoplifting026_x264_17.mp4,Shoplifting026_x264_17,0.0,4.0,sin_ocultamiento,P026_1,,,DCSASS__Shoplifting026_x264__Shoplifting026_x264_17.mp4,1.0,4.0,-3.0,False,True,True,
DCSASS,Shoplifting026_x264,Shoplifting026_x264_18.mp4,Shoplifting026_x264_18,0.0,4.0,sin_ocultamiento,P026_1,,,DCSASS__Shoplifting026_x264__Shoplifting026_x264_18.mp4,1.0,4.0,-3.0,False,True,True,
DCSASS,Shoplifting026_x264,Shoplifting026_x264_19.mp4,Shoplifting026_x264_19,0.0,4.0,sin_ocultamiento,P026_1,,,DCSASS__Shoplifting026_x264__Shoplifting026_x264_19.mp4,1.0,4.0,-3.0,False,True,True,
DCSASS,Shoplifting026_x264,Shoplifting026_x264_20.mp4,Shoplifting026_x264_20,0.0,4.0,sin_ocultamiento,P026_1,,,DCSASS__Shoplifting026_x264__Shoplifting026_x264_20.mp4,1.0,4.0,-3.0,False,True,True,
DCSASS,Shoplifting026_x264,Shoplifting026_x264_21.mp4,Shoplifting026_x264_21,0.0,4.0,sin_ocultamiento,P026_1,,,DCSASS__Shoplifting026_x264__Shoplifting026_x264_21.mp4,1.0,4.0,-3.0,False,True,True,
DCSASS,Shoplifting026_x264,Shoplifting026_x264_22.mp4,Shoplifting026_x264_22,0.0,4.0,sin_ocultamiento,P026_1,,,DCSASS__Shoplifting026_x264__Shoplifting026_x264_22.mp4,1.0,4.0,-3.0,False,True,True,
DCSASS,Shoplifting026_x264,Shoplifting026_x264_23.mp4,Shoplifting026_x264_23,0.0,4.0,sin_ocultamiento,P026_1,,,DCSASS__Shoplifting026_x264__Shoplifting026_x264_23.mp4,1.0,4.0,-3.0,False,True,True,
DCSASS,Shoplifting026_x264,Shoplifting026_x264_24.mp4,Shoplifting026_x264_24,0.0,4.0,sin_ocultamiento,P026_1,,,DCSASS__Shoplifting026_x264__Shoplifting026_x264_24.mp4,1.0,4.0,-3.0,False,True,True,
DCSASS,Shoplifting026_x264,Shoplifting026_x264_25.mp4,Shoplifting026_x264_25,0.0,4.0,ocultamiento,P026_1,,,DCSASS__Shoplifting026_x264__Shoplifting026_x264_25.mp4,1.0,4.0,-3.0,False,True,True,
DCSASS,Shoplifting026_x264,Shoplifting026_x264_26.mp4,Shoplifting026_x264_26,0.0,4.0,ocultamiento,P026_1,,,DCSASS__Shoplifting026_x264__Shoplifting026_x264_26.mp4,1.0,4.0,-3.0,False,True,True,
DCSASS,Shoplifting026_x264,Shoplifting026_x264_27.mp4,Shoplifting026_x264_27,0.0,4.0,ocultamiento,P026_1,,,DCSASS__Shoplifting026_x264__Shoplifting026_x264_27.mp4,1.0,4.0,-3.0,False,True,True,
DCSASS,Shoplifting026_x264,Shoplifting026_x264_28.mp4,Shoplifting026_x264_28,0.0,4.0,sin_ocultamiento,P026_1,,,DCSASS__Shoplifting026_x264__Shoplifting026_x264_28.mp4,1.0,4.0,-3.0,False,True,True,
DCSASS,Shoplifting026_x264,Shoplifting026_x264_29.mp4,Shoplifting026_x264_29,0.0,4.0,sin_ocultamiento,P026_1,,,DCSASS__Shoplifting026_x264__Shoplifting026_x264_29.mp4,1.0,4.0,-3.0,False,True,True,
DCSASS,Shoplifting026_x264,Shoplifting026_x264_30.mp4,Shoplifting026_x264_30,0.0,4.0,sin_ocultamiento,P026_1,,,DCSASS__Shoplifting026_x264__Shoplifting026_x264_30.mp4,1.0,4.0,-3.0,False,True,True,
DCSASS,Shoplifting026_x264,Shoplifting026_x264_31.mp4,Shoplifting026_x264_31,0.0,4.0,sin_ocultamiento,P026_1,,,DCSASS__Shoplifting026_x264__Shoplifting026_x264_31.mp4,1.0,4.0,-3.0,False,True,True,
DCSASS,Shoplifting032_x264,Shoplifting032_x264_0.mp4,Shoplifting032_x264_0,0.0,4.0,sin_ocultamiento,PNA,,Video completo sin ocultamiento,DCSASS__Shoplifting032_x264__Shoplifting032_x264_0.mp4,1.0,4.0,-3.0,False,True,True,
DCSASS,Shoplifting032_x264,Shoplifting032_x264_1.mp4,Shoplifting032_x264_1,0.0,4.0,sin_ocultamiento,PNA,,Video completo sin ocultamiento,DCSASS__Shoplifting032_x264__Shoplifting032_x264_1.mp4,1.0,4.0,-3.0,False,True,True,
DCSASS,Shoplifting032_x264,Shoplifting032_x264_2.mp4,Shoplifting032_x264_2,0.0,4.0,sin_ocultamiento,PNA,,Video completo sin ocultamiento,DCSASS__Shoplifting032_x264__Shoplifting032_x264_2.mp4,1.0,4.0,-3.0,False,True,True,
DCSASS,Shoplifting032_x264,Shoplifting032_x264_3.mp4,Shoplifting032_x264_3,0.0,4.0,sin_ocultamiento,PNA,,Video completo sin ocultamiento,DCSASS__Shoplifting032_x264__Shoplifting032_x264_3.mp4,1.0,4.0,-3.0,False,True,True,
DCSASS,Shoplifting032_x264,Shoplifting032_x264_4.mp4,Shoplifting032_x264_4,0.0,4.0,sin_ocultamiento,PNA,,Video completo sin ocultamiento,DCSASS__Shoplifting032_x264__Shoplifting032_x264_4.mp4,1.0,4.0,-3.0,False,True,True,
DCSASS,Shoplifting032_x264,Shoplifting032_x264_5.mp4,Shoplifting032_x264_5,0.0,4.0,sin_ocultamiento,PNA,,Video completo sin ocultamiento,DCSASS__Shoplifting032_x264__Shoplifting032_x264_5.mp4,1.0,4.0,-3.0,False,True,True,
DCSASS,Shoplifting032_x264,Shoplifting032_x264_6.mp4,Shoplifting032_x264_6,0.0,4.0,sin_ocultamiento,PNA,,Video completo sin ocultamiento,DCSASS__Shoplifting032_x264__Shoplifting032_x264_6.mp4,1.0,4.0,-3.0,False,True,True,
DCSASS,Shoplifting032_x264,Shoplifting032_x264_7.mp4,Shoplifting032_x264_7,0.0,4.0,sin_ocultamiento,PNA,,Video completo sin ocultamiento,DCSASS__Shoplifting032_x264__Shoplifting032_x264_7.mp4,1.0,4.0,-3.0,False,True,True,
DCSASS,Shoplifting032_x264,Shoplifting032_x264_8.mp4,Shoplifting032_x264_8,0.0,4.0,sin_ocultamiento,PNA,,Video completo sin ocultamiento,DCSASS__Shoplifting032_x264__Shoplifting032_x264_8.mp4,1.0,4.0,-3.0,False,True,True,
DCSASS,Shoplifting032_x264,Shoplifting032_x264_9.mp4,Shoplifting032_x264_9,0.0,4.0,sin_ocultamiento,PNA,,Video completo sin ocultamiento,DCSASS__Shoplifting032_x264__Shoplifting032_x264_9.mp4,1.0,4.0,-3.0,False,True,True,
DCSASS,Shoplifting032_x264,Shoplifting032_x264_10.mp4,Shoplifting032_x264_10,0.0,4.0,sin_ocultamiento,PNA,,Video completo sin ocultamiento,DCSASS__Shoplifting032_x264__Shoplifting032_x264_10.mp4,1.0,4.0,-3.0,False,True,True,
DCSASS,Shoplifting032_x264,Shoplifting032_x264_11.mp4,Shoplifting032_x264_11,0.0,4.0,sin_ocultamiento,PNA,,Video completo sin ocultamiento,DCSASS__Shoplifting032_x264__Shoplifting032_x264_11.mp4,1.0,4.0,-3.0,False,True,True,
DCSASS,Shoplifting032_x264,Shoplifting032_x264_12.mp4,Shoplifting032_x264_12,0.0,4.0,sin_ocultamiento,PNA,,Video completo sin ocultamiento,DCSASS__Shoplifting032_x264__Shoplifting032_x264_12.mp4,1.0,4.0,-3.0,False,True,True,
DCSASS,Shoplifting032_x264,Shoplifting032_x264_13.mp4,Shoplifting032_x264_13,0.0,4.0,sin_ocultamiento,PNA,,Video completo sin ocultamiento,DCSASS__Shoplifting032_x264__Shoplifting032_x264_13.mp4,1.0,4.0,-3.0,False,True,True,
DCSASS,Shoplifting032_x264,Shoplifting032_x264_14.mp4,Shoplifting032_x264_14,0.0,4.0,sin_ocultamiento,PNA,,Video completo sin ocultamiento,DCSASS__Shoplifting032_x264__Shoplifting032_x264_14.mp4,1.0,4.0,-3.0,False,True,True,
DCSASS,Shoplifting032_x264,Shoplifting032_x264_15.mp4,Shoplifting032_x264_15,0.0,4.0,sin_ocultamiento,PNA,,Video completo sin ocultamiento,DCSASS__Shoplifting032_x264__Shoplifting032_x264_15.mp4,1.0,4.0,-3.0,False,True,True,
DCSASS,Shoplifting032_x264,Shoplifting032_x264_16.mp4,Shoplifting032_x264_16,0.0,4.0,sin_ocultamiento,PNA,,Video completo sin ocultamiento,DCSASS__Shoplifting032_x264__Shoplifting032_x264_16.mp4,1.0,4.0,-3.0,False,True,True,
DCSASS,Shoplifting032_x264,Shoplifting032_x264_17.mp4,Shoplifting032_x264_17,0.0,4.0,sin_ocultamiento,PNA,,Video completo sin ocultamiento,DCSASS__Shoplifting032_x264__Shoplifting032_x264_17.mp4,1.0,4.0,-3.0,False,True,True,
DCSASS,Shoplifting032_x264,Shoplifting032_x264_18.mp4,Shoplifting032_x264_18,0.0,4.0,sin_ocultamiento,PNA,,Video completo sin ocultamiento,DCSASS__Shoplifting032_x264__Shoplifting032_x264_18.mp4,1.0,4.0,-3.0,False,True,True,
DCSASS,Shoplifting032_x264,Shoplifting032_x264_19.mp4,Shoplifting032_x264_19,0.0,4.0,sin_ocultamiento,PNA,,Video completo sin ocultamiento,DCSASS__Shoplifting032_x264__Shoplifting032_x264_19.mp4,1.0,4.0,-3.0,False,True,True,
DCSASS,Shoplifting032_x264,Shoplifting032_x264_20.mp4,Shoplifting032_x264_20,0.0,4.0,sin_ocultamiento,PNA,,Video completo sin ocultamiento,DCSASS__Shoplifting032_x264__Shoplifting032_x264_20.mp4,1.0,4.0,-3.0,False,True,True,
DCSASS,Shoplifting032_x264,Shoplifting032_x264_21.mp4,Shoplifting032_x264_21,0.0,4.0,sin_ocultamiento,PNA,,Video completo sin ocultamiento,DCSASS__Shoplifting032_x264__Shoplifting032_x264_21.mp4,1.0,4.0,-3.0,False,True,True,
DCSASS,Shoplifting032_x264,Shoplifting032_x264_22.mp4,Shoplifting032_x264_22,0.0,4.0,sin_ocultamiento,PNA,,Video completo sin ocultamiento,DCSASS__Shoplifting032_x264__Shoplifting032_x264_22.mp4,1.0,4.0,-3.0,False,True,True,
DCSASS,Shoplifting032_x264,Shoplifting032_x264_23.mp4,Shoplifting032_x264_23,0.0,4.0,sin_ocultamiento,PNA,,Video completo sin ocultamiento,DCSASS__Shoplifting032_x264__Shoplifting032_x264_23.mp4,1.0,4.0,-3.0,False,True,True,
DCSASS,Shoplifting032_x264,Shoplifting032_x264_24.mp4,Shoplifting032_x264_24,0.0,4.0,sin_ocultamiento,PNA,,Video completo sin ocultamiento,DCSASS__Shoplifting032_x264__Shoplifting032_x264_24.mp4,1.0,4.0,-3.0,False,True,True,
DCSASS,Shoplifting032_x264,Shoplifting032_x264_25.mp4,Shoplifting032_x264_25,0.0,4.0,sin_ocultamiento,PNA,,Video completo sin ocultamiento,DCSASS__Shoplifting032_x264__Shoplifting032_x264_25.mp4,1.0,4.0,-3.0,False,True,True,
DCSASS,Shoplifting032_x264,Shoplifting032_x264_26.mp4,Shoplifting032_x264_26,0.0,4.0,sin_ocultamiento,PNA,,Video completo sin ocultamiento,DCSASS__Shoplifting032_x264__Shoplifting032_x264_26.mp4,1.0,4.0,-3.0,False,True,True,
DCSASS,Shoplifting032_x264,Shoplifting032_x264_27.mp4,Shoplifting032_x264_27,0.0,4.0,sin_ocultamiento,PNA,,Video completo sin ocultamiento,DCSASS__Shoplifting032_x264__Shoplifting032_x264_27.mp4,1.0,4.0,-3.0,False,True,True,
DCSASS,Shoplifting032_x264,Shoplifting032_x264_28.mp4,Shoplifting032_x264_28,0.0,4.0,sin_ocultamiento,PNA,,Video completo sin ocultamiento,DCSASS__Shoplifting032_x264__Shoplifting032_x264_28.mp4,1.0,4.0,-3.0,False,True,True,
DCSASS,Shoplifting032_x264,Shoplifting032_x264_29.mp4,Shoplifting032_x264_29,0.0,4.0,sin_ocultamiento,PNA,,Video completo sin ocultamiento,DCSASS__Shoplifting032_x264__Shoplifting032_x264_29.mp4,1.0,4.0,-3.0,False,True,True,
DCSASS,Shoplifting032_x264,Shoplifting032_x264_30.mp4,Shoplifting032_x264_30,0.0,4.0,sin_ocultamiento,PNA,,Video completo sin ocultamiento,DCSASS__Shoplifting032_x264__Shoplifting032_x264_30.mp4,1.0,4.0,-3.0,False,True,True,
DCSASS,Shoplifting032_x264,Shoplifting032_x264_31.mp4,Shoplifting032_x264_31,0.0,4.0,sin_ocultamiento,PNA,,Video completo sin ocultamiento,DCSASS__Shoplifting032_x264__Shoplifting032_x264_31.mp4,1.0,4.0,-3.0,False,True,True,
DCSASS,Shoplifting036_x264,Shoplifting036_x264_0.mp4,Shoplifting036_x264_0,0.0,4.0,sin_ocultamiento,PNA,,Video completo sin ocultamiento,DCSASS__Shoplifting036_x264__Shoplifting036_x264_0.mp4,3.0,4.0,-1.0,False,True,True,
DCSASS,Shoplifting036_x264,Shoplifting036_x264_1.mp4,Shoplifting036_x264_1,0.0,4.0,sin_ocultamiento,PNA,,Video completo sin ocultamiento,DCSASS__Shoplifting036_x264__Shoplifting036_x264_1.mp4,3.0,4.0,-1.0,False,True,True,
DCSASS,Shoplifting036_x264,Shoplifting036_x264_2.mp4,Shoplifting036_x264_2,0.0,4.0,sin_ocultamiento,PNA,,Video completo sin ocultamiento,DCSASS__Shoplifting036_x264__Shoplifting036_x264_2.mp4,3.0,4.0,-1.0,False,True,True,
DCSASS,Shoplifting036_x264,Shoplifting036_x264_3.mp4,Shoplifting036_x264_3,0.0,4.0,sin_ocultamiento,PNA,,Video completo sin ocultamiento,DCSASS__Shoplifting036_x264__Shoplifting036_x264_3.mp4,3.0,4.0,-1.0,False,True,True,
DCSASS,Shoplifting036_x264,Shoplifting036_x264_4.mp4,Shoplifting036_x264_4,0.0,4.0,sin_ocultamiento,PNA,,Video completo sin ocultamiento,DCSASS__Shoplifting036_x264__Shoplifting036_x264_4.mp4,3.0,4.0,-1.0,False,True,True,
DCSASS,Shoplifting036_x264,Shoplifting036_x264_5.mp4,Shoplifting036_x264_5,0.0,4.0,sin_ocultamiento,PNA,,Video completo sin ocultamiento,DCSASS__Shoplifting036_x264__Shoplifting036_x264_5.mp4,3.0,4.0,-1.0,False,True,True,
DCSASS,Shoplifting036_x264,Shoplifting036_x264_6.mp4,Shoplifting036_x264_6,0.0,4.0,sin_ocultamiento,PNA,,Video completo sin ocultamiento,DCSASS__Shoplifting036_x264__Shoplifting036_x264_6.mp4,3.0,4.0,-1.0,False,True,True,
DCSASS,Shoplifting036_x264,Shoplifting036_x264_7.mp4,Shoplifting036_x264_7,0.0,4.0,sin_ocultamiento,PNA,,Video completo sin ocultamiento,DCSASS__Shoplifting036_x264__Shoplifting036_x264_7.mp4,3.0,4.0,-1.0,False,True,True,
DCSASS,Shoplifting036_x264,Shoplifting036_x264_8.mp4,Shoplifting036_x264_8,0.0,4.0,sin_ocultamiento,PNA,,Video completo sin ocultamiento,DCSASS__Shoplifting036_x264__Shoplifting036_x264_8.mp4,3.0,4.0,-1.0,False,True,True,
DCSASS,Shoplifting036_x264,Shoplifting036_x264_9.mp4,Shoplifting036_x264_9,0.0,4.0,sin_ocultamiento,PNA,,Video completo sin ocultamiento,DCSASS__Shoplifting036_x264__Shoplifting036_x264_9.mp4,3.0,4.0,-1.0,False,True,True,
DCSASS,Shoplifting036_x264,Shoplifting036_x264_10.mp4,Shoplifting036_x264_10,0.0,4.0,sin_ocultamiento,PNA,,Video completo sin ocultamiento,DCSASS__Shoplifting036_x264__Shoplifting036_x264_10.mp4,3.0,4.0,-1.0,False,True,True,
DCSASS,Shoplifting036_x264,Shoplifting036_x264_11.mp4,Shoplifting036_x264_11,0.0,4.0,sin_ocultamiento,PNA,,Video completo sin ocultamiento,DCSASS__Shoplifting036_x264__Shoplifting036_x264_11.mp4,3.0,4.0,-1.0,False,True,True,
DCSASS,Shoplifting036_x264,Shoplifting036_x264_12.mp4,Shoplifting036_x264_12,0.0,4.0,sin_ocultamiento,PNA,,Video completo sin ocultamiento,DCSASS__Shoplifting036_x264__Shoplifting036_x264_12.mp4,3.0,4.0,-1.0,False,True,True,
DCSASS,Shoplifting036_x264,Shoplifting036_x264_13.mp4,Shoplifting036_x264_13,0.0,4.0,sin_ocultamiento,PNA,,Video completo sin ocultamiento,DCSASS__Shoplifting036_x264__Shoplifting036_x264_13.mp4,3.0,4.0,-1.0,False,True,True,
DCSASS,Shoplifting036_x264,Shoplifting036_x264_14.mp4,Shoplifting036_x264_14,0.0,4.0,sin_ocultamiento,PNA,,Video completo sin ocultamiento,DCSASS__Shoplifting036_x264__Shoplifting036_x264_14.mp4,3.0,4.0,-1.0,False,True,True,
DCSASS,Shoplifting036_x264,Shoplifting036_x264_15.mp4,Shoplifting036_x264_15,0.0,4.0,sin_ocultamiento,PNA,,Video completo sin ocultamiento,DCSASS__Shoplifting036_x264__Shoplifting036_x264_15.mp4,3.0,4.0,-1.0,False,True,True,
DCSASS,Shoplifting036_x264,Shoplifting036_x264_16.mp4,Shoplifting036_x264_16,0.0,4.0,sin_ocultamiento,PNA,,Video completo sin ocultamiento,DCSASS__Shoplifting036_x264__Shoplifting036_x264_16.mp4,3.0,4.0,-1.0,False,True,True,
DCSASS,Shoplifting036_x264,Shoplifting036_x264_17.mp4,Shoplifting036_x264_17,0.0,4.0,sin_ocultamiento,PNA,,Video completo sin ocultamiento,DCSASS__Shoplifting036_x264__Shoplifting036_x264_17.mp4,3.0,4.0,-1.0,False,True,True,
DCSASS,Shoplifting036_x264,Shoplifting036_x264_18.mp4,Shoplifting036_x264_18,0.0,4.0,sin_ocultamiento,PNA,,Video completo sin ocultamiento,DCSASS__Shoplifting036_x264__Shoplifting036_x264_18.mp4,3.0,4.0,-1.0,False,True,True,
DCSASS,Shoplifting036_x264,Shoplifting036_x264_19.mp4,Shoplifting036_x264_19,0.0,4.0,sin_ocultamiento,PNA,,Video completo sin ocultamiento,DCSASS__Shoplifting036_x264__Shoplifting036_x264_19.mp4,3.0,4.0,-1.0,False,True,True,
DCSASS,Shoplifting036_x264,Shoplifting036_x264_20.mp4,Shoplifting036_x264_20,0.0,4.0,sin_ocultamiento,PNA,,Video completo sin ocultamiento,DCSASS__Shoplifting036_x264__Shoplifting036_x264_20.mp4,3.0,4.0,-1.0,False,True,True,
DCSASS,Shoplifting036_x264,Shoplifting036_x264_21.mp4,Shoplifting036_x264_21,0.0,4.0,sin_ocultamiento,PNA,,Video completo sin ocultamiento,DCSASS__Shoplifting036_x264__Shoplifting036_x264_21.mp4,3.0,4.0,-1.0,False,True,True,
DCSASS,Shoplifting036_x264,Shoplifting036_x264_22.mp4,Shoplifting036_x264_22,0.0,4.0,sin_ocultamiento,PNA,,Video completo sin ocultamiento,DCSASS__Shoplifting036_x264__Shoplifting036_x264_22.mp4,3.0,4.0,-1.0,False,True,True,
DCSASS,Shoplifting036_x264,Shoplifting036_x264_23.mp4,Shoplifting036_x264_23,0.0,4.0,sin_ocultamiento,PNA,,Video completo sin ocultamiento,DCSASS__Shoplifting036_x264__Shoplifting036_x264_23.mp4,3.0,4.0,-1.0,False,True,True,
DCSASS,Shoplifting036_x264,Shoplifting036_x264_24.mp4,Shoplifting036_x264_24,0.0,4.0,sin_ocultamiento,PNA,,Video completo sin ocultamiento,DCSASS__Shoplifting036_x264__Shoplifting036_x264_24.mp4,3.0,4.0,-1.0,False,True,True,
DCSASS,Shoplifting036_x264,Shoplifting036_x264_25.mp4,Shoplifting036_x264_25,0.0,4.0,sin_ocultamiento,PNA,,Video completo sin ocultamiento,DCSASS__Shoplifting036_x264__Shoplifting036_x264_25.mp4,3.0,4.0,-1.0,False,True,True,
DCSASS,Shoplifting036_x264,Shoplifting036_x264_26.mp4,Shoplifting036_x264_26,0.0,4.0,sin_ocultamiento,PNA,,Video completo sin ocultamiento,DCSASS__Shoplifting036_x264__Shoplifting036_x264_26.mp4,3.0,4.0,-1.0,False,True,True,
DCSASS,Shoplifting036_x264,Shoplifting036_x264_27.mp4,Shoplifting036_x264_27,0.0,4.0,sin_ocultamiento,PNA,,Video completo sin ocultamiento,DCSASS__Shoplifting036_x264__Shoplifting036_x264_27.mp4,3.0,4.0,-1.0,False,True,True,
DCSASS,Shoplifting036_x264,Shoplifting036_x264_28.mp4,Shoplifting036_x264_28,0.0,4.0,sin_ocultamiento,PNA,,Video completo sin ocultamiento,DCSASS__Shoplifting036_x264__Shoplifting036_x264_28.mp4,3.0,4.0,-1.0,False,True,True,
DCSASS,Shoplifting036_x264,Shoplifting036_x264_29.mp4,Shoplifting036_x264_29,0.0,4.0,sin_ocultamiento,PNA,,Video completo sin ocultamiento,DCSASS__Shoplifting036_x264__Shoplifting036_x264_29.mp4,3.0,4.0,-1.0,False,True,True,
DCSASS,Shoplifting036_x264,Shoplifting036_x264_30.mp4,Shoplifting036_x264_30,0.0,4.0,sin_ocultamiento,PNA,,Video completo sin ocultamiento,DCSASS__Shoplifting036_x264__Shoplifting036_x264_30.mp4,3.0,4.0,-1.0,False,True,True,
DCSASS,Shoplifting036_x264,Shoplifting036_x264_31.mp4,Shoplifting036_x264_31,0.0,4.0,sin_ocultamiento,PNA,,Video completo sin ocultamiento,DCSASS__Shoplifting036_x264__Shoplifting036_x264_31.mp4,3.0,4.0,-1.0,False,True,True,
DCSASS,Shoplifting037_x264,Shoplifting037_x264_0.mp4,Shoplifting037_x264_0,0.0,4.0,sin_ocultamiento,PNA,,Video completo sin ocultamiento,DCSASS__Shoplifting037_x264__Shoplifting037_x264_0.mp4,1.0,4.0,-3.0,False,True,True,
DCSASS,Shoplifting037_x264,Shoplifting037_x264_1.mp4,Shoplifting037_x264_1,0.0,4.0,sin_ocultamiento,PNA,,Video completo sin ocultamiento,DCSASS__Shoplifting037_x264__Shoplifting037_x264_1.mp4,1.0,4.0,-3.0,False,True,True,
DCSASS,Shoplifting037_x264,Shoplifting037_x264_2.mp4,Shoplifting037_x264_2,0.0,4.0,sin_ocultamiento,PNA,,Video completo sin ocultamiento,DCSASS__Shoplifting037_x264__Shoplifting037_x264_2.mp4,1.0,4.0,-3.0,False,True,True,
DCSASS,Shoplifting037_x264,Shoplifting037_x264_3.mp4,Shoplifting037_x264_3,0.0,4.0,sin_ocultamiento,PNA,,Video completo sin ocultamiento,DCSASS__Shoplifting037_x264__Shoplifting037_x264_3.mp4,1.0,4.0,-3.0,False,True,True,
DCSASS,Shoplifting037_x264,Shoplifting037_x264_4.mp4,Shoplifting037_x264_4,0.0,4.0,sin_ocultamiento,PNA,,Video completo sin ocultamiento,DCSASS__Shoplifting037_x264__Shoplifting037_x264_4.mp4,1.0,4.0,-3.0,False,True,True,
DCSASS,Shoplifting037_x264,Shoplifting037_x264_5.mp4,Shoplifting037_x264_5,0.0,4.0,sin_ocultamiento,PNA,,Video completo sin ocultamiento,DCSASS__Shoplifting037_x264__Shoplifting037_x264_5.mp4,1.0,4.0,-3.0,False,True,True,
DCSASS,Shoplifting037_x264,Shoplifting037_x264_6.mp4,Shoplifting037_x264_6,0.0,4.0,sin_ocultamiento,PNA,,Video completo sin ocultamiento,DCSASS__Shoplifting037_x264__Shoplifting037_x264_6.mp4,1.0,4.0,-3.0,False,True,True,
DCSASS,Shoplifting037_x264,Shoplifting037_x264_7.mp4,Shoplifting037_x264_7,0.0,4.0,sin_ocultamiento,PNA,,Video completo sin ocultamiento,DCSASS__Shoplifting037_x264__Shoplifting037_x264_7.mp4,1.0,4.0,-3.0,False,True,True,
DCSASS,Shoplifting037_x264,Shoplifting037_x264_8.mp4,Shoplifting037_x264_8,0.0,4.0,sin_ocultamiento,PNA,,Video completo sin ocultamiento,DCSASS__Shoplifting037_x264__Shoplifting037_x264_8.mp4,1.0,4.0,-3.0,False,True,True,
DCSASS,Shoplifting037_x264,Shoplifting037_x264_9.mp4,Shoplifting037_x264_9,0.0,4.0,sin_ocultamiento,PNA,,Video completo sin ocultamiento,DCSASS__Shoplifting037_x264__Shoplifting037_x264_9.mp4,1.0,4.0,-3.0,False,True,True,
DCSASS,Shoplifting037_x264,Shoplifting037_x264_10.mp4,Shoplifting037_x264_10,0.0,4.0,sin_ocultamiento,PNA,,Video completo sin ocultamiento,DCSASS__Shoplifting037_x264__Shoplifting037_x264_10.mp4,1.0,4.0,-3.0,False,True,True,
DCSASS,Shoplifting037_x264,Shoplifting037_x264_11.mp4,Shoplifting037_x264_11,0.0,4.0,sin_ocultamiento,PNA,,Video completo sin ocultamiento,DCSASS__Shoplifting037_x264__Shoplifting037_x264_11.mp4,1.0,4.0,-3.0,False,True,True,
DCSASS,Shoplifting037_x264,Shoplifting037_x264_12.mp4,Shoplifting037_x264_12,0.0,4.0,sin_ocultamiento,PNA,,Video completo sin ocultamiento,DCSASS__Shoplifting037_x264__Shoplifting037_x264_12.mp4,1.0,4.0,-3.0,False,True,True,
DCSASS,Shoplifting037_x264,Shoplifting037_x264_13.mp4,Shoplifting037_x264_13,0.0,4.0,sin_ocultamiento,PNA,,Video completo sin ocultamiento,DCSASS__Shoplifting037_x264__Shoplifting037_x264_13.mp4,1.0,4.0,-3.0,False,True,True,
DCSASS,Shoplifting037_x264,Shoplifting037_x264_14.mp4,Shoplifting037_x264_14,0.0,4.0,sin_ocultamiento,PNA,,Video completo sin ocultamiento,DCSASS__Shoplifting037_x264__Shoplifting037_x264_14.mp4,1.0,4.0,-3.0,False,True,True,
DCSASS,Shoplifting037_x264,Shoplifting037_x264_15.mp4,Shoplifting037_x264_15,0.0,4.0,sin_ocultamiento,PNA,,Video completo sin ocultamiento,DCSASS__Shoplifting037_x264__Shoplifting037_x264_15.mp4,1.0,4.0,-3.0,False,True,True,
DCSASS,Shoplifting037_x264,Shoplifting037_x264_16.mp4,Shoplifting037_x264_16,0.0,4.0,sin_ocultamiento,PNA,,Video completo sin ocultamiento,DCSASS__Shoplifting037_x264__Shoplifting037_x264_16.mp4,1.0,4.0,-3.0,False,True,True,
DCSASS,Shoplifting037_x264,Shoplifting037_x264_17.mp4,Shoplifting037_x264_17,0.0,4.0,sin_ocultamiento,PNA,,Video completo sin ocultamiento,DCSASS__Shoplifting037_x264__Shoplifting037_x264_17.mp4,1.0,4.0,-3.0,False,True,True,
DCSASS,Shoplifting037_x264,Shoplifting037_x264_18.mp4,Shoplifting037_x264_18,0.0,4.0,sin_ocultamiento,PNA,,Video completo sin ocultamiento,DCSASS__Shoplifting037_x264__Shoplifting037_x264_18.mp4,1.0,4.0,-3.0,False,True,True,
DCSASS,Shoplifting037_x264,Shoplifting037_x264_19.mp4,Shoplifting037_x264_19,0.0,4.0,sin_ocultamiento,PNA,,Video completo sin ocultamiento,DCSASS__Shoplifting037_x264__Shoplifting037_x264_19.mp4,1.0,4.0,-3.0,False,True,True,
DCSASS,Shoplifting037_x264,Shoplifting037_x264_20.mp4,Shoplifting037_x264_20,0.0,4.0,sin_ocultamiento,PNA,,Video completo sin ocultamiento,DCSASS__Shoplifting037_x264__Shoplifting037_x264_20.mp4,1.0,4.0,-3.0,False,True,True,
DCSASS,Shoplifting037_x264,Shoplifting037_x264_21.mp4,Shoplifting037_x264_21,0.0,4.0,sin_ocultamiento,PNA,,Video completo sin ocultamiento,DCSASS__Shoplifting037_x264__Shoplifting037_x264_21.mp4,1.0,4.0,-3.0,False,True,True,
DCSASS,Shoplifting037_x264,Shoplifting037_x264_22.mp4,Shoplifting037_x264_22,0.0,4.0,sin_ocultamiento,PNA,,Video completo sin ocultamiento,DCSASS__Shoplifting037_x264__Shoplifting037_x264_22.mp4,1.0,4.0,-3.0,False,True,True,
DCSASS,Shoplifting037_x264,Shoplifting037_x264_23.mp4,Shoplifting037_x264_23,0.0,4.0,sin_ocultamiento,PNA,,Video completo sin ocultamiento,DCSASS__Shoplifting037_x264__Shoplifting037_x264_23.mp4,1.0,4.0,-3.0,False,True,True,
DCSASS,Shoplifting037_x264,Shoplifting037_x264_24.mp4,Shoplifting037_x264_24,0.0,4.0,sin_ocultamiento,PNA,,Video completo sin ocultamiento,DCSASS__Shoplifting037_x264__Shoplifting037_x264_24.mp4,1.0,4.0,-3.0,False,True,True,
DCSASS,Shoplifting037_x264,Shoplifting037_x264_25.mp4,Shoplifting037_x264_25,0.0,4.0,sin_ocultamiento,PNA,,Video completo sin ocultamiento,DCSASS__Shoplifting037_x264__Shoplifting037_x264_25.mp4,1.0,4.0,-3.0,False,True,True,
DCSASS,Shoplifting037_x264,Shoplifting037_x264_26.mp4,Shoplifting037_x264_26,0.0,4.0,sin_ocultamiento,PNA,,Video completo sin ocultamiento,DCSASS__Shoplifting037_x264__Shoplifting037_x264_26.mp4,1.0,4.0,-3.0,False,True,True,
DCSASS,Shoplifting037_x264,Shoplifting037_x264_27.mp4,Shoplifting037_x264_27,0.0,4.0,sin_ocultamiento,PNA,,Video completo sin ocultamiento,DCSASS__Shoplifting037_x264__Shoplifting037_x264_27.mp4,1.0,4.0,-3.0,False,True,True,
DCSASS,Shoplifting037_x264,Shoplifting037_x264_28.mp4,Shoplifting037_x264_28,0.0,4.0,sin_ocultamiento,PNA,,Video completo sin ocultamiento,DCSASS__Shoplifting037_x264__Shoplifting037_x264_28.mp4,1.0,4.0,-3.0,False,True,True,
DCSASS,Shoplifting037_x264,Shoplifting037_x264_29.mp4,Shoplifting037_x264_29,0.0,4.0,sin_ocultamiento,PNA,,Video completo sin ocultamiento,DCSASS__Shoplifting037_x264__Shoplifting037_x264_29.mp4,1.0,4.0,-3.0,False,True,True,
DCSASS,Shoplifting037_x264,Shoplifting037_x264_30.mp4,Shoplifting037_x264_30,0.0,4.0,sin_ocultamiento,PNA,,Video completo sin ocultamiento,DCSASS__Shoplifting037_x264__Shoplifting037_x264_30.mp4,1.0,4.0,-3.0,False,True,True,
DCSASS,Shoplifting037_x264,Shoplifting037_x264_31.mp4,Shoplifting037_x264_31,0.0,4.0,sin_ocultamiento,PNA,,Video completo sin ocultamiento,DCSASS__Shoplifting037_x264__Shoplifting037_x264_31.mp4,1.0,4.0,-3.0,False,True,True,
DCSASS,Shoplifting038_x264,Shoplifting038_x264_0.mp4,Shoplifting038_x264_0,0.0,4.0,sin_ocultamiento,PNA,,Video completo sin ocultamiento,DCSASS__Shoplifting038_x264__Shoplifting038_x264_0.mp4,3.0,4.0,-1.0,False,True,True,
DCSASS,Shoplifting038_x264,Shoplifting038_x264_1.mp4,Shoplifting038_x264_1,0.0,4.0,sin_ocultamiento,PNA,,Video completo sin ocultamiento,DCSASS__Shoplifting038_x264__Shoplifting038_x264_1.mp4,3.0,4.0,-1.0,False,True,True,
DCSASS,Shoplifting038_x264,Shoplifting038_x264_2.mp4,Shoplifting038_x264_2,0.0,4.0,sin_ocultamiento,PNA,,Video completo sin ocultamiento,DCSASS__Shoplifting038_x264__Shoplifting038_x264_2.mp4,3.0,4.0,-1.0,False,True,True,
DCSASS,Shoplifting038_x264,Shoplifting038_x264_3.mp4,Shoplifting038_x264_3,0.0,4.0,sin_ocultamiento,PNA,,Video completo sin ocultamiento,DCSASS__Shoplifting038_x264__Shoplifting038_x264_3.mp4,3.0,4.0,-1.0,False,True,True,
DCSASS,Shoplifting038_x264,Shoplifting038_x264_4.mp4,Shoplifting038_x264_4,0.0,4.0,sin_ocultamiento,PNA,,Video completo sin ocultamiento,DCSASS__Shoplifting038_x264__Shoplifting038_x264_4.mp4,3.0,4.0,-1.0,False,True,True,
DCSASS,Shoplifting038_x264,Shoplifting038_x264_5.mp4,Shoplifting038_x264_5,0.0,4.0,sin_ocultamiento,PNA,,Video completo sin ocultamiento,DCSASS__Shoplifting038_x264__Shoplifting038_x264_5.mp4,3.0,4.0,-1.0,False,True,True,
DCSASS,Shoplifting038_x264,Shoplifting038_x264_6.mp4,Shoplifting038_x264_6,0.0,4.0,sin_ocultamiento,PNA,,Video completo sin ocultamiento,DCSASS__Shoplifting038_x264__Shoplifting038_x264_6.mp4,3.0,4.0,-1.0,False,True,True,
DCSASS,Shoplifting038_x264,Shoplifting038_x264_7.mp4,Shoplifting038_x264_7,0.0,4.0,sin_ocultamiento,PNA,,Video completo sin ocultamiento,DCSASS__Shoplifting038_x264__Shoplifting038_x264_7.mp4,3.0,4.0,-1.0,False,True,True,
DCSASS,Shoplifting038_x264,Shoplifting038_x264_8.mp4,Shoplifting038_x264_8,0.0,4.0,sin_ocultamiento,PNA,,Video completo sin ocultamiento,DCSASS__Shoplifting038_x264__Shoplifting038_x264_8.mp4,3.0,4.0,-1.0,False,True,True,
DCSASS,Shoplifting038_x264,Shoplifting038_x264_9.mp4,Shoplifting038_x264_9,0.0,4.0,sin_ocultamiento,PNA,,Video completo sin ocultamiento,DCSASS__Shoplifting038_x264__Shoplifting038_x264_9.mp4,3.0,4.0,-1.0,False,True,True,
DCSASS,Shoplifting038_x264,Shoplifting038_x264_10.mp4,Shoplifting038_x264_10,0.0,4.0,sin_ocultamiento,PNA,,Video completo sin ocultamiento,DCSASS__Shoplifting038_x264__Shoplifting038_x264_10.mp4,3.0,4.0,-1.0,False,True,True,
DCSASS,Shoplifting038_x264,Shoplifting038_x264_11.mp4,Shoplifting038_x264_11,0.0,4.0,sin_ocultamiento,PNA,,Video completo sin ocultamiento,DCSASS__Shoplifting038_x264__Shoplifting038_x264_11.mp4,3.0,4.0,-1.0,False,True,True,
DCSASS,Shoplifting038_x264,Shoplifting038_x264_12.mp4,Shoplifting038_x264_12,0.0,4.0,sin_ocultamiento,PNA,,Video completo sin ocultamiento,DCSASS__Shoplifting038_x264__Shoplifting038_x264_12.mp4,3.0,4.0,-1.0,False,True,True,
DCSASS,Shoplifting038_x264,Shoplifting038_x264_13.mp4,Shoplifting038_x264_13,0.0,4.0,sin_ocultamiento,PNA,,Video completo sin ocultamiento,DCSASS__Shoplifting038_x264__Shoplifting038_x264_13.mp4,3.0,4.0,-1.0,False,True,True,
DCSASS,Shoplifting038_x264,Shoplifting038_x264_14.mp4,Shoplifting038_x264_14,0.0,4.0,sin_ocultamiento,PNA,,Video completo sin ocultamiento,DCSASS__Shoplifting038_x264__Shoplifting038_x264_14.mp4,3.0,4.0,-1.0,False,True,True,
DCSASS,Shoplifting038_x264,Shoplifting038_x264_15.mp4,Shoplifting038_x264_15,0.0,4.0,sin_ocultamiento,PNA,,Video completo sin ocultamiento,DCSASS__Shoplifting038_x264__Shoplifting038_x264_15.mp4,3.0,4.0,-1.0,False,True,True,
DCSASS,Shoplifting038_x264,Shoplifting038_x264_16.mp4,Shoplifting038_x264_16,0.0,4.0,sin_ocultamiento,PNA,,Video completo sin ocultamiento,DCSASS__Shoplifting038_x264__Shoplifting038_x264_16.mp4,3.0,4.0,-1.0,False,True,True,
DCSASS,Shoplifting038_x264,Shoplifting038_x264_17.mp4,Shoplifting038_x264_17,0.0,4.0,sin_ocultamiento,PNA,,Video completo sin ocultamiento,DCSASS__Shoplifting038_x264__Shoplifting038_x264_17.mp4,3.0,4.0,-1.0,False,True,True,
DCSASS,Shoplifting038_x264,Shoplifting038_x264_18.mp4,Shoplifting038_x264_18,0.0,4.0,sin_ocultamiento,PNA,,Video completo sin ocultamiento,DCSASS__Shoplifting038_x264__Shoplifting038_x264_18.mp4,3.0,4.0,-1.0,False,True,True,
DCSASS,Shoplifting038_x264,Shoplifting038_x264_19.mp4,Shoplifting038_x264_19,0.0,4.0,sin_ocultamiento,PNA,,Video completo sin ocultamiento,DCSASS__Shoplifting038_x264__Shoplifting038_x264_19.mp4,3.0,4.0,-1.0,False,True,True,
DCSASS,Shoplifting038_x264,Shoplifting038_x264_20.mp4,Shoplifting038_x264_20,0.0,4.0,sin_ocultamiento,PNA,,Video completo sin ocultamiento,DCSASS__Shoplifting038_x264__Shoplifting038_x264_20.mp4,3.0,4.0,-1.0,False,True,True,
DCSASS,Shoplifting038_x264,Shoplifting038_x264_21.mp4,Shoplifting038_x264_21,0.0,4.0,sin_ocultamiento,PNA,,Video completo sin ocultamiento,DCSASS__Shoplifting038_x264__Shoplifting038_x264_21.mp4,3.0,4.0,-1.0,False,True,True,
DCSASS,Shoplifting038_x264,Shoplifting038_x264_22.mp4,Shoplifting038_x264_22,0.0,4.0,sin_ocultamiento,PNA,,Video completo sin ocultamiento,DCSASS__Shoplifting038_x264__Shoplifting038_x264_22.mp4,3.0,4.0,-1.0,False,True,True,
DCSASS,Shoplifting038_x264,Shoplifting038_x264_23.mp4,Shoplifting038_x264_23,0.0,4.0,sin_ocultamiento,PNA,,Video completo sin ocultamiento,DCSASS__Shoplifting038_x264__Shoplifting038_x264_23.mp4,3.0,4.0,-1.0,False,True,True,
DCSASS,Shoplifting038_x264,Shoplifting038_x264_24.mp4,Shoplifting038_x264_24,0.0,4.0,sin_ocultamiento,PNA,,Video completo sin ocultamiento,DCSASS__Shoplifting038_x264__Shoplifting038_x264_24.mp4,3.0,4.0,-1.0,False,True,True,
DCSASS,Shoplifting038_x264,Shoplifting038_x264_25.mp4,Shoplifting038_x264_25,0.0,4.0,sin_ocultamiento,PNA,,Video completo sin ocultamiento,DCSASS__Shoplifting038_x264__Shoplifting038_x264_25.mp4,3.0,4.0,-1.0,False,True,True,
DCSASS,Shoplifting038_x264,Shoplifting038_x264_26.mp4,Shoplifting038_x264_26,0.0,4.0,sin_ocultamiento,PNA,,Video completo sin ocultamiento,DCSASS__Shoplifting038_x264__Shoplifting038_x264_26.mp4,3.0,4.0,-1.0,False,True,True,
DCSASS,Shoplifting038_x264,Shoplifting038_x264_27.mp4,Shoplifting038_x264_27,0.0,4.0,sin_ocultamiento,PNA,,Video completo sin ocultamiento,DCSASS__Shoplifting038_x264__Shoplifting038_x264_27.mp4,3.0,4.0,-1.0,False,True,True,
DCSASS,Shoplifting038_x264,Shoplifting038_x264_28.mp4,Shoplifting038_x264_28,0.0,4.0,sin_ocultamiento,PNA,,Video completo sin ocultamiento,DCSASS__Shoplifting038_x264__Shoplifting038_x264_28.mp4,3.0,4.0,-1.0,False,True,True,
DCSASS,Shoplifting038_x264,Shoplifting038_x264_29.mp4,Shoplifting038_x264_29,0.0,4.0,sin_ocultamiento,PNA,,Video completo sin ocultamiento,DCSASS__Shoplifting038_x264__Shoplifting038_x264_29.mp4,3.0,4.0,-1.0,False,True,True,
DCSASS,Shoplifting038_x264,Shoplifting038_x264_30.mp4,Shoplifting038_x264_30,0.0,4.0,sin_ocultamiento,PNA,,Video completo sin ocultamiento,DCSASS__Shoplifting038_x264__Shoplifting038_x264_30.mp4,3.0,4.0,-1.0,False,True,True,
DCSASS,Shoplifting038_x264,Shoplifting038_x264_31.mp4,Shoplifting038_x264_31,0.0,4.0,sin_ocultamiento,PNA,,Video completo sin ocultamiento,DCSASS__Shoplifting038_x264__Shoplifting038_x264_31.mp4,3.0,4.0,-1.0,False,True,True,
DCSASS,Shoplifting039_x264,Shoplifting039_x264_0.mp4,Shoplifting039_x264_0,0.0,4.0,sin_ocultamiento,PNA,,Video completo sin ocultamiento,DCSASS__Shoplifting039_x264__Shoplifting039_x264_0.mp4,2.0,4.0,-2.0,False,True,True,
DCSASS,Shoplifting039_x264,Shoplifting039_x264_1.mp4,Shoplifting039_x264_1,0.0,4.0,sin_ocultamiento,PNA,,Video completo sin ocultamiento,DCSASS__Shoplifting039_x264__Shoplifting039_x264_1.mp4,2.0,4.0,-2.0,False,True,True,
DCSASS,Shoplifting039_x264,Shoplifting039_x264_2.mp4,Shoplifting039_x264_2,0.0,4.0,sin_ocultamiento,PNA,,Video completo sin ocultamiento,DCSASS__Shoplifting039_x264__Shoplifting039_x264_2.mp4,2.0,4.0,-2.0,False,True,True,
DCSASS,Shoplifting039_x264,Shoplifting039_x264_3.mp4,Shoplifting039_x264_3,0.0,4.0,sin_ocultamiento,PNA,,Video completo sin ocultamiento,DCSASS__Shoplifting039_x264__Shoplifting039_x264_3.mp4,2.0,4.0,-2.0,False,True,True,
DCSASS,Shoplifting039_x264,Shoplifting039_x264_4.mp4,Shoplifting039_x264_4,0.0,4.0,sin_ocultamiento,PNA,,Video completo sin ocultamiento,DCSASS__Shoplifting039_x264__Shoplifting039_x264_4.mp4,2.0,4.0,-2.0,False,True,True,
DCSASS,Shoplifting039_x264,Shoplifting039_x264_5.mp4,Shoplifting039_x264_5,0.0,4.0,sin_ocultamiento,PNA,,Video completo sin ocultamiento,DCSASS__Shoplifting039_x264__Shoplifting039_x264_5.mp4,2.0,4.0,-2.0,False,True,True,
DCSASS,Shoplifting039_x264,Shoplifting039_x264_6.mp4,Shoplifting039_x264_6,0.0,4.0,sin_ocultamiento,PNA,,Video completo sin ocultamiento,DCSASS__Shoplifting039_x264__Shoplifting039_x264_6.mp4,2.0,4.0,-2.0,False,True,True,
DCSASS,Shoplifting039_x264,Shoplifting039_x264_7.mp4,Shoplifting039_x264_7,0.0,4.0,sin_ocultamiento,PNA,,Video completo sin ocultamiento,DCSASS__Shoplifting039_x264__Shoplifting039_x264_7.mp4,2.0,4.0,-2.0,False,True,True,
DCSASS,Shoplifting039_x264,Shoplifting039_x264_8.mp4,Shoplifting039_x264_8,0.0,4.0,sin_ocultamiento,PNA,,Video completo sin ocultamiento,DCSASS__Shoplifting039_x264__Shoplifting039_x264_8.mp4,2.0,4.0,-2.0,False,True,True,
DCSASS,Shoplifting039_x264,Shoplifting039_x264_9.mp4,Shoplifting039_x264_9,0.0,4.0,sin_ocultamiento,PNA,,Video completo sin ocultamiento,DCSASS__Shoplifting039_x264__Shoplifting039_x264_9.mp4,2.0,4.0,-2.0,False,True,True,
DCSASS,Shoplifting039_x264,Shoplifting039_x264_10.mp4,Shoplifting039_x264_10,0.0,4.0,sin_ocultamiento,PNA,,Video completo sin ocultamiento,DCSASS__Shoplifting039_x264__Shoplifting039_x264_10.mp4,2.0,4.0,-2.0,False,True,True,
DCSASS,Shoplifting039_x264,Shoplifting039_x264_11.mp4,Shoplifting039_x264_11,0.0,4.0,sin_ocultamiento,PNA,,Video completo sin ocultamiento,DCSASS__Shoplifting039_x264__Shoplifting039_x264_11.mp4,2.0,4.0,-2.0,False,True,True,
DCSASS,Shoplifting039_x264,Shoplifting039_x264_12.mp4,Shoplifting039_x264_12,0.0,4.0,sin_ocultamiento,PNA,,Video completo sin ocultamiento,DCSASS__Shoplifting039_x264__Shoplifting039_x264_12.mp4,2.0,4.0,-2.0,False,True,True,
DCSASS,Shoplifting039_x264,Shoplifting039_x264_13.mp4,Shoplifting039_x264_13,0.0,4.0,sin_ocultamiento,PNA,,Video completo sin ocultamiento,DCSASS__Shoplifting039_x264__Shoplifting039_x264_13.mp4,2.0,4.0,-2.0,False,True,True,
DCSASS,Shoplifting039_x264,Shoplifting039_x264_14.mp4,Shoplifting039_x264_14,0.0,4.0,sin_ocultamiento,PNA,,Video completo sin ocultamiento,DCSASS__Shoplifting039_x264__Shoplifting039_x264_14.mp4,2.0,4.0,-2.0,False,True,True,
DCSASS,Shoplifting039_x264,Shoplifting039_x264_15.mp4,Shoplifting039_x264_15,0.0,4.0,sin_ocultamiento,PNA,,Video completo sin ocultamiento,DCSASS__Shoplifting039_x264__Shoplifting039_x264_15.mp4,2.0,4.0,-2.0,False,True,True,
DCSASS,Shoplifting039_x264,Shoplifting039_x264_16.mp4,Shoplifting039_x264_16,0.0,4.0,sin_ocultamiento,PNA,,Video completo sin ocultamiento,DCSASS__Shoplifting039_x264__Shoplifting039_x264_16.mp4,2.0,4.0,-2.0,False,True,True,
DCSASS,Shoplifting039_x264,Shoplifting039_x264_17.mp4,Shoplifting039_x264_17,0.0,4.0,sin_ocultamiento,PNA,,Video completo sin ocultamiento,DCSASS__Shoplifting039_x264__Shoplifting039_x264_17.mp4,2.0,4.0,-2.0,False,True,True,
DCSASS,Shoplifting039_x264,Shoplifting039_x264_18.mp4,Shoplifting039_x264_18,0.0,4.0,sin_ocultamiento,PNA,,Video completo sin ocultamiento,DCSASS__Shoplifting039_x264__Shoplifting039_x264_18.mp4,2.0,4.0,-2.0,False,True,True,
DCSASS,Shoplifting039_x264,Shoplifting039_x264_19.mp4,Shoplifting039_x264_19,0.0,4.0,sin_ocultamiento,PNA,,Video completo sin ocultamiento,DCSASS__Shoplifting039_x264__Shoplifting039_x264_19.mp4,2.0,4.0,-2.0,False,True,True,
DCSASS,Shoplifting039_x264,Shoplifting039_x264_20.mp4,Shoplifting039_x264_20,0.0,4.0,sin_ocultamiento,PNA,,Video completo sin ocultamiento,DCSASS__Shoplifting039_x264__Shoplifting039_x264_20.mp4,2.0,4.0,-2.0,False,True,True,
DCSASS,Shoplifting039_x264,Shoplifting039_x264_21.mp4,Shoplifting039_x264_21,0.0,4.0,sin_ocultamiento,PNA,,Video completo sin ocultamiento,DCSASS__Shoplifting039_x264__Shoplifting039_x264_21.mp4,2.0,4.0,-2.0,False,True,True,
DCSASS,Shoplifting039_x264,Shoplifting039_x264_22.mp4,Shoplifting039_x264_22,0.0,4.0,sin_ocultamiento,PNA,,Video completo sin ocultamiento,DCSASS__Shoplifting039_x264__Shoplifting039_x264_22.mp4,2.0,4.0,-2.0,False,True,True,
DCSASS,Shoplifting039_x264,Shoplifting039_x264_23.mp4,Shoplifting039_x264_23,0.0,4.0,sin_ocultamiento,PNA,,Video completo sin ocultamiento,DCSASS__Shoplifting039_x264__Shoplifting039_x264_23.mp4,2.0,4.0,-2.0,False,True,True,
DCSASS,Shoplifting039_x264,Shoplifting039_x264_24.mp4,Shoplifting039_x264_24,0.0,4.0,sin_ocultamiento,PNA,,Video completo sin ocultamiento,DCSASS__Shoplifting039_x264__Shoplifting039_x264_24.mp4,2.0,4.0,-2.0,False,True,True,
DCSASS,Shoplifting039_x264,Shoplifting039_x264_25.mp4,Shoplifting039_x264_25,0.0,4.0,sin_ocultamiento,PNA,,Video completo sin ocultamiento,DCSASS__Shoplifting039_x264__Shoplifting039_x264_25.mp4,2.0,4.0,-2.0,False,True,True,
DCSASS,Shoplifting039_x264,Shoplifting039_x264_26.mp4,Shoplifting039_x264_26,0.0,4.0,sin_ocultamiento,PNA,,Video completo sin ocultamiento,DCSASS__Shoplifting039_x264__Shoplifting039_x264_26.mp4,2.0,4.0,-2.0,False,True,True,
DCSASS,Shoplifting039_x264,Shoplifting039_x264_27.mp4,Shoplifting039_x264_27,0.0,4.0,sin_ocultamiento,PNA,,Video completo sin ocultamiento,DCSASS__Shoplifting039_x264__Shoplifting039_x264_27.mp4,2.0,4.0,-2.0,False,True,True,
DCSASS,Shoplifting039_x264,Shoplifting039_x264_28.mp4,Shoplifting039_x264_28,0.0,4.0,sin_ocultamiento,PNA,,Video completo sin ocultamiento,DCSASS__Shoplifting039_x264__Shoplifting039_x264_28.mp4,2.0,4.0,-2.0,False,True,True,
DCSASS,Shoplifting039_x264,Shoplifting039_x264_29.mp4,Shoplifting039_x264_29,0.0,4.0,sin_ocultamiento,PNA,,Video completo sin ocultamiento,DCSASS__Shoplifting039_x264__Shoplifting039_x264_29.mp4,2.0,4.0,-2.0,False,True,True,
DCSASS,Shoplifting039_x264,Shoplifting039_x264_30.mp4,Shoplifting039_x264_30,0.0,4.0,sin_ocultamiento,PNA,,Video completo sin ocultamiento,DCSASS__Shoplifting039_x264__Shoplifting039_x264_30.mp4,2.0,4.0,-2.0,False,True,True,
DCSASS,Shoplifting039_x264,Shoplifting039_x264_31.mp4,Shoplifting039_x264_31,0.0,4.0,sin_ocultamiento,PNA,,Video completo sin ocultamiento,DCSASS__Shoplifting039_x264__Shoplifting039_x264_31.mp4,2.0,4.0,-2.0,False,True,True,
DCSASS,Shoplifting042_x264,Shoplifting042_x264_0.mp4,Shoplifting042_x264_0,0.0,4.0,sin_ocultamiento,P042_1,,,DCSASS__Shoplifting042_x264__Shoplifting042_x264_0.mp4,5.0,4.0,1.0,False,True,True,
DCSASS,Shoplifting042_x264,Shoplifting042_x264_1.mp4,Shoplifting042_x264_1,0.0,4.0,sin_ocultamiento,P042_1,,,DCSASS__Shoplifting042_x264__Shoplifting042_x264_1.mp4,5.0,4.0,1.0,False,True,True,
DCSASS,Shoplifting042_x264,Shoplifting042_x264_2.mp4,Shoplifting042_x264_2,0.0,4.0,sin_ocultamiento,P042_1,,,DCSASS__Shoplifting042_x264__Shoplifting042_x264_2.mp4,5.0,4.0,1.0,False,True,True,
DCSASS,Shoplifting042_x264,Shoplifting042_x264_3.mp4,Shoplifting042_x264_3,0.0,4.0,sin_ocultamiento,P042_1,,,DCSASS__Shoplifting042_x264__Shoplifting042_x264_3.mp4,5.0,4.0,1.0,False,True,True,
DCSASS,Shoplifting042_x264,Shoplifting042_x264_4.mp4,Shoplifting042_x264_4,0.0,4.0,sin_ocultamiento,P042_1,,,DCSASS__Shoplifting042_x264__Shoplifting042_x264_4.mp4,5.0,4.0,1.0,False,True,True,
DCSASS,Shoplifting042_x264,Shoplifting042_x264_5.mp4,Shoplifting042_x264_5,0.0,4.0,sin_ocultamiento,P042_1,,,DCSASS__Shoplifting042_x264__Shoplifting042_x264_5.mp4,5.0,4.0,1.0,False,True,True,
DCSASS,Shoplifting042_x264,Shoplifting042_x264_6.mp4,Shoplifting042_x264_6,0.0,4.0,sin_ocultamiento,P042_1,,,DCSASS__Shoplifting042_x264__Shoplifting042_x264_6.mp4,5.0,4.0,1.0,False,True,True,
DCSASS,Shoplifting042_x264,Shoplifting042_x264_7.mp4,Shoplifting042_x264_7,0.0,4.0,sin_ocultamiento,P042_1,,,DCSASS__Shoplifting042_x264__Shoplifting042_x264_7.mp4,5.0,4.0,1.0,False,True,True,
DCSASS,Shoplifting042_x264,Shoplifting042_x264_8.mp4,Shoplifting042_x264_8,0.0,4.0,sin_ocultamiento,P042_1,,,DCSASS__Shoplifting042_x264__Shoplifting042_x264_8.mp4,5.0,4.0,1.0,False,True,True,
DCSASS,Shoplifting042_x264,Shoplifting042_x264_9.mp4,Shoplifting042_x264_9,0.0,4.0,sin_ocultamiento,P042_1,,,DCSASS__Shoplifting042_x264__Shoplifting042_x264_9.mp4,5.0,4.0,1.0,False,True,True,
DCSASS,Shoplifting042_x264,Shoplifting042_x264_10.mp4,Shoplifting042_x264_10,0.0,4.0,sin_ocultamiento,P042_1,,,DCSASS__Shoplifting042_x264__Shoplifting042_x264_10.mp4,5.0,4.0,1.0,False,True,True,
DCSASS,Shoplifting042_x264,Shoplifting042_x264_11.mp4,Shoplifting042_x264_11,0.0,4.0,sin_ocultamiento,P042_1,,,DCSASS__Shoplifting042_x264__Shoplifting042_x264_11.mp4,5.0,4.0,1.0,False,True,True,
DCSASS,Shoplifting042_x264,Shoplifting042_x264_12.mp4,Shoplifting042_x264_12,0.0,4.0,sin_ocultamiento,P042_1,,,DCSASS__Shoplifting042_x264__Shoplifting042_x264_12.mp4,5.0,4.0,1.0,False,True,True,
DCSASS,Shoplifting042_x264,Shoplifting042_x264_13.mp4,Shoplifting042_x264_13,0.0,4.0,sin_ocultamiento,P042_1,,,DCSASS__Shoplifting042_x264__Shoplifting042_x264_13.mp4,5.0,4.0,1.0,False,True,True,
DCSASS,Shoplifting042_x264,Shoplifting042_x264_14.mp4,Shoplifting042_x264_14,0.0,4.0,sin_ocultamiento,P042_1,,,DCSASS__Shoplifting042_x264__Shoplifting042_x264_14.mp4,5.0,4.0,1.0,False,True,True,
DCSASS,Shoplifting042_x264,Shoplifting042_x264_15.mp4,Shoplifting042_x264_15,0.0,4.0,sin_ocultamiento,P042_1,,,DCSASS__Shoplifting042_x264__Shoplifting042_x264_15.mp4,5.0,4.0,1.0,False,True,True,
DCSASS,Shoplifting042_x264,Shoplifting042_x264_16.mp4,Shoplifting042_x264_16,0.0,4.0,sin_ocultamiento,P042_1,,,DCSASS__Shoplifting042_x264__Shoplifting042_x264_16.mp4,5.0,4.0,1.0,False,True,True,
DCSASS,Shoplifting042_x264,Shoplifting042_x264_17.mp4,Shoplifting042_x264_17,0.0,4.0,sin_ocultamiento,P042_1,,,DCSASS__Shoplifting042_x264__Shoplifting042_x264_17.mp4,5.0,4.0,1.0,False,True,True,
DCSASS,Shoplifting042_x264,Shoplifting042_x264_18.mp4,Shoplifting042_x264_18,0.0,4.0,ocultamiento,P042_1,,,DCSASS__Shoplifting042_x264__Shoplifting042_x264_18.mp4,5.0,4.0,1.0,False,True,True,
DCSASS,Shoplifting042_x264,Shoplifting042_x264_19.mp4,Shoplifting042_x264_19,0.0,4.0,ocultamiento,P042_1,,,DCSASS__Shoplifting042_x264__Shoplifting042_x264_19.mp4,5.0,4.0,1.0,False,True,True,
DCSASS,Shoplifting042_x264,Shoplifting042_x264_20.mp4,Shoplifting042_x264_20,0.0,4.0,sin_ocultamiento,P042_1,,,DCSASS__Shoplifting042_x264__Shoplifting042_x264_20.mp4,5.0,4.0,1.0,False,True,True,
DCSASS,Shoplifting042_x264,Shoplifting042_x264_21.mp4,Shoplifting042_x264_21,0.0,4.0,sin_ocultamiento,P042_1,,,DCSASS__Shoplifting042_x264__Shoplifting042_x264_21.mp4,5.0,4.0,1.0,False,True,True,
DCSASS,Shoplifting042_x264,Shoplifting042_x264_22.mp4,Shoplifting042_x264_22,0.0,4.0,sin_ocultamiento,P042_1,,,DCSASS__Shoplifting042_x264__Shoplifting042_x264_22.mp4,5.0,4.0,1.0,False,True,True,
DCSASS,Shoplifting042_x264,Shoplifting042_x264_23.mp4,Shoplifting042_x264_23,0.0,4.0,sin_ocultamiento,P042_1,,,DCSASS__Shoplifting042_x264__Shoplifting042_x264_23.mp4,5.0,4.0,1.0,False,True,True,
DCSASS,Shoplifting042_x264,Shoplifting042_x264_24.mp4,Shoplifting042_x264_24,0.0,4.0,sin_ocultamiento,P042_1,,,DCSASS__Shoplifting042_x264__Shoplifting042_x264_24.mp4,5.0,4.0,1.0,False,True,True,
DCSASS,Shoplifting042_x264,Shoplifting042_x264_25.mp4,Shoplifting042_x264_25,0.0,4.0,sin_ocultamiento,P042_1,,,DCSASS__Shoplifting042_x264__Shoplifting042_x264_25.mp4,5.0,4.0,1.0,False,True,True,
DCSASS,Shoplifting042_x264,Shoplifting042_x264_26.mp4,Shoplifting042_x264_26,0.0,4.0,sin_ocultamiento,P042_1,,,DCSASS__Shoplifting042_x264__Shoplifting042_x264_26.mp4,5.0,4.0,1.0,False,True,True,
DCSASS,Shoplifting042_x264,Shoplifting042_x264_27.mp4,Shoplifting042_x264_27,0.0,4.0,sin_ocultamiento,P042_1,,,DCSASS__Shoplifting042_x264__Shoplifting042_x264_27.mp4,5.0,4.0,1.0,False,True,True,
DCSASS,Shoplifting042_x264,Shoplifting042_x264_28.mp4,Shoplifting042_x264_28,0.0,4.0,sin_ocultamiento,P042_1,,,DCSASS__Shoplifting042_x264__Shoplifting042_x264_28.mp4,5.0,4.0,1.0,False,True,True,
DCSASS,Shoplifting042_x264,Shoplifting042_x264_29.mp4,Shoplifting042_x264_29,0.0,4.0,sin_ocultamiento,P042_1,,,DCSASS__Shoplifting042_x264__Shoplifting042_x264_29.mp4,5.0,4.0,1.0,False,True,True,
DCSASS,Shoplifting042_x264,Shoplifting042_x264_30.mp4,Shoplifting042_x264_30,0.0,4.0,sin_ocultamiento,P042_1,,,DCSASS__Shoplifting042_x264__Shoplifting042_x264_30.mp4,5.0,4.0,1.0,False,True,True,
DCSASS,Shoplifting042_x264,Shoplifting042_x264_31.mp4,Shoplifting042_x264_31,0.0,4.0,sin_ocultamiento,P042_1,,,DCSASS__Shoplifting042_x264__Shoplifting042_x264_31.mp4,5.0,4.0,1.0,False,True,True,
DCSASS,Shoplifting045_x264,Shoplifting045_x264_0.mp4,Shoplifting045_x264_0,0.0,4.0,sin_ocultamiento,PNA,,Video completo sin ocultamiento,DCSASS__Shoplifting045_x264__Shoplifting045_x264_0.mp4,1.0,4.0,-3.0,False,True,True,
DCSASS,Shoplifting045_x264,Shoplifting045_x264_1.mp4,Shoplifting045_x264_1,0.0,4.0,sin_ocultamiento,PNA,,Video completo sin ocultamiento,DCSASS__Shoplifting045_x264__Shoplifting045_x264_1.mp4,1.0,4.0,-3.0,False,True,True,
DCSASS,Shoplifting045_x264,Shoplifting045_x264_2.mp4,Shoplifting045_x264_2,0.0,4.0,sin_ocultamiento,PNA,,Video completo sin ocultamiento,DCSASS__Shoplifting045_x264__Shoplifting045_x264_2.mp4,1.0,4.0,-3.0,False,True,True,
DCSASS,Shoplifting045_x264,Shoplifting045_x264_3.mp4,Shoplifting045_x264_3,0.0,4.0,sin_ocultamiento,PNA,,Video completo sin ocultamiento,DCSASS__Shoplifting045_x264__Shoplifting045_x264_3.mp4,1.0,4.0,-3.0,False,True,True,
DCSASS,Shoplifting045_x264,Shoplifting045_x264_4.mp4,Shoplifting045_x264_4,0.0,4.0,sin_ocultamiento,PNA,,Video completo sin ocultamiento,DCSASS__Shoplifting045_x264__Shoplifting045_x264_4.mp4,1.0,4.0,-3.0,False,True,True,
DCSASS,Shoplifting045_x264,Shoplifting045_x264_5.mp4,Shoplifting045_x264_5,0.0,4.0,sin_ocultamiento,PNA,,Video completo sin ocultamiento,DCSASS__Shoplifting045_x264__Shoplifting045_x264_5.mp4,1.0,4.0,-3.0,False,True,True,
DCSASS,Shoplifting045_x264,Shoplifting045_x264_6.mp4,Shoplifting045_x264_6,0.0,4.0,sin_ocultamiento,PNA,,Video completo sin ocultamiento,DCSASS__Shoplifting045_x264__Shoplifting045_x264_6.mp4,1.0,4.0,-3.0,False,True,True,
DCSASS,Shoplifting045_x264,Shoplifting045_x264_7.mp4,Shoplifting045_x264_7,0.0,4.0,sin_ocultamiento,PNA,,Video completo sin ocultamiento,DCSASS__Shoplifting045_x264__Shoplifting045_x264_7.mp4,1.0,4.0,-3.0,False,True,True,
DCSASS,Shoplifting045_x264,Shoplifting045_x264_8.mp4,Shoplifting045_x264_8,0.0,4.0,sin_ocultamiento,PNA,,Video completo sin ocultamiento,DCSASS__Shoplifting045_x264__Shoplifting045_x264_8.mp4,1.0,4.0,-3.0,False,True,True,
DCSASS,Shoplifting045_x264,Shoplifting045_x264_9.mp4,Shoplifting045_x264_9,0.0,4.0,sin_ocultamiento,PNA,,Video completo sin ocultamiento,DCSASS__Shoplifting045_x264__Shoplifting045_x264_9.mp4,1.0,4.0,-3.0,False,True,True,
DCSASS,Shoplifting045_x264,Shoplifting045_x264_10.mp4,Shoplifting045_x264_10,0.0,4.0,sin_ocultamiento,PNA,,Video completo sin ocultamiento,DCSASS__Shoplifting045_x264__Shoplifting045_x264_10.mp4,1.0,4.0,-3.0,False,True,True,
DCSASS,Shoplifting045_x264,Shoplifting045_x264_11.mp4,Shoplifting045_x264_11,0.0,4.0,sin_ocultamiento,PNA,,Video completo sin ocultamiento,DCSASS__Shoplifting045_x264__Shoplifting045_x264_11.mp4,1.0,4.0,-3.0,False,True,True,
DCSASS,Shoplifting045_x264,Shoplifting045_x264_12.mp4,Shoplifting045_x264_12,0.0,4.0,sin_ocultamiento,PNA,,Video completo sin ocultamiento,DCSASS__Shoplifting045_x264__Shoplifting045_x264_12.mp4,1.0,4.0,-3.0,False,True,True,
DCSASS,Shoplifting045_x264,Shoplifting045_x264_13.mp4,Shoplifting045_x264_13,0.0,4.0,sin_ocultamiento,PNA,,Video completo sin ocultamiento,DCSASS__Shoplifting045_x264__Shoplifting045_x264_13.mp4,1.0,4.0,-3.0,False,True,True,
DCSASS,Shoplifting045_x264,Shoplifting045_x264_14.mp4,Shoplifting045_x264_14,0.0,4.0,sin_ocultamiento,PNA,,Video completo sin ocultamiento,DCSASS__Shoplifting045_x264__Shoplifting045_x264_14.mp4,1.0,4.0,-3.0,False,True,True,
DCSASS,Shoplifting045_x264,Shoplifting045_x264_15.mp4,Shoplifting045_x264_15,0.0,4.0,sin_ocultamiento,PNA,,Video completo sin ocultamiento,DCSASS__Shoplifting045_x264__Shoplifting045_x264_15.mp4,1.0,4.0,-3.0,False,True,True,
DCSASS,Shoplifting045_x264,Shoplifting045_x264_16.mp4,Shoplifting045_x264_16,0.0,4.0,sin_ocultamiento,PNA,,Video completo sin ocultamiento,DCSASS__Shoplifting045_x264__Shoplifting045_x264_16.mp4,1.0,4.0,-3.0,False,True,True,
DCSASS,Shoplifting045_x264,Shoplifting045_x264_17.mp4,Shoplifting045_x264_17,0.0,4.0,sin_ocultamiento,PNA,,Video completo sin ocultamiento,DCSASS__Shoplifting045_x264__Shoplifting045_x264_17.mp4,1.0,4.0,-3.0,False,True,True,
DCSASS,Shoplifting045_x264,Shoplifting045_x264_18.mp4,Shoplifting045_x264_18,0.0,4.0,sin_ocultamiento,PNA,,Video completo sin ocultamiento,DCSASS__Shoplifting045_x264__Shoplifting045_x264_18.mp4,1.0,4.0,-3.0,False,True,True,
DCSASS,Shoplifting045_x264,Shoplifting045_x264_19.mp4,Shoplifting045_x264_19,0.0,4.0,sin_ocultamiento,PNA,,Video completo sin ocultamiento,DCSASS__Shoplifting045_x264__Shoplifting045_x264_19.mp4,1.0,4.0,-3.0,False,True,True,
DCSASS,Shoplifting045_x264,Shoplifting045_x264_20.mp4,Shoplifting045_x264_20,0.0,4.0,sin_ocultamiento,PNA,,Video completo sin ocultamiento,DCSASS__Shoplifting045_x264__Shoplifting045_x264_20.mp4,1.0,4.0,-3.0,False,True,True,
DCSASS,Shoplifting045_x264,Shoplifting045_x264_21.mp4,Shoplifting045_x264_21,0.0,4.0,sin_ocultamiento,PNA,,Video completo sin ocultamiento,DCSASS__Shoplifting045_x264__Shoplifting045_x264_21.mp4,1.0,4.0,-3.0,False,True,True,
DCSASS,Shoplifting045_x264,Shoplifting045_x264_22.mp4,Shoplifting045_x264_22,0.0,4.0,sin_ocultamiento,PNA,,Video completo sin ocultamiento,DCSASS__Shoplifting045_x264__Shoplifting045_x264_22.mp4,1.0,4.0,-3.0,False,True,True,
DCSASS,Shoplifting045_x264,Shoplifting045_x264_23.mp4,Shoplifting045_x264_23,0.0,4.0,sin_ocultamiento,PNA,,Video completo sin ocultamiento,DCSASS__Shoplifting045_x264__Shoplifting045_x264_23.mp4,1.0,4.0,-3.0,False,True,True,
DCSASS,Shoplifting045_x264,Shoplifting045_x264_24.mp4,Shoplifting045_x264_24,0.0,4.0,sin_ocultamiento,PNA,,Video completo sin ocultamiento,DCSASS__Shoplifting045_x264__Shoplifting045_x264_24.mp4,1.0,4.0,-3.0,False,True,True,
DCSASS,Shoplifting045_x264,Shoplifting045_x264_25.mp4,Shoplifting045_x264_25,0.0,4.0,sin_ocultamiento,PNA,,Video completo sin ocultamiento,DCSASS__Shoplifting045_x264__Shoplifting045_x264_25.mp4,1.0,4.0,-3.0,False,True,True,
DCSASS,Shoplifting045_x264,Shoplifting045_x264_26.mp4,Shoplifting045_x264_26,0.0,4.0,sin_ocultamiento,PNA,,Video completo sin ocultamiento,DCSASS__Shoplifting045_x264__Shoplifting045_x264_26.mp4,1.0,4.0,-3.0,False,True,True,
DCSASS,Shoplifting045_x264,Shoplifting045_x264_27.mp4,Shoplifting045_x264_27,0.0,4.0,sin_ocultamiento,PNA,,Video completo sin ocultamiento,DCSASS__Shoplifting045_x264__Shoplifting045_x264_27.mp4,1.0,4.0,-3.0,False,True,True,
DCSASS,Shoplifting045_x264,Shoplifting045_x264_28.mp4,Shoplifting045_x264_28,0.0,4.0,sin_ocultamiento,PNA,,Video completo sin ocultamiento,DCSASS__Shoplifting045_x264__Shoplifting045_x264_28.mp4,1.0,4.0,-3.0,False,True,True,
DCSASS,Shoplifting045_x264,Shoplifting045_x264_29.mp4,Shoplifting045_x264_29,0.0,4.0,sin_ocultamiento,PNA,,Video completo sin ocultamiento,DCSASS__Shoplifting045_x264__Shoplifting045_x264_29.mp4,1.0,4.0,-3.0,False,True,True,
DCSASS,Shoplifting045_x264,Shoplifting045_x264_30.mp4,Shoplifting045_x264_30,0.0,4.0,sin_ocultamiento,PNA,,Video completo sin ocultamiento,DCSASS__Shoplifting045_x264__Shoplifting045_x264_30.mp4,1.0,4.0,-3.0,False,True,True,
DCSASS,Shoplifting045_x264,Shoplifting045_x264_31.mp4,Shoplifting045_x264_31,0.0,4.0,sin_ocultamiento,PNA,,Video completo sin ocultamiento,DCSASS__Shoplifting045_x264__Shoplifting045_x264_31.mp4,1.0,4.0,-3.0,False,True,True,
DCSASS,Shoplifting047_x264,Shoplifting047_x264_0.mp4,Shoplifting047_x264_0,0.0,4.0,sin_ocultamiento,PNA,,,DCSASS__Shoplifting047_x264__Shoplifting047_x264_0.mp4,2.0,4.0,-2.0,False,True,True,
DCSASS,Shoplifting047_x264,Shoplifting047_x264_1.mp4,Shoplifting047_x264_1,0.0,4.0,sin_ocultamiento,PNA,,,DCSASS__Shoplifting047_x264__Shoplifting047_x264_1.mp4,2.0,4.0,-2.0,False,True,True,
DCSASS,Shoplifting047_x264,Shoplifting047_x264_2.mp4,Shoplifting047_x264_2,0.0,4.0,sin_ocultamiento,PNA,,,DCSASS__Shoplifting047_x264__Shoplifting047_x264_2.mp4,2.0,4.0,-2.0,False,True,True,
DCSASS,Shoplifting047_x264,Shoplifting047_x264_3.mp4,Shoplifting047_x264_3,0.0,4.0,sin_ocultamiento,PNA,,,DCSASS__Shoplifting047_x264__Shoplifting047_x264_3.mp4,2.0,4.0,-2.0,False,True,True,
DCSASS,Shoplifting047_x264,Shoplifting047_x264_4.mp4,Shoplifting047_x264_4,0.0,4.0,sin_ocultamiento,PNA,,,DCSASS__Shoplifting047_x264__Shoplifting047_x264_4.mp4,2.0,4.0,-2.0,False,True,True,
DCSASS,Shoplifting047_x264,Shoplifting047_x264_5.mp4,Shoplifting047_x264_5,0.0,4.0,sin_ocultamiento,P047_1,,,DCSASS__Shoplifting047_x264__Shoplifting047_x264_5.mp4,2.0,4.0,-2.0,False,True,True,
DCSASS,Shoplifting047_x264,Shoplifting047_x264_6.mp4,Shoplifting047_x264_6,0.0,4.0,sin_ocultamiento,P047_1,,,DCSASS__Shoplifting047_x264__Shoplifting047_x264_6.mp4,2.0,4.0,-2.0,False,True,True,
DCSASS,Shoplifting047_x264,Shoplifting047_x264_7.mp4,Shoplifting047_x264_7,0.0,4.0,sin_ocultamiento,P047_1,,,DCSASS__Shoplifting047_x264__Shoplifting047_x264_7.mp4,2.0,4.0,-2.0,False,True,True,
DCSASS,Shoplifting047_x264,Shoplifting047_x264_8.mp4,Shoplifting047_x264_8,0.0,4.0,sin_ocultamiento,P047_1,,,DCSASS__Shoplifting047_x264__Shoplifting047_x264_8.mp4,2.0,4.0,-2.0,False,True,True,
DCSASS,Shoplifting047_x264,Shoplifting047_x264_9.mp4,Shoplifting047_x264_9,0.0,4.0,sin_ocultamiento,P047_1,,,DCSASS__Shoplifting047_x264__Shoplifting047_x264_9.mp4,2.0,4.0,-2.0,False,True,True,
DCSASS,Shoplifting047_x264,Shoplifting047_x264_10.mp4,Shoplifting047_x264_10,0.0,4.0,sin_ocultamiento,P047_1,,,DCSASS__Shoplifting047_x264__Shoplifting047_x264_10.mp4,2.0,4.0,-2.0,False,True,True,
DCSASS,Shoplifting047_x264,Shoplifting047_x264_12.mp4,Shoplifting047_x264_12,0.0,4.0,sin_ocultamiento,P047_1,,,DCSASS__Shoplifting047_x264__Shoplifting047_x264_12.mp4,2.0,4.0,-2.0,False,True,True,
DCSASS,Shoplifting047_x264,Shoplifting047_x264_13.mp4,Shoplifting047_x264_13,0.0,4.0,sin_ocultamiento,P047_1,,,DCSASS__Shoplifting047_x264__Shoplifting047_x264_13.mp4,2.0,4.0,-2.0,False,True,True,
DCSASS,Shoplifting047_x264,Shoplifting047_x264_14.mp4,Shoplifting047_x264_14,0.0,4.0,sin_ocultamiento,P047_1,,,DCSASS__Shoplifting047_x264__Shoplifting047_x264_14.mp4,2.0,4.0,-2.0,False,True,True,
DCSASS,Shoplifting047_x264,Shoplifting047_x264_15.mp4,Shoplifting047_x264_15,0.0,4.0,sin_ocultamiento,P047_1,,,DCSASS__Shoplifting047_x264__Shoplifting047_x264_15.mp4,2.0,4.0,-2.0,False,True,True,
DCSASS,Shoplifting047_x264,Shoplifting047_x264_16.mp4,Shoplifting047_x264_16,0.0,4.0,ocultamiento,P047_1,,,DCSASS__Shoplifting047_x264__Shoplifting047_x264_16.mp4,2.0,4.0,-2.0,False,True,True,
DCSASS,Shoplifting047_x264,Shoplifting047_x264_17.mp4,Shoplifting047_x264_17,0.0,4.0,sin_ocultamiento,P047_2,,,DCSASS__Shoplifting047_x264__Shoplifting047_x264_17.mp4,2.0,4.0,-2.0,False,True,True,
DCSASS,Shoplifting047_x264,Shoplifting047_x264_18.mp4,Shoplifting047_x264_18,0.0,4.0,sin_ocultamiento,P047_2,,,DCSASS__Shoplifting047_x264__Shoplifting047_x264_18.mp4,2.0,4.0,-2.0,False,True,True,
DCSASS,Shoplifting047_x264,Shoplifting047_x264_19.mp4,Shoplifting047_x264_19,0.0,4.0,sin_ocultamiento,P047_2,,,DCSASS__Shoplifting047_x264__Shoplifting047_x264_19.mp4,2.0,4.0,-2.0,False,True,True,
DCSASS,Shoplifting047_x264,Shoplifting047_x264_20.mp4,Shoplifting047_x264_20,0.0,4.0,sin_ocultamiento,P047_2,,,DCSASS__Shoplifting047_x264__Shoplifting047_x264_20.mp4,2.0,4.0,-2.0,False,True,True,
DCSASS,Shoplifting047_x264,Shoplifting047_x264_21.mp4,Shoplifting047_x264_21,0.0,4.0,sin_ocultamiento,P047_2,,,DCSASS__Shoplifting047_x264__Shoplifting047_x264_21.mp4,2.0,4.0,-2.0,False,True,True,
DCSASS,Shoplifting047_x264,Shoplifting047_x264_22.mp4,Shoplifting047_x264_22,0.0,4.0,sin_ocultamiento,P047_2,,,DCSASS__Shoplifting047_x264__Shoplifting047_x264_22.mp4,2.0,4.0,-2.0,False,True,True,
DCSASS,Shoplifting047_x264,Shoplifting047_x264_23.mp4,Shoplifting047_x264_23,0.0,4.0,sin_ocultamiento,P047_2,,,DCSASS__Shoplifting047_x264__Shoplifting047_x264_23.mp4,2.0,4.0,-2.0,False,True,True,
DCSASS,Shoplifting047_x264,Shoplifting047_x264_24.mp4,Shoplifting047_x264_24,0.0,4.0,ocultamiento,P047_2,,,DCSASS__Shoplifting047_x264__Shoplifting047_x264_24.mp4,2.0,4.0,-2.0,False,True,True,
DCSASS,Shoplifting047_x264,Shoplifting047_x264_25.mp4,Shoplifting047_x264_25,0.0,4.0,ocultamiento,P047_2,,,DCSASS__Shoplifting047_x264__Shoplifting047_x264_25.mp4,2.0,4.0,-2.0,False,True,True,
DCSASS,Shoplifting047_x264,Shoplifting047_x264_26.mp4,Shoplifting047_x264_26,0.0,4.0,sin_ocultamiento,P047_2,,,DCSASS__Shoplifting047_x264__Shoplifting047_x264_26.mp4,2.0,4.0,-2.0,False,True,True,
DCSASS,Shoplifting047_x264,Shoplifting047_x264_27.mp4,Shoplifting047_x264_27,0.0,4.0,sin_ocultamiento,P047_2,,,DCSASS__Shoplifting047_x264__Shoplifting047_x264_27.mp4,2.0,4.0,-2.0,False,True,True,
DCSASS,Shoplifting047_x264,Shoplifting047_x264_28.mp4,Shoplifting047_x264_28,0.0,4.0,ocultamiento,P047_2,,,DCSASS__Shoplifting047_x264__Shoplifting047_x264_28.mp4,2.0,4.0,-2.0,False,True,True,
DCSASS,Shoplifting047_x264,Shoplifting047_x264_29.mp4,Shoplifting047_x264_29,0.0,4.0,sin_ocultamiento,P047_2,,,DCSASS__Shoplifting047_x264__Shoplifting047_x264_29.mp4,2.0,4.0,-2.0,False,True,True,
DCSASS,Shoplifting047_x264,Shoplifting047_x264_30.mp4,Shoplifting047_x264_30,0.0,4.0,ocultamiento,P047_1,,,DCSASS__Shoplifting047_x264__Shoplifting047_x264_30.mp4,2.0,4.0,-2.0,False,True,True,
DCSASS,Shoplifting047_x264,Shoplifting047_x264_31.mp4,Shoplifting047_x264_31,0.0,4.0,ocultamiento,P047_1,,,DCSASS__Shoplifting047_x264__Shoplifting047_x264_31.mp4,2.0,4.0,-2.0,False,True,True,
DCSASS,Shoplifting048_x264,Shoplifting048_x264_0.mp4,Shoplifting048_x264_0,0.0,4.0,ocultamiento,P048_1,,,DCSASS__Shoplifting048_x264__Shoplifting048_x264_0.mp4,3.0,4.0,-1.0,False,True,True,
DCSASS,Shoplifting048_x264,Shoplifting048_x264_1.mp4,Shoplifting048_x264_1,0.0,4.0,ocultamiento,P048_1,,,DCSASS__Shoplifting048_x264__Shoplifting048_x264_1.mp4,3.0,4.0,-1.0,False,True,True,
DCSASS,Shoplifting048_x264,Shoplifting048_x264_2.mp4,Shoplifting048_x264_2,0.0,4.0,ocultamiento,P048_1,,,DCSASS__Shoplifting048_x264__Shoplifting048_x264_2.mp4,3.0,4.0,-1.0,False,True,True,
DCSASS,Shoplifting048_x264,Shoplifting048_x264_3.mp4,Shoplifting048_x264_3,0.0,4.0,sin_ocultamiento,P048_1,,,DCSASS__Shoplifting048_x264__Shoplifting048_x264_3.mp4,3.0,4.0,-1.0,False,True,True,
DCSASS,Shoplifting048_x264,Shoplifting048_x264_4.mp4,Shoplifting048_x264_4,0.0,4.0,sin_ocultamiento,P048_1,,,DCSASS__Shoplifting048_x264__Shoplifting048_x264_4.mp4,3.0,4.0,-1.0,False,True,True,
DCSASS,Shoplifting048_x264,Shoplifting048_x264_5.mp4,Shoplifting048_x264_5,0.0,4.0,sin_ocultamiento,P048_1,,,DCSASS__Shoplifting048_x264__Shoplifting048_x264_5.mp4,3.0,4.0,-1.0,False,True,True,
DCSASS,Shoplifting048_x264,Shoplifting048_x264_6.mp4,Shoplifting048_x264_6,0.0,4.0,sin_ocultamiento,P048_1,,,DCSASS__Shoplifting048_x264__Shoplifting048_x264_6.mp4,3.0,4.0,-1.0,False,True,True,
DCSASS,Shoplifting048_x264,Shoplifting048_x264_7.mp4,Shoplifting048_x264_7,0.0,4.0,sin_ocultamiento,P048_1,,,DCSASS__Shoplifting048_x264__Shoplifting048_x264_7.mp4,3.0,4.0,-1.0,False,True,True,
DCSASS,Shoplifting048_x264,Shoplifting048_x264_8.mp4,Shoplifting048_x264_8,0.0,4.0,sin_ocultamiento,P048_1,,,DCSASS__Shoplifting048_x264__Shoplifting048_x264_8.mp4,3.0,4.0,-1.0,False,True,True,
DCSASS,Shoplifting048_x264,Shoplifting048_x264_9.mp4,Shoplifting048_x264_9,0.0,4.0,sin_ocultamiento,P048_1,,,DCSASS__Shoplifting048_x264__Shoplifting048_x264_9.mp4,3.0,4.0,-1.0,False,True,True,
DCSASS,Shoplifting048_x264,Shoplifting048_x264_10.mp4,Shoplifting048_x264_10,0.0,4.0,ocultamiento,P048_2,,,DCSASS__Shoplifting048_x264__Shoplifting048_x264_10.mp4,3.0,4.0,-1.0,False,True,True,
DCSASS,Shoplifting048_x264,Shoplifting048_x264_11.mp4,Shoplifting048_x264_11,0.0,4.0,ocultamiento,P048_2,,,DCSASS__Shoplifting048_x264__Shoplifting048_x264_11.mp4,3.0,4.0,-1.0,False,True,True,
DCSASS,Shoplifting048_x264,Shoplifting048_x264_12.mp4,Shoplifting048_x264_12,0.0,4.0,ocultamiento,P048_2,,,DCSASS__Shoplifting048_x264__Shoplifting048_x264_12.mp4,3.0,4.0,-1.0,False,True,True,
DCSASS,Shoplifting048_x264,Shoplifting048_x264_13.mp4,Shoplifting048_x264_13,0.0,4.0,sin_ocultamiento,P048_2,,,DCSASS__Shoplifting048_x264__Shoplifting048_x264_13.mp4,3.0,4.0,-1.0,False,True,True,
DCSASS,Shoplifting048_x264,Shoplifting048_x264_14.mp4,Shoplifting048_x264_14,0.0,4.0,sin_ocultamiento,P048_2,,,DCSASS__Shoplifting048_x264__Shoplifting048_x264_14.mp4,3.0,4.0,-1.0,False,True,True,
DCSASS,Shoplifting048_x264,Shoplifting048_x264_15.mp4,Shoplifting048_x264_15,0.0,4.0,sin_ocultamiento,P048_2,,,DCSASS__Shoplifting048_x264__Shoplifting048_x264_15.mp4,3.0,4.0,-1.0,False,True,True,
DCSASS,Shoplifting048_x264,Shoplifting048_x264_16.mp4,Shoplifting048_x264_16,0.0,4.0,sin_ocultamiento,PNA,,,DCSASS__Shoplifting048_x264__Shoplifting048_x264_16.mp4,3.0,4.0,-1.0,False,True,True,
DCSASS,Shoplifting048_x264,Shoplifting048_x264_17.mp4,Shoplifting048_x264_17,0.0,4.0,sin_ocultamiento,PNA,,,DCSASS__Shoplifting048_x264__Shoplifting048_x264_17.mp4,3.0,4.0,-1.0,False,True,True,
DCSASS,Shoplifting048_x264,Shoplifting048_x264_18.mp4,Shoplifting048_x264_18,0.0,4.0,sin_ocultamiento,PNA,,,DCSASS__Shoplifting048_x264__Shoplifting048_x264_18.mp4,3.0,4.0,-1.0,False,True,True,
DCSASS,Shoplifting048_x264,Shoplifting048_x264_19.mp4,Shoplifting048_x264_19,0.0,4.0,sin_ocultamiento,PNA,,,DCSASS__Shoplifting048_x264__Shoplifting048_x264_19.mp4,3.0,4.0,-1.0,False,True,True,
DCSASS,Shoplifting048_x264,Shoplifting048_x264_20.mp4,Shoplifting048_x264_20,0.0,4.0,sin_ocultamiento,PNA,,,DCSASS__Shoplifting048_x264__Shoplifting048_x264_20.mp4,3.0,4.0,-1.0,False,True,True,
DCSASS,Shoplifting048_x264,Shoplifting048_x264_21.mp4,Shoplifting048_x264_21,0.0,4.0,sin_ocultamiento,PNA,,,DCSASS__Shoplifting048_x264__Shoplifting048_x264_21.mp4,3.0,4.0,-1.0,False,True,True,
DCSASS,Shoplifting048_x264,Shoplifting048_x264_22.mp4,Shoplifting048_x264_22,0.0,4.0,sin_ocultamiento,PNA,,,DCSASS__Shoplifting048_x264__Shoplifting048_x264_22.mp4,3.0,4.0,-1.0,False,True,True,
DCSASS,Shoplifting048_x264,Shoplifting048_x264_23.mp4,Shoplifting048_x264_23,0.0,4.0,sin_ocultamiento,PNA,,,DCSASS__Shoplifting048_x264__Shoplifting048_x264_23.mp4,3.0,4.0,-1.0,False,True,True,
DCSASS,Shoplifting048_x264,Shoplifting048_x264_24.mp4,Shoplifting048_x264_24,0.0,4.0,sin_ocultamiento,PNA,,,DCSASS__Shoplifting048_x264__Shoplifting048_x264_24.mp4,3.0,4.0,-1.0,False,True,True,
DCSASS,Shoplifting048_x264,Shoplifting048_x264_25.mp4,Shoplifting048_x264_25,0.0,4.0,sin_ocultamiento,PNA,,,DCSASS__Shoplifting048_x264__Shoplifting048_x264_25.mp4,3.0,4.0,-1.0,False,True,True,
DCSASS,Shoplifting048_x264,Shoplifting048_x264_26.mp4,Shoplifting048_x264_26,0.0,4.0,sin_ocultamiento,PNA,,,DCSASS__Shoplifting048_x264__Shoplifting048_x264_26.mp4,3.0,4.0,-1.0,False,True,True,
DCSASS,Shoplifting048_x264,Shoplifting048_x264_27.mp4,Shoplifting048_x264_27,0.0,4.0,sin_ocultamiento,PNA,,,DCSASS__Shoplifting048_x264__Shoplifting048_x264_27.mp4,3.0,4.0,-1.0,False,True,True,
DCSASS,Shoplifting048_x264,Shoplifting048_x264_28.mp4,Shoplifting048_x264_28,0.0,4.0,sin_ocultamiento,PNA,,,DCSASS__Shoplifting048_x264__Shoplifting048_x264_28.mp4,3.0,4.0,-1.0,False,True,True,
DCSASS,Shoplifting048_x264,Shoplifting048_x264_29.mp4,Shoplifting048_x264_29,0.0,4.0,sin_ocultamiento,PNA,,,DCSASS__Shoplifting048_x264__Shoplifting048_x264_29.mp4,3.0,4.0,-1.0,False,True,True,
DCSASS,Shoplifting048_x264,Shoplifting048_x264_30.mp4,Shoplifting048_x264_30,0.0,4.0,sin_ocultamiento,PNA,,,DCSASS__Shoplifting048_x264__Shoplifting048_x264_30.mp4,3.0,4.0,-1.0,False,True,True,
DCSASS,Shoplifting048_x264,Shoplifting048_x264_31.mp4,Shoplifting048_x264_31,0.0,4.0,sin_ocultamiento,PNA,,,DCSASS__Shoplifting048_x264__Shoplifting048_x264_31.mp4,3.0,4.0,-1.0,False,True,True,
DCSASS,Shoplifting049_x264,Shoplifting049_x264_0.mp4,Shoplifting049_x264_0,0.0,4.0,sin_ocultamiento,PNA,,,DCSASS__Shoplifting049_x264__Shoplifting049_x264_0.mp4,2.0,4.0,-2.0,False,True,True,
DCSASS,Shoplifting049_x264,Shoplifting049_x264_1.mp4,Shoplifting049_x264_1,0.0,4.0,sin_ocultamiento,PNA,,,DCSASS__Shoplifting049_x264__Shoplifting049_x264_1.mp4,2.0,4.0,-2.0,False,True,True,
DCSASS,Shoplifting049_x264,Shoplifting049_x264_2.mp4,Shoplifting049_x264_2,0.0,4.0,sin_ocultamiento,PNA,,,DCSASS__Shoplifting049_x264__Shoplifting049_x264_2.mp4,2.0,4.0,-2.0,False,True,True,
DCSASS,Shoplifting049_x264,Shoplifting049_x264_3.mp4,Shoplifting049_x264_3,0.0,4.0,sin_ocultamiento,PNA,,,DCSASS__Shoplifting049_x264__Shoplifting049_x264_3.mp4,2.0,4.0,-2.0,False,True,True,
DCSASS,Shoplifting049_x264,Shoplifting049_x264_4.mp4,Shoplifting049_x264_4,0.0,4.0,sin_ocultamiento,PNA,,,DCSASS__Shoplifting049_x264__Shoplifting049_x264_4.mp4,2.0,4.0,-2.0,False,True,True,
DCSASS,Shoplifting049_x264,Shoplifting049_x264_5.mp4,Shoplifting049_x264_5,0.0,4.0,sin_ocultamiento,PNA,,,DCSASS__Shoplifting049_x264__Shoplifting049_x264_5.mp4,2.0,4.0,-2.0,False,True,True,
DCSASS,Shoplifting049_x264,Shoplifting049_x264_6.mp4,Shoplifting049_x264_6,0.0,4.0,sin_ocultamiento,PNA,,,DCSASS__Shoplifting049_x264__Shoplifting049_x264_6.mp4,2.0,4.0,-2.0,False,True,True,
DCSASS,Shoplifting049_x264,Shoplifting049_x264_7.mp4,Shoplifting049_x264_7,0.0,4.0,sin_ocultamiento,PNA,,,DCSASS__Shoplifting049_x264__Shoplifting049_x264_7.mp4,2.0,4.0,-2.0,False,True,True,
DCSASS,Shoplifting049_x264,Shoplifting049_x264_8.mp4,Shoplifting049_x264_8,0.0,4.0,sin_ocultamiento,PNA,,,DCSASS__Shoplifting049_x264__Shoplifting049_x264_8.mp4,2.0,4.0,-2.0,False,True,True,
DCSASS,Shoplifting049_x264,Shoplifting049_x264_9.mp4,Shoplifting049_x264_9,0.0,4.0,sin_ocultamiento,PNA,,,DCSASS__Shoplifting049_x264__Shoplifting049_x264_9.mp4,2.0,4.0,-2.0,False,True,True,
DCSASS,Shoplifting049_x264,Shoplifting049_x264_10.mp4,Shoplifting049_x264_10,0.0,4.0,sin_ocultamiento,PNA,,,DCSASS__Shoplifting049_x264__Shoplifting049_x264_10.mp4,2.0,4.0,-2.0,False,True,True,
DCSASS,Shoplifting049_x264,Shoplifting049_x264_11.mp4,Shoplifting049_x264_11,0.0,4.0,sin_ocultamiento,PNA,,,DCSASS__Shoplifting049_x264__Shoplifting049_x264_11.mp4,2.0,4.0,-2.0,False,True,True,
DCSASS,Shoplifting049_x264,Shoplifting049_x264_12.mp4,Shoplifting049_x264_12,0.0,4.0,sin_ocultamiento,PNA,,,DCSASS__Shoplifting049_x264__Shoplifting049_x264_12.mp4,2.0,4.0,-2.0,False,True,True,
DCSASS,Shoplifting049_x264,Shoplifting049_x264_13.mp4,Shoplifting049_x264_13,0.0,4.0,sin_ocultamiento,PNA,,,DCSASS__Shoplifting049_x264__Shoplifting049_x264_13.mp4,2.0,4.0,-2.0,False,True,True,
DCSASS,Shoplifting049_x264,Shoplifting049_x264_14.mp4,Shoplifting049_x264_14,0.0,4.0,sin_ocultamiento,P049_1,,,DCSASS__Shoplifting049_x264__Shoplifting049_x264_14.mp4,2.0,4.0,-2.0,False,True,True,
DCSASS,Shoplifting049_x264,Shoplifting049_x264_15.mp4,Shoplifting049_x264_15,0.0,4.0,sin_ocultamiento,P049_1,,,DCSASS__Shoplifting049_x264__Shoplifting049_x264_15.mp4,2.0,4.0,-2.0,False,True,True,
DCSASS,Shoplifting049_x264,Shoplifting049_x264_16.mp4,Shoplifting049_x264_16,0.0,4.0,sin_ocultamiento,P049_1,,,DCSASS__Shoplifting049_x264__Shoplifting049_x264_16.mp4,2.0,4.0,-2.0,False,True,True,
DCSASS,Shoplifting049_x264,Shoplifting049_x264_17.mp4,Shoplifting049_x264_17,0.0,4.0,sin_ocultamiento,P049_1,,,DCSASS__Shoplifting049_x264__Shoplifting049_x264_17.mp4,2.0,4.0,-2.0,False,True,True,
DCSASS,Shoplifting049_x264,Shoplifting049_x264_18.mp4,Shoplifting049_x264_18,0.0,4.0,sin_ocultamiento,P049_1,,,DCSASS__Shoplifting049_x264__Shoplifting049_x264_18.mp4,2.0,4.0,-2.0,False,True,True,
DCSASS,Shoplifting049_x264,Shoplifting049_x264_19.mp4,Shoplifting049_x264_19,0.0,4.0,sin_ocultamiento,P049_1,,,DCSASS__Shoplifting049_x264__Shoplifting049_x264_19.mp4,2.0,4.0,-2.0,False,True,True,
DCSASS,Shoplifting049_x264,Shoplifting049_x264_20.mp4,Shoplifting049_x264_20,0.0,4.0,ocultamiento,P049_1,,,DCSASS__Shoplifting049_x264__Shoplifting049_x264_20.mp4,2.0,4.0,-2.0,False,True,True,
DCSASS,Shoplifting049_x264,Shoplifting049_x264_21.mp4,Shoplifting049_x264_21,0.0,4.0,ocultamiento,P049_1,,,DCSASS__Shoplifting049_x264__Shoplifting049_x264_21.mp4,2.0,4.0,-2.0,False,True,True,
DCSASS,Shoplifting049_x264,Shoplifting049_x264_22.mp4,Shoplifting049_x264_22,0.0,4.0,ocultamiento,P049_1,,,DCSASS__Shoplifting049_x264__Shoplifting049_x264_22.mp4,2.0,4.0,-2.0,False,True,True,
DCSASS,Shoplifting049_x264,Shoplifting049_x264_23.mp4,Shoplifting049_x264_23,0.0,4.0,sin_ocultamiento,P049_1,,,DCSASS__Shoplifting049_x264__Shoplifting049_x264_23.mp4,2.0,4.0,-2.0,False,True,True,
DCSASS,Shoplifting049_x264,Shoplifting049_x264_24.mp4,Shoplifting049_x264_24,0.0,4.0,sin_ocultamiento,P049_1,,,DCSASS__Shoplifting049_x264__Shoplifting049_x264_24.mp4,2.0,4.0,-2.0,False,True,True,
DCSASS,Shoplifting049_x264,Shoplifting049_x264_25.mp4,Shoplifting049_x264_25,0.0,4.0,sin_ocultamiento,P049_1,,,DCSASS__Shoplifting049_x264__Shoplifting049_x264_25.mp4,2.0,4.0,-2.0,False,True,True,
DCSASS,Shoplifting049_x264,Shoplifting049_x264_26.mp4,Shoplifting049_x264_26,0.0,4.0,sin_ocultamiento,P049_1,,,DCSASS__Shoplifting049_x264__Shoplifting049_x264_26.mp4,2.0,4.0,-2.0,False,True,True,
DCSASS,Shoplifting049_x264,Shoplifting049_x264_27.mp4,Shoplifting049_x264_27,0.0,4.0,sin_ocultamiento,P049_1,,,DCSASS__Shoplifting049_x264__Shoplifting049_x264_27.mp4,2.0,4.0,-2.0,False,True,True,
DCSASS,Shoplifting049_x264,Shoplifting049_x264_28.mp4,Shoplifting049_x264_28,0.0,4.0,sin_ocultamiento,P049_1,,,DCSASS__Shoplifting049_x264__Shoplifting049_x264_28.mp4,2.0,4.0,-2.0,False,True,True,
DCSASS,Shoplifting049_x264,Shoplifting049_x264_29.mp4,Shoplifting049_x264_29,0.0,4.0,sin_ocultamiento,P049_1,,,DCSASS__Shoplifting049_x264__Shoplifting049_x264_29.mp4,2.0,4.0,-2.0,False,True,True,
DCSASS,Shoplifting049_x264,Shoplifting049_x264_30.mp4,Shoplifting049_x264_30,0.0,4.0,sin_ocultamiento,PNA,,,DCSASS__Shoplifting049_x264__Shoplifting049_x264_30.mp4,2.0,4.0,-2.0,False,True,True,
DCSASS,Shoplifting049_x264,Shoplifting049_x264_31.mp4,Shoplifting049_x264_31,0.0,4.0,sin_ocultamiento,PNA,,,DCSASS__Shoplifting049_x264__Shoplifting049_x264_31.mp4,2.0,4.0,-2.0,False,True,True,
DCSASS,Shoplifting050_x264,Shoplifting050_x264_0.mp4,Shoplifting050_x264_0,0.0,4.0,sin_ocultamiento,PNA,,Video completo sin ocultamiento,DCSASS__Shoplifting050_x264__Shoplifting050_x264_0.mp4,2.0,4.0,-2.0,False,True,True,
DCSASS,Shoplifting050_x264,Shoplifting050_x264_1.mp4,Shoplifting050_x264_1,0.0,4.0,sin_ocultamiento,PNA,,Video completo sin ocultamiento,DCSASS__Shoplifting050_x264__Shoplifting050_x264_1.mp4,2.0,4.0,-2.0,False,True,True,
DCSASS,Shoplifting050_x264,Shoplifting050_x264_2.mp4,Shoplifting050_x264_2,0.0,4.0,sin_ocultamiento,PNA,,Video completo sin ocultamiento,DCSASS__Shoplifting050_x264__Shoplifting050_x264_2.mp4,2.0,4.0,-2.0,False,True,True,
DCSASS,Shoplifting050_x264,Shoplifting050_x264_3.mp4,Shoplifting050_x264_3,0.0,4.0,sin_ocultamiento,PNA,,Video completo sin ocultamiento,DCSASS__Shoplifting050_x264__Shoplifting050_x264_3.mp4,2.0,4.0,-2.0,False,True,True,
DCSASS,Shoplifting050_x264,Shoplifting050_x264_4.mp4,Shoplifting050_x264_4,0.0,4.0,sin_ocultamiento,PNA,,Video completo sin ocultamiento,DCSASS__Shoplifting050_x264__Shoplifting050_x264_4.mp4,2.0,4.0,-2.0,False,True,True,
DCSASS,Shoplifting050_x264,Shoplifting050_x264_5.mp4,Shoplifting050_x264_5,0.0,4.0,sin_ocultamiento,PNA,,Video completo sin ocultamiento,DCSASS__Shoplifting050_x264__Shoplifting050_x264_5.mp4,2.0,4.0,-2.0,False,True,True,
DCSASS,Shoplifting050_x264,Shoplifting050_x264_6.mp4,Shoplifting050_x264_6,0.0,4.0,sin_ocultamiento,PNA,,Video completo sin ocultamiento,DCSASS__Shoplifting050_x264__Shoplifting050_x264_6.mp4,2.0,4.0,-2.0,False,True,True,
DCSASS,Shoplifting050_x264,Shoplifting050_x264_7.mp4,Shoplifting050_x264_7,0.0,4.0,sin_ocultamiento,PNA,,Video completo sin ocultamiento,DCSASS__Shoplifting050_x264__Shoplifting050_x264_7.mp4,2.0,4.0,-2.0,False,True,True,
DCSASS,Shoplifting050_x264,Shoplifting050_x264_8.mp4,Shoplifting050_x264_8,0.0,4.0,sin_ocultamiento,PNA,,Video completo sin ocultamiento,DCSASS__Shoplifting050_x264__Shoplifting050_x264_8.mp4,2.0,4.0,-2.0,False,True,True,
DCSASS,Shoplifting050_x264,Shoplifting050_x264_9.mp4,Shoplifting050_x264_9,0.0,4.0,sin_ocultamiento,PNA,,Video completo sin ocultamiento,DCSASS__Shoplifting050_x264__Shoplifting050_x264_9.mp4,2.0,4.0,-2.0,False,True,True,
DCSASS,Shoplifting050_x264,Shoplifting050_x264_10.mp4,Shoplifting050_x264_10,0.0,4.0,sin_ocultamiento,PNA,,Video completo sin ocultamiento,DCSASS__Shoplifting050_x264__Shoplifting050_x264_10.mp4,2.0,4.0,-2.0,False,True,True,
DCSASS,Shoplifting050_x264,Shoplifting050_x264_11.mp4,Shoplifting050_x264_11,0.0,4.0,sin_ocultamiento,PNA,,Video completo sin ocultamiento,DCSASS__Shoplifting050_x264__Shoplifting050_x264_11.mp4,2.0,4.0,-2.0,False,True,True,
DCSASS,Shoplifting050_x264,Shoplifting050_x264_12.mp4,Shoplifting050_x264_12,0.0,4.0,sin_ocultamiento,PNA,,Video completo sin ocultamiento,DCSASS__Shoplifting050_x264__Shoplifting050_x264_12.mp4,2.0,4.0,-2.0,False,True,True,
DCSASS,Shoplifting050_x264,Shoplifting050_x264_13.mp4,Shoplifting050_x264_13,0.0,4.0,sin_ocultamiento,PNA,,Video completo sin ocultamiento,DCSASS__Shoplifting050_x264__Shoplifting050_x264_13.mp4,2.0,4.0,-2.0,False,True,True,
DCSASS,Shoplifting050_x264,Shoplifting050_x264_14.mp4,Shoplifting050_x264_14,0.0,4.0,sin_ocultamiento,PNA,,Video completo sin ocultamiento,DCSASS__Shoplifting050_x264__Shoplifting050_x264_14.mp4,2.0,4.0,-2.0,False,True,True,
DCSASS,Shoplifting050_x264,Shoplifting050_x264_15.mp4,Shoplifting050_x264_15,0.0,4.0,sin_ocultamiento,PNA,,Video completo sin ocultamiento,DCSASS__Shoplifting050_x264__Shoplifting050_x264_15.mp4,2.0,4.0,-2.0,False,True,True,
DCSASS,Shoplifting050_x264,Shoplifting050_x264_16.mp4,Shoplifting050_x264_16,0.0,4.0,sin_ocultamiento,PNA,,Video completo sin ocultamiento,DCSASS__Shoplifting050_x264__Shoplifting050_x264_16.mp4,2.0,4.0,-2.0,False,True,True,
DCSASS,Shoplifting050_x264,Shoplifting050_x264_17.mp4,Shoplifting050_x264_17,0.0,4.0,sin_ocultamiento,PNA,,Video completo sin ocultamiento,DCSASS__Shoplifting050_x264__Shoplifting050_x264_17.mp4,2.0,4.0,-2.0,False,True,True,
DCSASS,Shoplifting050_x264,Shoplifting050_x264_18.mp4,Shoplifting050_x264_18,0.0,4.0,sin_ocultamiento,PNA,,Video completo sin ocultamiento,DCSASS__Shoplifting050_x264__Shoplifting050_x264_18.mp4,2.0,4.0,-2.0,False,True,True,
DCSASS,Shoplifting050_x264,Shoplifting050_x264_19.mp4,Shoplifting050_x264_19,0.0,4.0,sin_ocultamiento,PNA,,Video completo sin ocultamiento,DCSASS__Shoplifting050_x264__Shoplifting050_x264_19.mp4,2.0,4.0,-2.0,False,True,True,
DCSASS,Shoplifting050_x264,Shoplifting050_x264_20.mp4,Shoplifting050_x264_20,0.0,4.0,sin_ocultamiento,PNA,,Video completo sin ocultamiento,DCSASS__Shoplifting050_x264__Shoplifting050_x264_20.mp4,2.0,4.0,-2.0,False,True,True,
DCSASS,Shoplifting050_x264,Shoplifting050_x264_21.mp4,Shoplifting050_x264_21,0.0,4.0,sin_ocultamiento,PNA,,Video completo sin ocultamiento,DCSASS__Shoplifting050_x264__Shoplifting050_x264_21.mp4,2.0,4.0,-2.0,False,True,True,
DCSASS,Shoplifting050_x264,Shoplifting050_x264_22.mp4,Shoplifting050_x264_22,0.0,4.0,sin_ocultamiento,PNA,,Video completo sin ocultamiento,DCSASS__Shoplifting050_x264__Shoplifting050_x264_22.mp4,2.0,4.0,-2.0,False,True,True,
DCSASS,Shoplifting050_x264,Shoplifting050_x264_23.mp4,Shoplifting050_x264_23,0.0,4.0,sin_ocultamiento,PNA,,Video completo sin ocultamiento,DCSASS__Shoplifting050_x264__Shoplifting050_x264_23.mp4,2.0,4.0,-2.0,False,True,True,
DCSASS,Shoplifting050_x264,Shoplifting050_x264_24.mp4,Shoplifting050_x264_24,0.0,4.0,sin_ocultamiento,PNA,,Video completo sin ocultamiento,DCSASS__Shoplifting050_x264__Shoplifting050_x264_24.mp4,2.0,4.0,-2.0,False,True,True,
DCSASS,Shoplifting050_x264,Shoplifting050_x264_25.mp4,Shoplifting050_x264_25,0.0,4.0,sin_ocultamiento,PNA,,Video completo sin ocultamiento,DCSASS__Shoplifting050_x264__Shoplifting050_x264_25.mp4,2.0,4.0,-2.0,False,True,True,
DCSASS,Shoplifting050_x264,Shoplifting050_x264_26.mp4,Shoplifting050_x264_26,0.0,4.0,sin_ocultamiento,PNA,,Video completo sin ocultamiento,DCSASS__Shoplifting050_x264__Shoplifting050_x264_26.mp4,2.0,4.0,-2.0,False,True,True,
DCSASS,Shoplifting050_x264,Shoplifting050_x264_27.mp4,Shoplifting050_x264_27,0.0,4.0,sin_ocultamiento,PNA,,Video completo sin ocultamiento,DCSASS__Shoplifting050_x264__Shoplifting050_x264_27.mp4,2.0,4.0,-2.0,False,True,True,
DCSASS,Shoplifting050_x264,Shoplifting050_x264_28.mp4,Shoplifting050_x264_28,0.0,4.0,sin_ocultamiento,PNA,,Video completo sin ocultamiento,DCSASS__Shoplifting050_x264__Shoplifting050_x264_28.mp4,2.0,4.0,-2.0,False,True,True,
DCSASS,Shoplifting050_x264,Shoplifting050_x264_29.mp4,Shoplifting050_x264_29,0.0,4.0,sin_ocultamiento,PNA,,Video completo sin ocultamiento,DCSASS__Shoplifting050_x264__Shoplifting050_x264_29.mp4,2.0,4.0,-2.0,False,True,True,
DCSASS,Shoplifting050_x264,Shoplifting050_x264_30.mp4,Shoplifting050_x264_30,0.0,4.0,sin_ocultamiento,PNA,,Video completo sin ocultamiento,DCSASS__Shoplifting050_x264__Shoplifting050_x264_30.mp4,2.0,4.0,-2.0,False,True,True,
DCSASS,Shoplifting050_x264,Shoplifting050_x264_31.mp4,Shoplifting050_x264_31,0.0,4.0,sin_ocultamiento,PNA,,Video completo sin ocultamiento,DCSASS__Shoplifting050_x264__Shoplifting050_x264_31.mp4,2.0,4.0,-2.0,False,True,True,
DCSASS,Shoplifting053_x264,Shoplifting053_x264_0.mp4,Shoplifting053_x264_0,0.0,4.0,sin_ocultamiento,PNA,,Video completo sin ocultamiento,DCSASS__Shoplifting053_x264__Shoplifting053_x264_0.mp4,2.0,4.0,-2.0,False,True,True,
DCSASS,Shoplifting053_x264,Shoplifting053_x264_1.mp4,Shoplifting053_x264_1,0.0,4.0,sin_ocultamiento,PNA,,Video completo sin ocultamiento,DCSASS__Shoplifting053_x264__Shoplifting053_x264_1.mp4,2.0,4.0,-2.0,False,True,True,
DCSASS,Shoplifting053_x264,Shoplifting053_x264_2.mp4,Shoplifting053_x264_2,0.0,4.0,sin_ocultamiento,PNA,,Video completo sin ocultamiento,DCSASS__Shoplifting053_x264__Shoplifting053_x264_2.mp4,2.0,4.0,-2.0,False,True,True,
DCSASS,Shoplifting053_x264,Shoplifting053_x264_3.mp4,Shoplifting053_x264_3,0.0,4.0,sin_ocultamiento,PNA,,Video completo sin ocultamiento,DCSASS__Shoplifting053_x264__Shoplifting053_x264_3.mp4,2.0,4.0,-2.0,False,True,True,
DCSASS,Shoplifting053_x264,Shoplifting053_x264_4.mp4,Shoplifting053_x264_4,0.0,4.0,sin_ocultamiento,PNA,,Video completo sin ocultamiento,DCSASS__Shoplifting053_x264__Shoplifting053_x264_4.mp4,2.0,4.0,-2.0,False,True,True,
DCSASS,Shoplifting053_x264,Shoplifting053_x264_5.mp4,Shoplifting053_x264_5,0.0,4.0,sin_ocultamiento,PNA,,Video completo sin ocultamiento,DCSASS__Shoplifting053_x264__Shoplifting053_x264_5.mp4,2.0,4.0,-2.0,False,True,True,
DCSASS,Shoplifting053_x264,Shoplifting053_x264_6.mp4,Shoplifting053_x264_6,0.0,4.0,sin_ocultamiento,PNA,,Video completo sin ocultamiento,DCSASS__Shoplifting053_x264__Shoplifting053_x264_6.mp4,2.0,4.0,-2.0,False,True,True,
DCSASS,Shoplifting053_x264,Shoplifting053_x264_7.mp4,Shoplifting053_x264_7,0.0,4.0,sin_ocultamiento,PNA,,Video completo sin ocultamiento,DCSASS__Shoplifting053_x264__Shoplifting053_x264_7.mp4,2.0,4.0,-2.0,False,True,True,
DCSASS,Shoplifting053_x264,Shoplifting053_x264_8.mp4,Shoplifting053_x264_8,0.0,4.0,sin_ocultamiento,PNA,,Video completo sin ocultamiento,DCSASS__Shoplifting053_x264__Shoplifting053_x264_8.mp4,2.0,4.0,-2.0,False,True,True,
DCSASS,Shoplifting053_x264,Shoplifting053_x264_9.mp4,Shoplifting053_x264_9,0.0,4.0,sin_ocultamiento,PNA,,Video completo sin ocultamiento,DCSASS__Shoplifting053_x264__Shoplifting053_x264_9.mp4,2.0,4.0,-2.0,False,True,True,
DCSASS,Shoplifting053_x264,Shoplifting053_x264_10.mp4,Shoplifting053_x264_10,0.0,4.0,sin_ocultamiento,PNA,,Video completo sin ocultamiento,DCSASS__Shoplifting053_x264__Shoplifting053_x264_10.mp4,2.0,4.0,-2.0,False,True,True,
DCSASS,Shoplifting053_x264,Shoplifting053_x264_11.mp4,Shoplifting053_x264_11,0.0,4.0,sin_ocultamiento,PNA,,Video completo sin ocultamiento,DCSASS__Shoplifting053_x264__Shoplifting053_x264_11.mp4,2.0,4.0,-2.0,False,True,True,
DCSASS,Shoplifting053_x264,Shoplifting053_x264_12.mp4,Shoplifting053_x264_12,0.0,4.0,sin_ocultamiento,PNA,,Video completo sin ocultamiento,DCSASS__Shoplifting053_x264__Shoplifting053_x264_12.mp4,2.0,4.0,-2.0,False,True,True,
DCSASS,Shoplifting053_x264,Shoplifting053_x264_13.mp4,Shoplifting053_x264_13,0.0,4.0,sin_ocultamiento,PNA,,Video completo sin ocultamiento,DCSASS__Shoplifting053_x264__Shoplifting053_x264_13.mp4,2.0,4.0,-2.0,False,True,True,
DCSASS,Shoplifting053_x264,Shoplifting053_x264_14.mp4,Shoplifting053_x264_14,0.0,4.0,sin_ocultamiento,PNA,,Video completo sin ocultamiento,DCSASS__Shoplifting053_x264__Shoplifting053_x264_14.mp4,2.0,4.0,-2.0,False,True,True,
DCSASS,Shoplifting053_x264,Shoplifting053_x264_15.mp4,Shoplifting053_x264_15,0.0,4.0,sin_ocultamiento,PNA,,Video completo sin ocultamiento,DCSASS__Shoplifting053_x264__Shoplifting053_x264_15.mp4,2.0,4.0,-2.0,False,True,True,
DCSASS,Shoplifting053_x264,Shoplifting053_x264_16.mp4,Shoplifting053_x264_16,0.0,4.0,sin_ocultamiento,PNA,,Video completo sin ocultamiento,DCSASS__Shoplifting053_x264__Shoplifting053_x264_16.mp4,2.0,4.0,-2.0,False,True,True,
DCSASS,Shoplifting053_x264,Shoplifting053_x264_17.mp4,Shoplifting053_x264_17,0.0,4.0,sin_ocultamiento,PNA,,Video completo sin ocultamiento,DCSASS__Shoplifting053_x264__Shoplifting053_x264_17.mp4,2.0,4.0,-2.0,False,True,True,
DCSASS,Shoplifting053_x264,Shoplifting053_x264_18.mp4,Shoplifting053_x264_18,0.0,4.0,sin_ocultamiento,PNA,,Video completo sin ocultamiento,DCSASS__Shoplifting053_x264__Shoplifting053_x264_18.mp4,2.0,4.0,-2.0,False,True,True,
DCSASS,Shoplifting053_x264,Shoplifting053_x264_19.mp4,Shoplifting053_x264_19,0.0,4.0,sin_ocultamiento,PNA,,Video completo sin ocultamiento,DCSASS__Shoplifting053_x264__Shoplifting053_x264_19.mp4,2.0,4.0,-2.0,False,True,True,
DCSASS,Shoplifting053_x264,Shoplifting053_x264_20.mp4,Shoplifting053_x264_20,0.0,4.0,sin_ocultamiento,PNA,,Video completo sin ocultamiento,DCSASS__Shoplifting053_x264__Shoplifting053_x264_20.mp4,2.0,4.0,-2.0,False,True,True,
DCSASS,Shoplifting053_x264,Shoplifting053_x264_21.mp4,Shoplifting053_x264_21,0.0,4.0,sin_ocultamiento,PNA,,Video completo sin ocultamiento,DCSASS__Shoplifting053_x264__Shoplifting053_x264_21.mp4,2.0,4.0,-2.0,False,True,True,
DCSASS,Shoplifting053_x264,Shoplifting053_x264_22.mp4,Shoplifting053_x264_22,0.0,4.0,sin_ocultamiento,PNA,,Video completo sin ocultamiento,DCSASS__Shoplifting053_x264__Shoplifting053_x264_22.mp4,2.0,4.0,-2.0,False,True,True,
DCSASS,Shoplifting053_x264,Shoplifting053_x264_23.mp4,Shoplifting053_x264_23,0.0,4.0,sin_ocultamiento,PNA,,Video completo sin ocultamiento,DCSASS__Shoplifting053_x264__Shoplifting053_x264_23.mp4,2.0,4.0,-2.0,False,True,True,
DCSASS,Shoplifting053_x264,Shoplifting053_x264_24.mp4,Shoplifting053_x264_24,0.0,4.0,sin_ocultamiento,PNA,,Video completo sin ocultamiento,DCSASS__Shoplifting053_x264__Shoplifting053_x264_24.mp4,2.0,4.0,-2.0,False,True,True,
DCSASS,Shoplifting053_x264,Shoplifting053_x264_25.mp4,Shoplifting053_x264_25,0.0,4.0,sin_ocultamiento,PNA,,Video completo sin ocultamiento,DCSASS__Shoplifting053_x264__Shoplifting053_x264_25.mp4,2.0,4.0,-2.0,False,True,True,
DCSASS,Shoplifting053_x264,Shoplifting053_x264_26.mp4,Shoplifting053_x264_26,0.0,4.0,sin_ocultamiento,PNA,,Video completo sin ocultamiento,DCSASS__Shoplifting053_x264__Shoplifting053_x264_26.mp4,2.0,4.0,-2.0,False,True,True,
DCSASS,Shoplifting053_x264,Shoplifting053_x264_27.mp4,Shoplifting053_x264_27,0.0,4.0,sin_ocultamiento,PNA,,Video completo sin ocultamiento,DCSASS__Shoplifting053_x264__Shoplifting053_x264_27.mp4,2.0,4.0,-2.0,False,True,True,
DCSASS,Shoplifting053_x264,Shoplifting053_x264_28.mp4,Shoplifting053_x264_28,0.0,4.0,sin_ocultamiento,PNA,,Video completo sin ocultamiento,DCSASS__Shoplifting053_x264__Shoplifting053_x264_28.mp4,2.0,4.0,-2.0,False,True,True,
DCSASS,Shoplifting053_x264,Shoplifting053_x264_29.mp4,Shoplifting053_x264_29,0.0,4.0,sin_ocultamiento,PNA,,Video completo sin ocultamiento,DCSASS__Shoplifting053_x264__Shoplifting053_x264_29.mp4,2.0,4.0,-2.0,False,True,True,
DCSASS,Shoplifting053_x264,Shoplifting053_x264_30.mp4,Shoplifting053_x264_30,0.0,4.0,sin_ocultamiento,PNA,,Video completo sin ocultamiento,DCSASS__Shoplifting053_x264__Shoplifting053_x264_30.mp4,2.0,4.0,-2.0,False,True,True,
DCSASS,Shoplifting053_x264,Shoplifting053_x264_31.mp4,Shoplifting053_x264_31,0.0,4.0,sin_ocultamiento,PNA,,Video completo sin ocultamiento,DCSASS__Shoplifting053_x264__Shoplifting053_x264_31.mp4,2.0,4.0,-2.0,False,True,True,
DCSASS,Shoplifting054_x264,Shoplifting054_x264_0.mp4,Shoplifting054_x264_0,0.0,4.0,sin_ocultamiento,P054_1,,,DCSASS__Shoplifting054_x264__Shoplifting054_x264_0.mp4,1.0,4.0,-3.0,False,True,True,
DCSASS,Shoplifting054_x264,Shoplifting054_x264_1.mp4,Shoplifting054_x264_1,0.0,4.0,sin_ocultamiento,P054_1,,,DCSASS__Shoplifting054_x264__Shoplifting054_x264_1.mp4,1.0,4.0,-3.0,False,True,True,
DCSASS,Shoplifting054_x264,Shoplifting054_x264_2.mp4,Shoplifting054_x264_2,0.0,4.0,sin_ocultamiento,P054_1,,,DCSASS__Shoplifting054_x264__Shoplifting054_x264_2.mp4,1.0,4.0,-3.0,False,True,True,
DCSASS,Shoplifting054_x264,Shoplifting054_x264_3.mp4,Shoplifting054_x264_3,0.0,4.0,sin_ocultamiento,P054_1,,,DCSASS__Shoplifting054_x264__Shoplifting054_x264_3.mp4,1.0,4.0,-3.0,False,True,True,
DCSASS,Shoplifting054_x264,Shoplifting054_x264_4.mp4,Shoplifting054_x264_4,0.0,4.0,sin_ocultamiento,P054_1,,,DCSASS__Shoplifting054_x264__Shoplifting054_x264_4.mp4,1.0,4.0,-3.0,False,True,True,
DCSASS,Shoplifting054_x264,Shoplifting054_x264_5.mp4,Shoplifting054_x264_5,0.0,4.0,sin_ocultamiento,P054_1,,,DCSASS__Shoplifting054_x264__Shoplifting054_x264_5.mp4,1.0,4.0,-3.0,False,True,True,
DCSASS,Shoplifting054_x264,Shoplifting054_x264_6.mp4,Shoplifting054_x264_6,0.0,4.0,sin_ocultamiento,P054_1,,,DCSASS__Shoplifting054_x264__Shoplifting054_x264_6.mp4,1.0,4.0,-3.0,False,True,True,
DCSASS,Shoplifting054_x264,Shoplifting054_x264_7.mp4,Shoplifting054_x264_7,0.0,4.0,sin_ocultamiento,P054_1,,,DCSASS__Shoplifting054_x264__Shoplifting054_x264_7.mp4,1.0,4.0,-3.0,False,True,True,
DCSASS,Shoplifting054_x264,Shoplifting054_x264_8.mp4,Shoplifting054_x264_8,0.0,4.0,sin_ocultamiento,P054_1,,,DCSASS__Shoplifting054_x264__Shoplifting054_x264_8.mp4,1.0,4.0,-3.0,False,True,True,
DCSASS,Shoplifting054_x264,Shoplifting054_x264_9.mp4,Shoplifting054_x264_9,0.0,4.0,sin_ocultamiento,P054_1,,,DCSASS__Shoplifting054_x264__Shoplifting054_x264_9.mp4,1.0,4.0,-3.0,False,True,True,
DCSASS,Shoplifting054_x264,Shoplifting054_x264_10.mp4,Shoplifting054_x264_10,0.0,4.0,sin_ocultamiento,P054_1,,,DCSASS__Shoplifting054_x264__Shoplifting054_x264_10.mp4,1.0,4.0,-3.0,False,True,True,
DCSASS,Shoplifting054_x264,Shoplifting054_x264_11.mp4,Shoplifting054_x264_11,0.0,4.0,sin_ocultamiento,P054_1,,,DCSASS__Shoplifting054_x264__Shoplifting054_x264_11.mp4,1.0,4.0,-3.0,False,True,True,
DCSASS,Shoplifting054_x264,Shoplifting054_x264_12.mp4,Shoplifting054_x264_12,0.0,4.0,sin_ocultamiento,P054_1,,,DCSASS__Shoplifting054_x264__Shoplifting054_x264_12.mp4,1.0,4.0,-3.0,False,True,True,
DCSASS,Shoplifting054_x264,Shoplifting054_x264_13.mp4,Shoplifting054_x264_13,0.0,4.0,sin_ocultamiento,P054_1,,,DCSASS__Shoplifting054_x264__Shoplifting054_x264_13.mp4,1.0,4.0,-3.0,False,True,True,
DCSASS,Shoplifting054_x264,Shoplifting054_x264_14.mp4,Shoplifting054_x264_14,0.0,4.0,sin_ocultamiento,P054_1,,,DCSASS__Shoplifting054_x264__Shoplifting054_x264_14.mp4,1.0,4.0,-3.0,False,True,True,
DCSASS,Shoplifting054_x264,Shoplifting054_x264_15.mp4,Shoplifting054_x264_15,0.0,4.0,sin_ocultamiento,P054_1,,,DCSASS__Shoplifting054_x264__Shoplifting054_x264_15.mp4,1.0,4.0,-3.0,False,True,True,
DCSASS,Shoplifting054_x264,Shoplifting054_x264_16.mp4,Shoplifting054_x264_16,0.0,4.0,sin_ocultamiento,P054_1,,,DCSASS__Shoplifting054_x264__Shoplifting054_x264_16.mp4,1.0,4.0,-3.0,False,True,True,
DCSASS,Shoplifting054_x264,Shoplifting054_x264_17.mp4,Shoplifting054_x264_17,0.0,4.0,sin_ocultamiento,P054_1,,,DCSASS__Shoplifting054_x264__Shoplifting054_x264_17.mp4,1.0,4.0,-3.0,False,True,True,
DCSASS,Shoplifting054_x264,Shoplifting054_x264_18.mp4,Shoplifting054_x264_18,0.0,4.0,sin_ocultamiento,P054_1,,,DCSASS__Shoplifting054_x264__Shoplifting054_x264_18.mp4,1.0,4.0,-3.0,False,True,True,
DCSASS,Shoplifting054_x264,Shoplifting054_x264_19.mp4,Shoplifting054_x264_19,0.0,4.0,sin_ocultamiento,P054_1,,,DCSASS__Shoplifting054_x264__Shoplifting054_x264_19.mp4,1.0,4.0,-3.0,False,True,True,
DCSASS,Shoplifting054_x264,Shoplifting054_x264_20.mp4,Shoplifting054_x264_20,0.0,4.0,sin_ocultamiento,P054_1,,,DCSASS__Shoplifting054_x264__Shoplifting054_x264_20.mp4,1.0,4.0,-3.0,False,True,True,
DCSASS,Shoplifting054_x264,Shoplifting054_x264_21.mp4,Shoplifting054_x264_21,0.0,4.0,sin_ocultamiento,P054_1,,,DCSASS__Shoplifting054_x264__Shoplifting054_x264_21.mp4,1.0,4.0,-3.0,False,True,True,
DCSASS,Shoplifting054_x264,Shoplifting054_x264_22.mp4,Shoplifting054_x264_22,0.0,4.0,sin_ocultamiento,P054_1,,,DCSASS__Shoplifting054_x264__Shoplifting054_x264_22.mp4,1.0,4.0,-3.0,False,True,True,
DCSASS,Shoplifting054_x264,Shoplifting054_x264_23.mp4,Shoplifting054_x264_23,0.0,4.0,ocultamiento,P054_1,,,DCSASS__Shoplifting054_x264__Shoplifting054_x264_23.mp4,1.0,4.0,-3.0,False,True,True,
DCSASS,Shoplifting054_x264,Shoplifting054_x264_24.mp4,Shoplifting054_x264_24,0.0,4.0,ocultamiento,P054_1,,,DCSASS__Shoplifting054_x264__Shoplifting054_x264_24.mp4,1.0,4.0,-3.0,False,True,True,
DCSASS,Shoplifting054_x264,Shoplifting054_x264_25.mp4,Shoplifting054_x264_25,0.0,4.0,sin_ocultamiento,P054_1,,,DCSASS__Shoplifting054_x264__Shoplifting054_x264_25.mp4,1.0,4.0,-3.0,False,True,True,
DCSASS,Shoplifting054_x264,Shoplifting054_x264_26.mp4,Shoplifting054_x264_26,0.0,4.0,sin_ocultamiento,P054_1,,,DCSASS__Shoplifting054_x264__Shoplifting054_x264_26.mp4,1.0,4.0,-3.0,False,True,True,
DCSASS,Shoplifting054_x264,Shoplifting054_x264_27.mp4,Shoplifting054_x264_27,0.0,4.0,sin_ocultamiento,P054_1,,,DCSASS__Shoplifting054_x264__Shoplifting054_x264_27.mp4,1.0,4.0,-3.0,False,True,True,
DCSASS,Shoplifting054_x264,Shoplifting054_x264_28.mp4,Shoplifting054_x264_28,0.0,4.0,sin_ocultamiento,P054_1,,,DCSASS__Shoplifting054_x264__Shoplifting054_x264_28.mp4,1.0,4.0,-3.0,False,True,True,
DCSASS,Shoplifting054_x264,Shoplifting054_x264_29.mp4,Shoplifting054_x264_29,0.0,4.0,sin_ocultamiento,P054_1,,,DCSASS__Shoplifting054_x264__Shoplifting054_x264_29.mp4,1.0,4.0,-3.0,False,True,True,
DCSASS,Shoplifting054_x264,Shoplifting054_x264_30.mp4,Shoplifting054_x264_30,0.0,4.0,sin_ocultamiento,P054_1,,,DCSASS__Shoplifting054_x264__Shoplifting054_x264_30.mp4,1.0,4.0,-3.0,False,True,True,
DCSASS,Shoplifting054_x264,Shoplifting054_x264_31.mp4,Shoplifting054_x264_31,0.0,4.0,sin_ocultamiento,P054_1,,,DCSASS__Shoplifting054_x264__Shoplifting054_x264_31.mp4,1.0,4.0,-3.0,False,True,True,
SINTETICO,S_001,001.mp4,SC_001,3.0,7.0,ocultamiento,SP_1,,,SINTETICO__S_001__SC_001.mp4,4.0,4.0,0.0,True,False,True,
SINTETICO,S_002,002.mp4,SC_002,4.0,8.0,ocultamiento,SP_2,,,SINTETICO__S_002__SC_002.mp4,4.0,4.0,0.0,True,False,True,
SINTETICO,S_003,003.mp4,SC_003,5.0,9.0,ocultamiento,SP_3,,,SINTETICO__S_003__SC_003.mp4,4.0,4.0,0.0,True,False,True,
SINTETICO,S_004,004.mp4,SC_004,2.0,6.0,ocultamiento,SP_4,,,SINTETICO__S_004__SC_004.mp4,4.0,4.0,0.0,True,False,True,
SINTETICO,S_005,005.mp4,SC_005,2.0,6.0,ocultamiento,SP_5,,,SINTETICO__S_005__SC_005.mp4,4.0,4.0,0.0,True,False,True,
SINTETICO,S_006,006.mp4,SC_006,6.0,10.0,ambiguo,SP_6,,,SINTETICO__S_006__SC_006.mp4,4.0,4.0,0.0,True,False,False,etiqueta_ambiguo
SINTETICO,S_007,007.mp4,SC_007,2.0,6.0,ocultamiento,SP_7,,,SINTETICO__S_007__SC_007.mp4,4.0,4.0,0.0,True,False,True,
SINTETICO,S_008,008.mp4,SC_008,2.0,6.0,ocultamiento,SP_8,,,SINTETICO__S_008__SC_008.mp4,4.0,4.0,0.0,True,False,True,
SINTETICO,S_009,009.mp4,SC_009,2.0,6.0,ocultamiento,SP_9,,,SINTETICO__S_009__SC_009.mp4,4.0,4.0,0.0,True,False,True,
SINTETICO,S_010,010.mp4,SC_010,2.0,6.0,ocultamiento,SP_10,,,SINTETICO__S_010__SC_010.mp4,4.0,4.0,0.0,True,False,True,
SINTETICO,S_011,011.mp4,SC_011,2.0,6.0,ocultamiento,SP_11,,,SINTETICO__S_011__SC_011.mp4,4.0,4.0,0.0,True,False,True,
SINTETICO,S_012,012.mp4,SC_012,2.0,6.0,ambiguo,SP_12,,,SINTETICO__S_012__SC_012.mp4,4.0,4.0,0.0,True,False,False,etiqueta_ambiguo
SINTETICO,S_013,013.mp4,SC_013,2.0,6.0,sin_ocultamiento,SP_13,,,SINTETICO__S_013__SC_013.mp4,4.0,4.0,0.0,True,False,True,
SINTETICO,S_014,014.mp4,SC_014,2.0,6.0,sin_ocultamiento,SP_14,,,SINTETICO__S_014__SC_014.mp4,4.0,4.0,0.0,True,False,True,
