dataset,video_id,clip_id,etiqueta,nombre_clip,duracion_real_s,cumple_4s,diferencia_vs_4s,duracion_redondeada
CCTV_YOLO,CCTV_001,CCTV_001,sin_ocultamiento,CCTV_YOLO__CCTV_001__CCTV_001.mp4,4.0,True,0.0,4.0
CCTV_YOLO,CCTV_002,CCTV_002,sin_ocultamiento,CCTV_YOLO__CCTV_002__CCTV_002.mp4,4.0,True,0.0,4.0
CCTV_YOLO,CCTV_003,CCTV_003,sin_ocultamiento,CCTV_YOLO__CCTV_003__CCTV_003.mp4,4.0,True,0.0,4.0
CCTV_YOLO,CCTV_004,CCTV_004,sin_ocultamiento,CCTV_YOLO__CCTV_004__CCTV_004.mp4,4.0,True,0.0,4.0
CCTV_YOLO,CCTV_005,CCTV_005,ocultamiento,CCTV_YOLO__CCTV_005__CCTV_005.mp4,4.0,True,0.0,4.0
CCTV_YOLO,CCTV_006,CCTV_006,ocultamiento,CCTV_YOLO__CCTV_006__CCTV_006.mp4,4.0,True,0.0,4.0
CCTV_YOLO,CCTV_007,CCTV_007,ocultamiento,CCTV_YOLO__CCTV_007__CCTV_007.mp4,4.0,True,0.0,4.0
CCTV_YOLO,CCTV_008,CCTV_008,ocultamiento,CCTV_YOLO__CCTV_008__CCTV_008.mp4,4.0,True,0.0,4.0
MNNIT,shoplifting-1,MNNIT_001,ocultamiento,MNNIT__shoplifting-1__MNNIT_001.mp4,4.0,True,0.0,4.0
MNNIT,shoplifting-2,MNNIT_002,ocultamiento,MNNIT__shoplifting-2__MNNIT_002.mp4,4.0,True,0.0,4.0
MNNIT,shoplifting-3,MNNIT_003,ocultamiento,MNNIT__shoplifting-3__MNNIT_003.mp4,4.0,True,0.0,4.0
MNNIT,shoplifting-4,MNNIT_004,ocultamiento,MNNIT__shoplifting-4__MNNIT_004.mp4,4.0,True,0.0,4.0
MNNIT,shoplifting-5,MNNIT_005,ocultamiento,MNNIT__shoplifting-5__MNNIT_005.mp4,4.0,True,0.0,4.0
MNNIT,shoplifting-6,MNNIT_006,ocultamiento,MNNIT__shoplifting-6__MNNIT_006.mp4,4.0,True,0.0,4.0
MNNIT,shoplifting-7,MNNIT_007,ocultamiento,MNNIT__shoplifting-7__MNNIT_007.mp4,4.0,True,0.0,4.0
MNNIT,shoplifting-8,MNNIT_008,ocultamiento,MNNIT__shoplifting-8__MNNIT_008.mp4,4.0,True,0.0,4.0
MNNIT,shoplifting-9,MNNIT_009,ocultamiento,MNNIT__shoplifting-9__MNNIT_009.mp4,4.0,True,0.0,4.0
MNNIT,shoplifting-10,MNNIT_010,ocultamiento,MNNIT__shoplifting-10__MNNIT_010.mp4,4.0,True,0.0,4.0
MNNIT,shoplifting-11,MNNIT_011,ocultamiento,MNNIT__shoplifting-11__MNNIT_011.mp4,4.0,True,0.0,4.0
MNNIT,shoplifting-12,MNNIT_012,ocultamiento,MNNIT__shoplifting-12__MNNIT_012.mp4,4.0,True,0.0,4.0
MNNIT,shoplifting-13,MNNIT_013,ocultamiento,MNNIT__shoplifting-13__MNNIT_013.mp4,4.0,True,0.0,4.0
MNNIT,shoplifting-14,MNNIT_014,ocultamiento,MNNIT__shoplifting-14__MNNIT_014.mp4,4.0,True,0.0,4.0
MNNIT,shoplifting-15,MNNIT_015,ocultamiento,MNNIT__shoplifting-15__MNNIT_015.mp4,4.0,True,0.0,4.0
MNNIT,shoplifting-16,MNNIT_016,ocultamiento,MNNIT__shoplifting-16__MNNIT_016.mp4,4.0,True,0.0,4.0
MNNIT,shoplifting-17,MNNIT_017,ocultamiento,MNNIT__shoplifting-17__MNNIT_017.mp4,4.0,True,0.0,4.0
MNNIT,shoplifting-18,MNNIT_018,ocultamiento,MNNIT__shoplifting-18__MNNIT_018.mp4,4.0,True,0.0,4.0
MNNIT,shoplifting-19,MNNIT_019,ocultamiento,MNNIT__shoplifting-19__MNNIT_019.mp4,4.0,True,0.0,4.0
MNNIT,shoplifting-20,MNNIT_020,ocultamiento,MNNIT__shoplifting-20__MNNIT_020.mp4,4.0,True,0.0,4.0
MNNIT,shoplifting-21,MNNIT_021,ocultamiento,MNNIT__shoplifting-21__MNNIT_021.mp4,4.0,True,0.0,4.0
MNNIT,shoplifting-22,MNNIT_022,ocultamiento,MNNIT__shoplifting-22__MNNIT_022.mp4,4.0,True,0.0,4.0
MNNIT,shoplifting-23,MNNIT_023,ocultamiento,MNNIT__shoplifting-23__MNNIT_023.mp4,4.0,True,0.0,4.0
MNNIT,shoplifting-24,MNNIT_024,ocultamiento,MNNIT__shoplifting-24__MNNIT_024.mp4,4.0,True,0.0,4.0
MNNIT,shoplifting-25,MNNIT_025,ocultamiento,MNNIT__shoplifting-25__MNNIT_025.mp4,4.0,True,0.0,4.0
MNNIT,shoplifting-26,MNNIT_026,ocultamiento,MNNIT__shoplifting-26__MNNIT_026.mp4,4.0,True,0.0,4.0
MNNIT,shoplifting-27,MNNIT_027,ocultamiento,MNNIT__shoplifting-27__MNNIT_027.mp4,4.0,True,0.0,4.0
MNNIT,shoplifting-28,MNNIT_028,ocultamiento,MNNIT__shoplifting-28__MNNIT_028.mp4,4.0,True,0.0,4.0
MNNIT,shoplifting-29,MNNIT_029,ocultamiento,MNNIT__shoplifting-29__MNNIT_029.mp4,4.0,True,0.0,4.0
MNNIT,shoplifting-30,MNNIT_030,ocultamiento,MNNIT__shoplifting-30__MNNIT_030.mp4,4.0,True,0.0,4.0
MNNIT,shoplifting-31,MNNIT_031,ocultamiento,MNNIT__shoplifting-31__MNNIT_031.mp4,4.0,True,0.0,4.0
MNNIT,shoplifting-32,MNNIT_032,ocultamiento,MNNIT__shoplifting-32__MNNIT_032.mp4,4.0,True,0.0,4.0
MNNIT,shoplifting-33,MNNIT_033,ocultamiento,MNNIT__shoplifting-33__MNNIT_033.mp4,4.0,True,0.0,4.0
MNNIT,shoplifting-34,MNNIT_034,ocultamiento,MNNIT__shoplifting-34__MNNIT_034.mp4,4.0,True,0.0,4.0
MNNIT,shoplifting-35,MNNIT_035,ocultamiento,MNNIT__shoplifting-35__MNNIT_035.mp4,4.0,True,0.0,4.0
MNNIT,shoplifting-36,MNNIT_036,ocultamiento,MNNIT__shoplifting-36__MNNIT_036.mp4,4.0,True,0.0,4.0
MNNIT,shoplifting-37,MNNIT_037,ocultamiento,MNNIT__shoplifting-37__MNNIT_037.mp4,4.0,True,0.0,4.0
MNNIT,shoplifting-38,MNNIT_038,ocultamiento,MNNIT__shoplifting-38__MNNIT_038.mp4,4.0,True,0.0,4.0
MNNIT,shoplifting-39,MNNIT_039,ocultamiento,MNNIT__shoplifting-39__MNNIT_039.mp4,4.0,True,0.0,4.0
MNNIT,shoplifting-40,MNNIT_040,ocultamiento,MNNIT__shoplifting-40__MNNIT_040.mp4,4.0,True,0.0,4.0
MNNIT,shoplifting-41,MNNIT_041,ocultamiento,MNNIT__shoplifting-41__MNNIT_041.mp4,4.0,True,0.0,4.0
MNNIT,shoplifting-42,MNNIT_042,ocultamiento,MNNIT__shoplifting-42__MNNIT_042.mp4,4.0,True,0.0,4.0
MNNIT,shoplifting-43,MNNIT_043,ocultamiento,MNNIT__shoplifting-43__MNNIT_043.mp4,4.0,True,0.0,4.0
MNNIT,shoplifting-44,MNNIT_044,ocultamiento,MNNIT__shoplifting-44__MNNIT_044.mp4,4.0,True,0.0,4.0
MNNIT,shoplifting-45,MNNIT_045,ocultamiento,MNNIT__shoplifting-45__MNNIT_045.mp4,4.0,True,0.0,4.0
MNNIT,shoplifting-46,MNNIT_046,ocultamiento,MNNIT__shoplifting-46__MNNIT_046.mp4,4.0,True,0.0,4.0
MNNIT,shoplifting-47,MNNIT_047,ocultamiento,MNNIT__shoplifting-47__MNNIT_047.mp4,4.0,True,0.0,4.0
MNNIT,shoplifting-48,MNNIT_048,ocultamiento,MNNIT__shoplifting-48__MNNIT_048.mp4,4.0,True,0.0,4.0
MNNIT,shoplifting-50,MNNIT_049,ocultamiento,MNNIT__shoplifting-50__MNNIT_049.mp4,4.0,True,0.0,4.0
MNNIT,shoplifting-51,MNNIT_050,ocultamiento,MNNIT__shoplifting-51__MNNIT_050.mp4,4.0,True,0.0,4.0
MNNIT,shoplifting-52,MNNIT_051,ocultamiento,MNNIT__shoplifting-52__MNNIT_051.mp4,4.0,True,0.0,4.0
MNNIT,shoplifting-53,MNNIT_052,ocultamiento,MNNIT__shoplifting-53__MNNIT_052.mp4,4.0,True,0.0,4.0
MNNIT,shoplifting-54,MNNIT_053,ocultamiento,MNNIT__shoplifting-54__MNNIT_053.mp4,4.0,True,0.0,4.0
MNNIT,shoplifting-55,MNNIT_054,ocultamiento,MNNIT__shoplifting-55__MNNIT_054.mp4,4.0,True,0.0,4.0
MNNIT,shoplifting-56,MNNIT_055,ocultamiento,MNNIT__shoplifting-56__MNNIT_055.mp4,4.0,True,0.0,4.0
MNNIT,shoplifting-57,MNNIT_056,ocultamiento,MNNIT__shoplifting-57__MNNIT_056.mp4,4.0,True,0.0,4.0
MNNIT,shoplifting-58,MNNIT_057,ocultamiento,MNNIT__shoplifting-58__MNNIT_057.mp4,4.0,True,0.0,4.0
MNNIT,shoplifting-59,MNNIT_058,ocultamiento,MNNIT__shoplifting-59__MNNIT_058.mp4,4.0,True,0.0,4.0
MNNIT,shoplifting-60,MNNIT_059,ocultamiento,MNNIT__shoplifting-60__MNNIT_059.mp4,4.0,True,0.0,4.0
MNNIT,shoplifting-61,MNNIT_060,ocultamiento,MNNIT__shoplifting-61__MNNIT_060.mp4,4.0,True,0.0,4.0
MNNIT,shoplifting-62,MNNIT_061,ocultamiento,MNNIT__shoplifting-62__MNNIT_061.mp4,4.0,True,0.0,4.0
MNNIT,shoplifting-63,MNNIT_062,ocultamiento,MNNIT__shoplifting-63__MNNIT_062.mp4,4.0,True,0.0,4.0
MNNIT,shoplifting-64,MNNIT_063,ocultamiento,MNNIT__shoplifting-64__MNNIT_063.mp4,4.0,True,0.0,4.0
MNNIT,shoplifting-65,MNNIT_064,ocultamiento,MNNIT__shoplifting-65__MNNIT_064.mp4,4.0,True,0.0,4.0
MNNIT,shoplifting-66,MNNIT_065,ocultamiento,MNNIT__shoplifting-66__MNNIT_065.mp4,4.0,True,0.0,4.0
MNNIT,shoplifting-67,MNNIT_066,ocultamiento,MNNIT__shoplifting-67__MNNIT_066.mp4,4.0,True,0.0,4.0
MNNIT,shoplifting-68,MNNIT_067,ocultamiento,MNNIT__shoplifting-68__MNNIT_067.mp4,4.0,True,0.0,4.0
MNNIT,shoplifting-69,MNNIT_068,ocultamiento,MNNIT__shoplifting-69__MNNIT_068.mp4,4.0,True,0.0,4.0
MNNIT,shoplifting-70,MNNIT_069,ocultamiento,MNNIT__shoplifting-70__MNNIT_069.mp4,4.0,True,0.0,4.0
MNNIT,shoplifting-71,MNNIT_070,ocultamiento,MNNIT__shoplifting-71__MNNIT_070.mp4,4.0,True,0.0,4.0
MNNIT,shoplifting-72,MNNIT_071,ocultamiento,MNNIT__shoplifting-72__MNNIT_071.mp4,4.0,True,0.0,4.0
MNNIT,shoplifting-73,MNNIT_072,ocultamiento,MNNIT__shoplifting-73__MNNIT_072.mp4,4.0,True,0.0,4.0
MNNIT,shoplifting-74,MNNIT_073,ocultamiento,MNNIT__shoplifting-74__MNNIT_073.mp4,4.0,True,0.0,4.0
MNNIT,shoplifting-75,MNNIT_074,ocultamiento,MNNIT__shoplifting-75__MNNIT_074.mp4,4.0,True,0.0,4.0
MNNIT,shoplifting-76,MNNIT_075,ocultamiento,MNNIT__shoplifting-76__MNNIT_075.mp4,4.0,True,0.0,4.0
MNNIT,shoplifting-77,MNNIT_076,ocultamiento,MNNIT__shoplifting-77__MNNIT_076.mp4,4.0,True,0.0,4.0
MNNIT,shoplifting-78,MNNIT_077,ocultamiento,MNNIT__shoplifting-78__MNNIT_077.mp4,4.0,True,0.0,4.0
MNNIT,shoplifting-79,MNNIT_078,ocultamiento,MNNIT__shoplifting-79__MNNIT_078.mp4,4.0,True,0.0,4.0
MNNIT,shoplifting-80,MNNIT_079,ocultamiento,MNNIT__shoplifting-80__MNNIT_079.mp4,4.0,True,0.0,4.0
MNNIT,shoplifting-81,MNNIT_080,ocultamiento,MNNIT__shoplifting-81__MNNIT_080.mp4,4.0,True,0.0,4.0
MNNIT,shoplifting-82,MNNIT_081,ocultamiento,MNNIT__shoplifting-82__MNNIT_081.mp4,4.0,True,0.0,4.0
MNNIT,shoplifting-83,MNNIT_082,ocultamiento,MNNIT__shoplifting-83__MNNIT_082.mp4,4.0,True,0.0,4.0
MNNIT,shoplifting-84,MNNIT_083,ocultamiento,MNNIT__shoplifting-84__MNNIT_083.mp4,4.0,True,0.0,4.0
MNNIT,shoplifting-85,MNNIT_084,ocultamiento,MNNIT__shoplifting-85__MNNIT_084.mp4,4.0,True,0.0,4.0
MNNIT,shoplifting-86,MNNIT_085,ocultamiento,MNNIT__shoplifting-86__MNNIT_085.mp4,4.0,True,0.0,4.0
MNNIT,shoplifting-87,MNNIT_086,ocultamiento,MNNIT__shoplifting-87__MNNIT_086.mp4,4.0,True,0.0,4.0
MNNIT,shoplifting-88,MNNIT_087,ocultamiento,MNNIT__shoplifting-88__MNNIT_087.mp4,4.0,True,0.0,4.0
MNNIT,shoplifting-89,MNNIT_088,ocultamiento,MNNIT__shoplifting-89__MNNIT_088.mp4,4.0,True,0.0,4.0
MNNIT,shoplifting-90,MNNIT_089,ocultamiento,MNNIT__shoplifting-90__MNNIT_089.mp4,4.0,True,0.0,4.0
MNNIT,shoplifting-91,MNNIT_090,ocultamiento,MNNIT__shoplifting-91__MNNIT_090.mp4,4.0,True,0.0,4.0
MNNIT,shoplifting-92,MNNIT_091,ocultamiento,MNNIT__shoplifting-92__MNNIT_091.mp4,4.0,True,0.0,4.0
MNNIT,shoplifting-93,MNNIT_092,ocultamiento,MNNIT__shoplifting-93__MNNIT_092.mp4,4.0,True,0.0,4.0
MNNIT,normal-1,MNNIT_093,sin_ocultamiento,MNNIT__normal-1__MNNIT_093.mp4,4.0,True,0.0,4.0
MNNIT,normal-2,MNNIT_094,sin_ocultamiento,MNNIT__normal-2__MNNIT_094.mp4,4.0,True,0.0,4.0
MNNIT,normal-3,MNNIT_095,sin_ocultamiento,MNNIT__normal-3__MNNIT_095.mp4,4.0,True,0.0,4.0
MNNIT,normal-4,MNNIT_096,sin_ocultamiento,MNNIT__normal-4__MNNIT_096.mp4,4.0,True,0.0,4.0
MNNIT,normal-5,MNNIT_097,sin_ocultamiento,MNNIT__normal-5__MNNIT_097.mp4,4.0,True,0.0,4.0
MNNIT,normal-6,MNNIT_098,sin_ocultamiento,MNNIT__normal-6__MNNIT_098.mp4,4.0,True,0.0,4.0
MNNIT,normal-7,MNNIT_099,sin_ocultamiento,MNNIT__normal-7__MNNIT_099.mp4,4.0,True,0.0,4.0
MNNIT,normal-8,MNNIT_100,sin_ocultamiento,MNNIT__normal-8__MNNIT_100.mp4,4.0,True,0.0,4.0
MNNIT,normal-9,MNNIT_101,sin_ocultamiento,MNNIT__normal-9__MNNIT_101.mp4,4.0,True,0.0,4.0
MNNIT,normal-10,MNNIT_102,sin_ocultamiento,MNNIT__normal-10__MNNIT_102.mp4,4.0,True,0.0,4.0
MNNIT,normal-11,MNNIT_103,sin_ocultamiento,MNNIT__normal-11__MNNIT_103.mp4,4.0,True,0.0,4.0
MNNIT,normal-12,MNNIT_104,sin_ocultamiento,MNNIT__normal-12__MNNIT_104.mp4,4.0,True,0.0,4.0
MNNIT,normal-13,MNNIT_105,sin_ocultamiento,MNNIT__normal-13__MNNIT_105.mp4,4.0,True,0.0,4.0
MNNIT,normal-14,MNNIT_106,sin_ocultamiento,MNNIT__normal-14__MNNIT_106.mp4,4.0,True,0.0,4.0
MNNIT,normal-15,MNNIT_107,sin_ocultamiento,MNNIT__normal-15__MNNIT_107.mp4,4.0,True,0.0,4.0
MNNIT,normal-16,MNNIT_108,sin_ocultamiento,MNNIT__normal-16__MNNIT_108.mp4,4.0,True,0.0,4.0
MNNIT,normal-17,MNNIT_109,sin_ocultamiento,MNNIT__normal-17__MNNIT_109.mp4,4.0,True,0.0,4.0
MNNIT,normal-18,MNNIT_110,sin_ocultamiento,MNNIT__normal-18__MNNIT_110.mp4,4.0,True,0.0,4.0
MNNIT,normal-19,MNNIT_111,sin_ocultamiento,MNNIT__normal-19__MNNIT_111.mp4,4.0,True,0.0,4.0
MNNIT,normal-20,MNNIT_112,sin_ocultamiento,MNNIT__normal-20__MNNIT_112.mp4,4.0,True,0.0,4.0
MNNIT,normal-21,MNNIT_113,sin_ocultamiento,MNNIT__normal-21__MNNIT_113.mp4,4.0,True,0.0,4.0
MNNIT,normal-22,MNNIT_114,sin_ocultamiento,MNNIT__normal-22__MNNIT_114.mp4,4.0,True,0.0,4.0
MNNIT,normal-23,MNNIT_115,sin_ocultamiento,MNNIT__normal-23__MNNIT_115.mp4,4.0,True,0.0,4.0
MNNIT,normal-24,MNNIT_116,sin_ocultamiento,MNNIT__normal-24__MNNIT_116.mp4,4.0,True,0.0,4.0
MNNIT,normal-25,MNNIT_117,sin_ocultamiento,MNNIT__normal-25__MNNIT_117.mp4,4.0,True,0.0,4.0
MNNIT,normal-26,MNNIT_118,sin_ocultamiento,MNNIT__normal-26__MNNIT_118.mp4,4.0,True,0.0,4.0
MNNIT,normal-27,MNNIT_119,sin_ocultamiento,MNNIT__normal-27__MNNIT_119.mp4,4.0,True,0.0,4.0
MNNIT,normal-28,MNNIT_120,sin_ocultamiento,MNNIT__normal-28__MNNIT_120.mp4,4.0,True,0.0,4.0
MNNIT,normal-29,MNNIT_121,sin_ocultamiento,MNNIT__normal-29__MNNIT_121.mp4,4.0,True,0.0,4.0
MNNIT,normal-30,MNNIT_122,sin_ocultamiento,MNNIT__normal-30__MNNIT_122.mp4,4.0,True,0.0,4.0
MNNIT,normal-31,MNNIT_123,sin_ocultamiento,MNNIT__normal-31__MNNIT_123.mp4,4.0,True,0.0,4.0
MNNIT,normal-32,MNNIT_124,sin_ocultamiento,MNNIT__normal-32__MNNIT_124.mp4,4.0,True,0.0,4.0
MNNIT,normal-33,MNNIT_125,sin_ocultamiento,MNNIT__normal-33__MNNIT_125.mp4,4.0,True,0.0,4.0
MNNIT,normal-34,MNNIT_126,sin_ocultamiento,MNNIT__normal-34__MNNIT_126.mp4,4.0,True,0.0,4.0
MNNIT,normal-35,MNNIT_127,sin_ocultamiento,MNNIT__normal-35__MNNIT_127.mp4,4.0,True,0.0,4.0
MNNIT,normal-36,MNNIT_128,sin_ocultamiento,MNNIT__normal-36__MNNIT_128.mp4,4.0,True,0.0,4.0
MNNIT,normal-37,MNNIT_129,sin_ocultamiento,MNNIT__normal-37__MNNIT_129.mp4,4.0,True,0.0,4.0
MNNIT,normal-38,MNNIT_130,sin_ocultamiento,MNNIT__normal-38__MNNIT_130.mp4,4.0,True,0.0,4.0
MNNIT,normal-39,MNNIT_131,sin_ocultamiento,MNNIT__normal-39__MNNIT_131.mp4,4.0,True,0.0,4.0
MNNIT,normal-40,MNNIT_132,sin_ocultamiento,MNNIT__normal-40__MNNIT_132.mp4,4.0,True,0.0,4.0
MNNIT,normal-41,MNNIT_133,sin_ocultamiento,MNNIT__normal-41__MNNIT_133.mp4,4.0,True,0.0,4.0
MNNIT,normal-42,MNNIT_134,sin_ocultamiento,MNNIT__normal-42__MNNIT_134.mp4,4.0,True,0.0,4.0
MNNIT,normal-43,MNNIT_135,sin_ocultamiento,MNNIT__normal-43__MNNIT_135.mp4,4.0,True,0.0,4.0
MNNIT,normal-44,MNNIT_136,sin_ocultamiento,MNNIT__normal-44__MNNIT_136.mp4,4.0,True,0.0,4.0
MNNIT,normal-45,MNNIT_137,sin_ocultamiento,MNNIT__normal-45__MNNIT_137.mp4,4.0,True,0.0,4.0
MNNIT,normal-46,MNNIT_138,sin_ocultamiento,MNNIT__normal-46__MNNIT_138.mp4,4.0,True,0.0,4.0
MNNIT,normal-47,MNNIT_139,sin_ocultamiento,MNNIT__normal-47__MNNIT_139.mp4,4.0,True,0.0,4.0
MNNIT,normal-48,MNNIT_140,sin_ocultamiento,MNNIT__normal-48__MNNIT_140.mp4,4.0,True,0.0,4.0
MNNIT,normal-49,MNNIT_141,sin_ocultamiento,MNNIT__normal-49__MNNIT_141.mp4,4.0,True,0.0,4.0
MNNIT,normal-50,MNNIT_142,sin_ocultamiento,MNNIT__normal-50__MNNIT_142.mp4,4.0,True,0.0,4.0
MNNIT,normal-51,MNNIT_143,sin_ocultamiento,MNNIT__normal-51__MNNIT_143.mp4,4.0,True,0.0,4.0
MNNIT,normal-52,MNNIT_144,sin_ocultamiento,MNNIT__normal-52__MNNIT_144.mp4,4.0,True,0.0,4.0
MNNIT,normal-53,MNNIT_145,sin_ocultamiento,MNNIT__normal-53__MNNIT_145.mp4,4.0,True,0.0,4.0
MNNIT,normal-54,MNNIT_146,sin_ocultamiento,MNNIT__normal-54__MNNIT_146.mp4,4.0,True,0.0,4.0
MNNIT,normal-55,MNNIT_147,sin_ocultamiento,MNNIT__normal-55__MNNIT_147.mp4,4.0,True,0.0,4.0
MNNIT,normal-56,MNNIT_148,sin_ocultamiento,MNNIT__normal-56__MNNIT_148.mp4,4.0,True,0.0,4.0
MNNIT,normal-57,MNNIT_149,sin_ocultamiento,MNNIT__normal-57__MNNIT_149.mp4,4.0,True,0.0,4.0
MNNIT,normal-58,MNNIT_150,sin_ocultamiento,MNNIT__normal-58__MNNIT_150.mp4,4.0,True,0.0,4.0
MNNIT,normal-59,MNNIT_151,sin_ocultamiento,MNNIT__normal-59__MNNIT_151.mp4,4.0,True,0.0,4.0
MNNIT,normal-60,MNNIT_152,sin_ocultamiento,MNNIT__normal-60__MNNIT_152.mp4,4.0,True,0.0,4.0
MNNIT,normal-61,MNNIT_153,sin_ocultamiento,MNNIT__normal-61__MNNIT_153.mp4,4.0,True,0.0,4.0
MNNIT,normal-62,MNNIT_154,sin_ocultamiento,MNNIT__normal-62__MNNIT_154.mp4,4.0,True,0.0,4.0
MNNIT,normal-63,MNNIT_155,sin_ocultamiento,MNNIT__normal-63__MNNIT_155.mp4,4.0,True,0.0,4.0
MNNIT,normal-64,MNNIT_156,sin_ocultamiento,MNNIT__normal-64__MNNIT_156.mp4,4.0,True,0.0,4.0
MNNIT,normal-65,MNNIT_157,sin_ocultamiento,MNNIT__normal-65__MNNIT_157.mp4,4.0,True,0.0,4.0
MNNIT,normal-66,MNNIT_158,sin_ocultamiento,MNNIT__normal-66__MNNIT_158.mp4,4.0,True,0.0,4.0
MNNIT,normal-67,MNNIT_159,sin_ocultamiento,MNNIT__normal-67__MNNIT_159.mp4,4.0,True,0.0,4.0
MNNIT,normal-68,MNNIT_160,sin_ocultamiento,MNNIT__normal-68__MNNIT_160.mp4,4.0,True,0.0,4.0
MNNIT,normal-69,MNNIT_161,sin_ocultamiento,MNNIT__normal-69__MNNIT_161.mp4,4.0,True,0.0,4.0
MNNIT,normal-70,MNNIT_162,sin_ocultamiento,MNNIT__normal-70__MNNIT_162.mp4,4.0,True,0.0,4.0
MNNIT,normal-71,MNNIT_163,sin_ocultamiento,MNNIT__normal-71__MNNIT_163.mp4,4.0,True,0.0,4.0
MNNIT,normal-72,MNNIT_164,sin_ocultamiento,MNNIT__normal-72__MNNIT_164.mp4,4.0,True,0.0,4.0
MNNIT,normal-73,MNNIT_165,sin_ocultamiento,MNNIT__normal-73__MNNIT_165.mp4,4.0,True,0.0,4.0
MNNIT,normal-74,MNNIT_166,sin_ocultamiento,MNNIT__normal-74__MNNIT_166.mp4,4.0,True,0.0,4.0
MNNIT,normal-75,MNNIT_167,sin_ocultamiento,MNNIT__normal-75__MNNIT_167.mp4,4.0,True,0.0,4.0
MNNIT,normal-76,MNNIT_168,sin_ocultamiento,MNNIT__normal-76__MNNIT_168.mp4,4.0,True,0.0,4.0
MNNIT,normal-77,MNNIT_169,sin_ocultamiento,MNNIT__normal-77__MNNIT_169.mp4,4.0,True,0.0,4.0
MNNIT,normal-78,MNNIT_170,sin_ocultamiento,MNNIT__normal-78__MNNIT_170.mp4,4.0,True,0.0,4.0
MNNIT,normal-79,MNNIT_171,sin_ocultamiento,MNNIT__normal-79__MNNIT_171.mp4,4.0,True,0.0,4.0
MNNIT,normal-80,MNNIT_172,sin_ocultamiento,MNNIT__normal-80__MNNIT_172.mp4,4.0,True,0.0,4.0
MNNIT,normal-81,MNNIT_173,sin_ocultamiento,MNNIT__normal-81__MNNIT_173.mp4,4.0,True,0.0,4.0
MNNIT,normal-82,MNNIT_174,sin_ocultamiento,MNNIT__normal-82__MNNIT_174.mp4,4.0,True,0.0,4.0
MNNIT,normal-83,MNNIT_175,sin_ocultamiento,MNNIT__normal-83__MNNIT_175.mp4,4.0,True,0.0,4.0
MNNIT,normal-84,MNNIT_176,sin_ocultamiento,MNNIT__normal-84__MNNIT_176.mp4,4.0,True,0.0,4.0
MNNIT,normal-85,MNNIT_177,sin_ocultamiento,MNNIT__normal-85__MNNIT_177.mp4,4.0,True,0.0,4.0
MNNIT,normal-86,MNNIT_178,sin_ocultamiento,MNNIT__normal-86__MNNIT_178.mp4,4.0,True,0.0,4.0
MNNIT,normal-87,MNNIT_179,sin_ocultamiento,MNNIT__normal-87__MNNIT_179.mp4,4.0,True,0.0,4.0
MNNIT,normal-88,MNNIT_180,sin_ocultamiento,MNNIT__normal-88__MNNIT_180.mp4,4.0,True,0.0,4.0
MNNIT,normal-89,MNNIT_181,sin_ocultamiento,MNNIT__normal-89__MNNIT_181.mp4,4.0,True,0.0,4.0
MNNIT,normal-90,MNNIT_182,sin_ocultamiento,MNNIT__normal-90__MNNIT_182.mp4,4.0,True,0.0,4.0
DCSASS,Shoplifting001_x264,Shoplifting001_x264_0,sin_ocultamiento,DCSASS__Shoplifting001_x264__Shoplifting001_x264_0.mp4,4.0,True,0.0,4.0
DCSASS,Shoplifting001_x264,Shoplifting001_x264_2,sin_ocultamiento,DCSASS__Shoplifting001_x264__Shoplifting001_x264_2.mp4,4.0,True,0.0,4.0
DCSASS,Shoplifting001_x264,Shoplifting001_x264_3,sin_ocultamiento,DCSASS__Shoplifting001_x264__Shoplifting001_x264_3.mp4,4.0,True,0.0,4.0
DCSASS,Shoplifting001_x264,Shoplifting001_x264_4,sin_ocultamiento,DCSASS__Shoplifting001_x264__Shoplifting001_x264_4.mp4,4.0,True,0.0,4.0
DCSASS,Shoplifting001_x264,Shoplifting001_x264_6,sin_ocultamiento,DCSASS__Shoplifting001_x264__Shoplifting001_x264_6.mp4,4.0,True,0.0,4.0
DCSASS,Shoplifting001_x264,Shoplifting001_x264_7,sin_ocultamiento,DCSASS__Shoplifting001_x264__Shoplifting001_x264_7.mp4,4.0,True,0.0,4.0
DCSASS,Shoplifting001_x264,Shoplifting001_x264_8,sin_ocultamiento,DCSASS__Shoplifting001_x264__Shoplifting001_x264_8.mp4,4.0,True,0.0,4.0
DCSASS,Shoplifting001_x264,Shoplifting001_x264_9,sin_ocultamiento,DCSASS__Shoplifting001_x264__Shoplifting001_x264_9.mp4,4.0,True,0.0,4.0
DCSASS,Shoplifting001_x264,Shoplifting001_x264_11,sin_ocultamiento,DCSASS__Shoplifting001_x264__Shoplifting001_x264_11.mp4,4.0,True,0.0,4.0
DCSASS,Shoplifting001_x264,Shoplifting001_x264_13,ocultamiento,DCSASS__Shoplifting001_x264__Shoplifting001_x264_13.mp4,4.0,True,0.0,4.0
DCSASS,Shoplifting001_x264,Shoplifting001_x264_15,ocultamiento,DCSASS__Shoplifting001_x264__Shoplifting001_x264_15.mp4,4.0,True,0.0,4.0
DCSASS,Shoplifting001_x264,Shoplifting001_x264_17,sin_ocultamiento,DCSASS__Shoplifting001_x264__Shoplifting001_x264_17.mp4,4.0,True,0.0,4.0
DCSASS,Shoplifting001_x264,Shoplifting001_x264_19,sin_ocultamiento,DCSASS__Shoplifting001_x264__Shoplifting001_x264_19.mp4,4.0,True,0.0,4.0
DCSASS,Shoplifting001_x264,Shoplifting001_x264_20,sin_ocultamiento,DCSASS__Shoplifting001_x264__Shoplifting001_x264_20.mp4,4.0,True,0.0,4.0
DCSASS,Shoplifting001_x264,Shoplifting001_x264_22,sin_ocultamiento,DCSASS__Shoplifting001_x264__Shoplifting001_x264_22.mp4,4.0,True,0.0,4.0
DCSASS,Shoplifting001_x264,Shoplifting001_x264_23,sin_ocultamiento,DCSASS__Shoplifting001_x264__Shoplifting001_x264_23.mp4,4.0,True,0.0,4.0
DCSASS,Shoplifting001_x264,Shoplifting001_x264_24,sin_ocultamiento,DCSASS__Shoplifting001_x264__Shoplifting001_x264_24.mp4,4.0,True,0.0,4.0
DCSASS,Shoplifting001_x264,Shoplifting001_x264_25,sin_ocultamiento,DCSASS__Shoplifting001_x264__Shoplifting001_x264_25.mp4,4.0,True,0.0,4.0
DCSASS,Shoplifting001_x264,Shoplifting001_x264_26,sin_ocultamiento,DCSASS__Shoplifting001_x264__Shoplifting001_x264_26.mp4,4.0,True,0.0,4.0
DCSASS,Shoplifting001_x264,Shoplifting001_x264_29,sin_ocultamiento,DCSASS__Shoplifting001_x264__Shoplifting001_x264_29.mp4,4.0,True,0.0,4.0
DCSASS,Shoplifting001_x264,Shoplifting001_x264_30,sin_ocultamiento,DCSASS__Shoplifting001_x264__Shoplifting001_x264_30.mp4,4.0,True,0.0,4.0
DCSASS,Shoplifting005_x264,Shoplifting005_x264_1,sin_ocultamiento,DCSASS__Shoplifting005_x264__Shoplifting005_x264_1.mp4,2.0,False,-2.0,2.0
DCSASS,Shoplifting005_x264,Shoplifting005_x264_2,sin_ocultamiento,DCSASS__Shoplifting005_x264__Shoplifting005_x264_2.mp4,2.0,False,-2.0,2.0
DCSASS,Shoplifting005_x264,Shoplifting005_x264_4,sin_ocultamiento,DCSASS__Shoplifting005_x264__Shoplifting005_x264_4.mp4,2.0,False,-2.0,2.0
DCSASS,Shoplifting005_x264,Shoplifting005_x264_9,sin_ocultamiento,DCSASS__Shoplifting005_x264__Shoplifting005_x264_9.mp4,2.0,False,-2.0,2.0
DCSASS,Shoplifting005_x264,Shoplifting005_x264_11,sin_ocultamiento,DCSASS__Shoplifting005_x264__Shoplifting005_x264_11.mp4,2.0,False,-2.0,2.0
DCSASS,Shoplifting005_x264,Shoplifting005_x264_14,ocultamiento,DCSASS__Shoplifting005_x264__Shoplifting005_x264_14.mp4,2.0,False,-2.0,2.0
DCSASS,Shoplifting005_x264,Shoplifting005_x264_16,ocultamiento,DCSASS__Shoplifting005_x264__Shoplifting005_x264_16.mp4,2.0,False,-2.0,2.0
DCSASS,Shoplifting005_x264,Shoplifting005_x264_18,ocultamiento,DCSASS__Shoplifting005_x264__Shoplifting005_x264_18.mp4,2.0,False,-2.0,2.0
DCSASS,Shoplifting005_x264,Shoplifting005_x264_21,sin_ocultamiento,DCSASS__Shoplifting005_x264__Shoplifting005_x264_21.mp4,2.0,False,-2.0,2.0
DCSASS,Shoplifting005_x264,Shoplifting005_x264_23,sin_ocultamiento,DCSASS__Shoplifting005_x264__Shoplifting005_x264_23.mp4,2.0,False,-2.0,2.0
DCSASS,Shoplifting005_x264,Shoplifting005_x264_24,sin_ocultamiento,DCSASS__Shoplifting005_x264__Shoplifting005_x264_24.mp4,2.0,False,-2.0,2.0
DCSASS,Shoplifting005_x264,Shoplifting005_x264_25,sin_ocultamiento,DCSASS__Shoplifting005_x264__Shoplifting005_x264_25.mp4,2.0,False,-2.0,2.0
DCSASS,Shoplifting005_x264,Shoplifting005_x264_27,sin_ocultamiento,DCSASS__Shoplifting005_x264__Shoplifting005_x264_27.mp4,2.0,False,-2.0,2.0
DCSASS,Shoplifting005_x264,Shoplifting005_x264_29,sin_ocultamiento,DCSASS__Shoplifting005_x264__Shoplifting005_x264_29.mp4,2.0,False,-2.0,2.0
DCSASS,Shoplifting005_x264,Shoplifting005_x264_31,sin_ocultamiento,DCSASS__Shoplifting005_x264__Shoplifting005_x264_31.mp4,2.0,False,-2.0,2.0
DCSASS,Shoplifting006_x264,Shoplifting006_x264_0,sin_ocultamiento,DCSASS__Shoplifting006_x264__Shoplifting006_x264_0.mp4,3.0,False,-1.0,3.0
DCSASS,Shoplifting006_x264,Shoplifting006_x264_3,sin_ocultamiento,DCSASS__Shoplifting006_x264__Shoplifting006_x264_3.mp4,3.0,False,-1.0,3.0
DCSASS,Shoplifting006_x264,Shoplifting006_x264_5,sin_ocultamiento,DCSASS__Shoplifting006_x264__Shoplifting006_x264_5.mp4,3.0,False,-1.0,3.0
DCSASS,Shoplifting006_x264,Shoplifting006_x264_7,sin_ocultamiento,DCSASS__Shoplifting006_x264__Shoplifting006_x264_7.mp4,3.0,False,-1.0,3.0
DCSASS,Shoplifting006_x264,Shoplifting006_x264_9,sin_ocultamiento,DCSASS__Shoplifting006_x264__Shoplifting006_x264_9.mp4,3.0,False,-1.0,3.0
DCSASS,Shoplifting006_x264,Shoplifting006_x264_10,sin_ocultamiento,DCSASS__Shoplifting006_x264__Shoplifting006_x264_10.mp4,3.0,False,-1.0,3.0
DCSASS,Shoplifting006_x264,Shoplifting006_x264_11,sin_ocultamiento,DCSASS__Shoplifting006_x264__Shoplifting006_x264_11.mp4,3.0,False,-1.0,3.0
DCSASS,Shoplifting006_x264,Shoplifting006_x264_12,sin_ocultamiento,DCSASS__Shoplifting006_x264__Shoplifting006_x264_12.mp4,3.0,False,-1.0,3.0
DCSASS,Shoplifting006_x264,Shoplifting006_x264_13,sin_ocultamiento,DCSASS__Shoplifting006_x264__Shoplifting006_x264_13.mp4,3.0,False,-1.0,3.0
DCSASS,Shoplifting006_x264,Shoplifting006_x264_15,sin_ocultamiento,DCSASS__Shoplifting006_x264__Shoplifting006_x264_15.mp4,3.0,False,-1.0,3.0
DCSASS,Shoplifting006_x264,Shoplifting006_x264_19,ocultamiento,DCSASS__Shoplifting006_x264__Shoplifting006_x264_19.mp4,3.0,False,-1.0,3.0
DCSASS,Shoplifting006_x264,Shoplifting006_x264_21,sin_ocultamiento,DCSASS__Shoplifting006_x264__Shoplifting006_x264_21.mp4,3.0,False,-1.0,3.0
DCSASS,Shoplifting006_x264,Shoplifting006_x264_22,sin_ocultamiento,DCSASS__Shoplifting006_x264__Shoplifting006_x264_22.mp4,3.0,False,-1.0,3.0
DCSASS,Shoplifting006_x264,Shoplifting006_x264_24,sin_ocultamiento,DCSASS__Shoplifting006_x264__Shoplifting006_x264_24.mp4,3.0,False,-1.0,3.0
DCSASS,Shoplifting006_x264,Shoplifting006_x264_28,ocultamiento,DCSASS__Shoplifting006_x264__Shoplifting006_x264_28.mp4,3.0,False,-1.0,3.0
DCSASS,Shoplifting006_x264,Shoplifting006_x264_29,ocultamiento,DCSASS__Shoplifting006_x264__Shoplifting006_x264_29.mp4,3.0,False,-1.0,3.0
DCSASS,Shoplifting009_x264,Shoplifting009_x264_0,sin_ocultamiento,DCSASS__Shoplifting009_x264__Shoplifting009_x264_0.mp4,5.0,False,1.0,5.0
DCSASS,Shoplifting009_x264,Shoplifting009_x264_4,ocultamiento,DCSASS__Shoplifting009_x264__Shoplifting009_x264_4.mp4,5.0,False,1.0,5.0
DCSASS,Shoplifting009_x264,Shoplifting009_x264_6,sin_ocultamiento,DCSASS__Shoplifting009_x264__Shoplifting009_x264_6.mp4,5.0,False,1.0,5.0
DCSASS,Shoplifting009_x264,Shoplifting009_x264_11,sin_ocultamiento,DCSASS__Shoplifting009_x264__Shoplifting009_x264_11.mp4,5.0,False,1.0,5.0
DCSASS,Shoplifting009_x264,Shoplifting009_x264_12,sin_ocultamiento,DCSASS__Shoplifting009_x264__Shoplifting009_x264_12.mp4,5.0,False,1.0,5.0
DCSASS,Shoplifting009_x264,Shoplifting009_x264_14,sin_ocultamiento,DCSASS__Shoplifting009_x264__Shoplifting009_x264_14.mp4,5.0,False,1.0,5.0
DCSASS,Shoplifting009_x264,Shoplifting009_x264_15,sin_ocultamiento,DCSASS__Shoplifting009_x264__Shoplifting009_x264_15.mp4,5.0,False,1.0,5.0
DCSASS,Shoplifting009_x264,Shoplifting009_x264_16,sin_ocultamiento,DCSASS__Shoplifting009_x264__Shoplifting009_x264_16.mp4,5.0,False,1.0,5.0
DCSASS,Shoplifting009_x264,Shoplifting009_x264_21,sin_ocultamiento,DCSASS__Shoplifting009_x264__Shoplifting009_x264_21.mp4,5.0,False,1.0,5.0
DCSASS,Shoplifting009_x264,Shoplifting009_x264_23,ocultamiento,DCSASS__Shoplifting009_x264__Shoplifting009_x264_23.mp4,5.0,False,1.0,5.0
DCSASS,Shoplifting009_x264,Shoplifting009_x264_24,sin_ocultamiento,DCSASS__Shoplifting009_x264__Shoplifting009_x264_24.mp4,5.0,False,1.0,5.0
DCSASS,Shoplifting009_x264,Shoplifting009_x264_25,sin_ocultamiento,DCSASS__Shoplifting009_x264__Shoplifting009_x264_25.mp4,5.0,False,1.0,5.0
DCSASS,Shoplifting009_x264,Shoplifting009_x264_26,sin_ocultamiento,DCSASS__Shoplifting009_x264__Shoplifting009_x264_26.mp4,5.0,False,1.0,5.0
DCSASS,Shoplifting009_x264,Shoplifting009_x264_27,sin_ocultamiento,DCSASS__Shoplifting009_x264__Shoplifting009_x264_27.mp4,5.0,False,1.0,5.0
DCSASS,Shoplifting009_x264,Shoplifting009_x264_29,ocultamiento,DCSASS__Shoplifting009_x264__Shoplifting009_x264_29.mp4,5.0,False,1.0,5.0
DCSASS,Shoplifting009_x264,Shoplifting009_x264_30,ocultamiento,DCSASS__Shoplifting009_x264__Shoplifting009_x264_30.mp4,5.0,False,1.0,5.0
DCSASS,Shoplifting009_x264,Shoplifting009_x264_31,ocultamiento,DCSASS__Shoplifting009_x264__Shoplifting009_x264_31.mp4,5.0,False,1.0,5.0
DCSASS,Shoplifting010_x264,Shoplifting010_x264_0,sin_ocultamiento,DCSASS__Shoplifting010_x264__Shoplifting010_x264_0.mp4,2.0,False,-2.0,2.0
DCSASS,Shoplifting010_x264,Shoplifting010_x264_1,sin_ocultamiento,DCSASS__Shoplifting010_x264__Shoplifting010_x264_1.mp4,2.0,False,-2.0,2.0
DCSASS,Shoplifting010_x264,Shoplifting010_x264_2,sin_ocultamiento,DCSASS__Shoplifting010_x264__Shoplifting010_x264_2.mp4,2.0,False,-2.0,2.0
DCSASS,Shoplifting010_x264,Shoplifting010_x264_3,sin_ocultamiento,DCSASS__Shoplifting010_x264__Shoplifting010_x264_3.mp4,2.0,False,-2.0,2.0
DCSASS,Shoplifting010_x264,Shoplifting010_x264_4,sin_ocultamiento,DCSASS__Shoplifting010_x264__Shoplifting010_x264_4.mp4,2.0,False,-2.0,2.0
DCSASS,Shoplifting010_x264,Shoplifting010_x264_5,sin_ocultamiento,DCSASS__Shoplifting010_x264__Shoplifting010_x264_5.mp4,2.0,False,-2.0,2.0
DCSASS,Shoplifting010_x264,Shoplifting010_x264_6,sin_ocultamiento,DCSASS__Shoplifting010_x264__Shoplifting010_x264_6.mp4,2.0,False,-2.0,2.0
DCSASS,Shoplifting010_x264,Shoplifting010_x264_7,sin_ocultamiento,DCSASS__Shoplifting010_x264__Shoplifting010_x264_7.mp4,2.0,False,-2.0,2.0
DCSASS,Shoplifting010_x264,Shoplifting010_x264_8,sin_ocultamiento,DCSASS__Shoplifting010_x264__Shoplifting010_x264_8.mp4,2.0,False,-2.0,2.0
DCSASS,Shoplifting010_x264,Shoplifting010_x264_9,sin_ocultamiento,DCSASS__Shoplifting010_x264__Shoplifting010_x264_9.mp4,2.0,False,-2.0,2.0
DCSASS,Shoplifting010_x264,Shoplifting010_x264_10,sin_ocultamiento,DCSASS__Shoplifting010_x264__Shoplifting010_x264_10.mp4,2.0,False,-2.0,2.0
DCSASS,Shoplifting010_x264,Shoplifting010_x264_11,sin_ocultamiento,DCSASS__Shoplifting010_x264__Shoplifting010_x264_11.mp4,2.0,False,-2.0,2.0
DCSASS,Shoplifting010_x264,Shoplifting010_x264_12,ocultamiento,DCSASS__Shoplifting010_x264__Shoplifting010_x264_12.mp4,2.0,False,-2.0,2.0
DCSASS,Shoplifting010_x264,Shoplifting010_x264_13,ocultamiento,DCSASS__Shoplifting010_x264__Shoplifting010_x264_13.mp4,2.0,False,-2.0,2.0
DCSASS,Shoplifting010_x264,Shoplifting010_x264_14,ocultamiento,DCSASS__Shoplifting010_x264__Shoplifting010_x264_14.mp4,2.0,False,-2.0,2.0
DCSASS,Shoplifting010_x264,Shoplifting010_x264_15,sin_ocultamiento,DCSASS__Shoplifting010_x264__Shoplifting010_x264_15.mp4,2.0,False,-2.0,2.0
DCSASS,Shoplifting010_x264,Shoplifting010_x264_16,sin_ocultamiento,DCSASS__Shoplifting010_x264__Shoplifting010_x264_16.mp4,2.0,False,-2.0,2.0
DCSASS,Shoplifting010_x264,Shoplifting010_x264_17,sin_ocultamiento,DCSASS__Shoplifting010_x264__Shoplifting010_x264_17.mp4,2.0,False,-2.0,2.0
DCSASS,Shoplifting010_x264,Shoplifting010_x264_18,sin_ocultamiento,DCSASS__Shoplifting010_x264__Shoplifting010_x264_18.mp4,2.0,False,-2.0,2.0
DCSASS,Shoplifting010_x264,Shoplifting010_x264_19,sin_ocultamiento,DCSASS__Shoplifting010_x264__Shoplifting010_x264_19.mp4,2.0,False,-2.0,2.0
DCSASS,Shoplifting010_x264,Shoplifting010_x264_20,sin_ocultamiento,DCSASS__Shoplifting010_x264__Shoplifting010_x264_20.mp4,2.0,False,-2.0,2.0
DCSASS,Shoplifting010_x264,Shoplifting010_x264_21,sin_ocultamiento,DCSASS__Shoplifting010_x264__Shoplifting010_x264_21.mp4,2.0,False,-2.0,2.0
DCSASS,Shoplifting010_x264,Shoplifting010_x264_22,sin_ocultamiento,DCSASS__Shoplifting010_x264__Shoplifting010_x264_22.mp4,2.0,False,-2.0,2.0
DCSASS,Shoplifting010_x264,Shoplifting010_x264_23,sin_ocultamiento,DCSASS__Shoplifting010_x264__Shoplifting010_x264_23.mp4,2.0,False,-2.0,2.0
DCSASS,Shoplifting010_x264,Shoplifting010_x264_24,sin_ocultamiento,DCSASS__Shoplifting010_x264__Shoplifting010_x264_24.mp4,2.0,False,-2.0,2.0
DCSASS,Shoplifting010_x264,Shoplifting010_x264_25,ocultamiento,DCSASS__Shoplifting010_x264__Shoplifting010_x264_25.mp4,2.0,False,-2.0,2.0
DCSASS,Shoplifting010_x264,Shoplifting010_x264_26,ocultamiento,DCSASS__Shoplifting010_x264__Shoplifting010_x264_26.mp4,2.0,False,-2.0,2.0
DCSASS,Shoplifting010_x264,Shoplifting010_x264_27,sin_ocultamiento,DCSASS__Shoplifting010_x264__Shoplifting010_x264_27.mp4,2.0,False,-2.0,2.0
DCSASS,Shoplifting010_x264,Shoplifting010_x264_28,sin_ocultamiento,DCSASS__Shoplifting010_x264__Shoplifting010_x264_28.mp4,2.0,False,-2.0,2.0
DCSASS,Shoplifting010_x264,Shoplifting010_x264_29,ocultamiento,DCSASS__Shoplifting010_x264__Shoplifting010_x264_29.mp4,2.0,False,-2.0,2.0
DCSASS,Shoplifting010_x264,Shoplifting010_x264_30,ocultamiento,DCSASS__Shoplifting010_x264__Shoplifting010_x264_30.mp4,2.0,False,-2.0,2.0
DCSASS,Shoplifting010_x264,Shoplifting010_x264_31,sin_ocultamiento,DCSASS__Shoplifting010_x264__Shoplifting010_x264_31.mp4,2.0,False,-2.0,2.0
DCSASS,Shoplifting013_x264,Shoplifting013_x264_0,sin_ocultamiento,DCSASS__Shoplifting013_x264__Shoplifting013_x264_0.mp4,2.0,False,-2.0,2.0
DCSASS,Shoplifting013_x264,Shoplifting013_x264_4,ocultamiento,DCSASS__Shoplifting013_x264__Shoplifting013_x264_4.mp4,2.0,False,-2.0,2.0
DCSASS,Shoplifting013_x264,Shoplifting013_x264_5,ocultamiento,DCSASS__Shoplifting013_x264__Shoplifting013_x264_5.mp4,2.0,False,-2.0,2.0
DCSASS,Shoplifting013_x264,Shoplifting013_x264_6,ocultamiento,DCSASS__Shoplifting013_x264__Shoplifting013_x264_6.mp4,2.0,False,-2.0,2.0
DCSASS,Shoplifting013_x264,Shoplifting013_x264_7,ocultamiento,DCSASS__Shoplifting013_x264__Shoplifting013_x264_7.mp4,2.0,False,-2.0,2.0
DCSASS,Shoplifting013_x264,Shoplifting013_x264_8,ocultamiento,DCSASS__Shoplifting013_x264__Shoplifting013_x264_8.mp4,2.0,False,-2.0,2.0
DCSASS,Shoplifting013_x264,Shoplifting013_x264_9,ocultamiento,DCSASS__Shoplifting013_x264__Shoplifting013_x264_9.mp4,2.0,False,-2.0,2.0
DCSASS,Shoplifting013_x264,Shoplifting013_x264_11,ocultamiento,DCSASS__Shoplifting013_x264__Shoplifting013_x264_11.mp4,2.0,False,-2.0,2.0
DCSASS,Shoplifting013_x264,Shoplifting013_x264_12,ocultamiento,DCSASS__Shoplifting013_x264__Shoplifting013_x264_12.mp4,2.0,False,-2.0,2.0
DCSASS,Shoplifting013_x264,Shoplifting013_x264_13,ocultamiento,DCSASS__Shoplifting013_x264__Shoplifting013_x264_13.mp4,2.0,False,-2.0,2.0
DCSASS,Shoplifting013_x264,Shoplifting013_x264_15,ocultamiento,DCSASS__Shoplifting013_x264__Shoplifting013_x264_15.mp4,2.0,False,-2.0,2.0
DCSASS,Shoplifting013_x264,Shoplifting013_x264_16,ocultamiento,DCSASS__Shoplifting013_x264__Shoplifting013_x264_16.mp4,2.0,False,-2.0,2.0
DCSASS,Shoplifting013_x264,Shoplifting013_x264_18,ocultamiento,DCSASS__Shoplifting013_x264__Shoplifting013_x264_18.mp4,2.0,False,-2.0,2.0
DCSASS,Shoplifting013_x264,Shoplifting013_x264_19,ocultamiento,DCSASS__Shoplifting013_x264__Shoplifting013_x264_19.mp4,2.0,False,-2.0,2.0
DCSASS,Shoplifting013_x264,Shoplifting013_x264_20,ocultamiento,DCSASS__Shoplifting013_x264__Shoplifting013_x264_20.mp4,2.0,False,-2.0,2.0
DCSASS,Shoplifting013_x264,Shoplifting013_x264_21,ocultamiento,DCSASS__Shoplifting013_x264__Shoplifting013_x264_21.mp4,2.0,False,-2.0,2.0
DCSASS,Shoplifting013_x264,Shoplifting013_x264_22,ocultamiento,DCSASS__Shoplifting013_x264__Shoplifting013_x264_22.mp4,2.0,False,-2.0,2.0
DCSASS,Shoplifting013_x264,Shoplifting013_x264_23,ocultamiento,DCSASS__Shoplifting013_x264__Shoplifting013_x264_23.mp4,2.0,False,-2.0,2.0
DCSASS,Shoplifting013_x264,Shoplifting013_x264_24,ocultamiento,DCSASS__Shoplifting013_x264__Shoplifting013_x264_24.mp4,2.0,False,-2.0,2.0
DCSASS,Shoplifting013_x264,Shoplifting013_x264_25,ocultamiento,DCSASS__Shoplifting013_x264__Shoplifting013_x264_25.mp4,2.0,False,-2.0,2.0
DCSASS,Shoplifting013_x264,Shoplifting013_x264_26,ocultamiento,DCSASS__Shoplifting013_x264__Shoplifting013_x264_26.mp4,2.0,False,-2.0,2.0
DCSASS,Shoplifting013_x264,Shoplifting013_x264_27,ocultamiento,DCSASS__Shoplifting013_x264__Shoplifting013_x264_27.mp4,2.0,False,-2.0,2.0
DCSASS,Shoplifting013_x264,Shoplifting013_x264_28,ocultamiento,DCSASS__Shoplifting013_x264__Shoplifting013_x264_28.mp4,2.0,False,-2.0,2.0
DCSASS,Shoplifting013_x264,Shoplifting013_x264_29,ocultamiento,DCSASS__Shoplifting013_x264__Shoplifting013_x264_29.mp4,2.0,False,-2.0,2.0
DCSASS,Shoplifting013_x264,Shoplifting013_x264_30,ocultamiento,DCSASS__Shoplifting013_x264__Shoplifting013_x264_30.mp4,2.0,False,-2.0,2.0
DCSASS,Shoplifting013_x264,Shoplifting013_x264_31,ocultamiento,DCSASS__Shoplifting013_x264__Shoplifting013_x264_31.mp4,2.0,False,-2.0,2.0
DCSASS,Shoplifting015_x264,Shoplifting015_x264_0,sin_ocultamiento,DCSASS__Shoplifting015_x264__Shoplifting015_x264_0.mp4,2.0,False,-2.0,2.0
DCSASS,Shoplifting015_x264,Shoplifting015_x264_1,sin_ocultamiento,DCSASS__Shoplifting015_x264__Shoplifting015_x264_1.mp4,2.0,False,-2.0,2.0
DCSASS,Shoplifting015_x264,Shoplifting015_x264_2,sin_ocultamiento,DCSASS__Shoplifting015_x264__Shoplifting015_x264_2.mp4,2.0,False,-2.0,2.0
DCSASS,Shoplifting015_x264,Shoplifting015_x264_3,sin_ocultamiento,DCSASS__Shoplifting015_x264__Shoplifting015_x264_3.mp4,2.0,False,-2.0,2.0
DCSASS,Shoplifting015_x264,Shoplifting015_x264_4,sin_ocultamiento,DCSASS__Shoplifting015_x264__Shoplifting015_x264_4.mp4,2.0,False,-2.0,2.0
DCSASS,Shoplifting015_x264,Shoplifting015_x264_5,sin_ocultamiento,DCSASS__Shoplifting015_x264__Shoplifting015_x264_5.mp4,2.0,False,-2.0,2.0
DCSASS,Shoplifting015_x264,Shoplifting015_x264_6,sin_ocultamiento,DCSASS__Shoplifting015_x264__Shoplifting015_x264_6.mp4,2.0,False,-2.0,2.0
DCSASS,Shoplifting015_x264,Shoplifting015_x264_7,sin_ocultamiento,DCSASS__Shoplifting015_x264__Shoplifting015_x264_7.mp4,2.0,False,-2.0,2.0
DCSASS,Shoplifting015_x264,Shoplifting015_x264_8,sin_ocultamiento,DCSASS__Shoplifting015_x264__Shoplifting015_x264_8.mp4,2.0,False,-2.0,2.0
DCSASS,Shoplifting015_x264,Shoplifting015_x264_9,sin_ocultamiento,DCSASS__Shoplifting015_x264__Shoplifting015_x264_9.mp4,2.0,False,-2.0,2.0
DCSASS,Shoplifting015_x264,Shoplifting015_x264_10,sin_ocultamiento,DCSASS__Shoplifting015_x264__Shoplifting015_x264_10.mp4,2.0,False,-2.0,2.0
DCSASS,Shoplifting015_x264,Shoplifting015_x264_11,sin_ocultamiento,DCSASS__Shoplifting015_x264__Shoplifting015_x264_11.mp4,2.0,False,-2.0,2.0
DCSASS,Shoplifting015_x264,Shoplifting015_x264_12,sin_ocultamiento,DCSASS__Shoplifting015_x264__Shoplifting015_x264_12.mp4,2.0,False,-2.0,2.0
DCSASS,Shoplifting015_x264,Shoplifting015_x264_13,sin_ocultamiento,DCSASS__Shoplifting015_x264__Shoplifting015_x264_13.mp4,2.0,False,-2.0,2.0
DCSASS,Shoplifting015_x264,Shoplifting015_x264_14,sin_ocultamiento,DCSASS__Shoplifting015_x264__Shoplifting015_x264_14.mp4,2.0,False,-2.0,2.0
DCSASS,Shoplifting015_x264,Shoplifting015_x264_15,sin_ocultamiento,DCSASS__Shoplifting015_x264__Shoplifting015_x264_15.mp4,2.0,False,-2.0,2.0
DCSASS,Shoplifting015_x264,Shoplifting015_x264_16,sin_ocultamiento,DCSASS__Shoplifting015_x264__Shoplifting015_x264_16.mp4,2.0,False,-2.0,2.0
DCSASS,Shoplifting015_x264,Shoplifting015_x264_17,sin_ocultamiento,DCSASS__Shoplifting015_x264__Shoplifting015_x264_17.mp4,2.0,False,-2.0,2.0
DCSASS,Shoplifting015_x264,Shoplifting015_x264_18,sin_ocultamiento,DCSASS__Shoplifting015_x264__Shoplifting015_x264_18.mp4,2.0,False,-2.0,2.0
DCSASS,Shoplifting015_x264,Shoplifting015_x264_19,sin_ocultamiento,DCSASS__Shoplifting015_x264__Shoplifting015_x264_19.mp4,2.0,False,-2.0,2.0
DCSASS,Shoplifting015_x264,Shoplifting015_x264_20,sin_ocultamiento,DCSASS__Shoplifting015_x264__Shoplifting015_x264_20.mp4,2.0,False,-2.0,2.0
DCSASS,Shoplifting015_x264,Shoplifting015_x264_21,sin_ocultamiento,DCSASS__Shoplifting015_x264__Shoplifting015_x264_21.mp4,2.0,False,-2.0,2.0
DCSASS,Shoplifting015_x264,Shoplifting015_x264_22,sin_ocultamiento,DCSASS__Shoplifting015_x264__Shoplifting015_x264_22.mp4,2.0,False,-2.0,2.0
DCSASS,Shoplifting015_x264,Shoplifting015_x264_23,sin_ocultamiento,DCSASS__Shoplifting015_x264__Shoplifting015_x264_23.mp4,2.0,False,-2.0,2.0
DCSASS,Shoplifting015_x264,Shoplifting015_x264_24,sin_ocultamiento,DCSASS__Shoplifting015_x264__Shoplifting015_x264_24.mp4,2.0,False,-2.0,2.0
DCSASS,Shoplifting015_x264,Shoplifting015_x264_25,sin_ocultamiento,DCSASS__Shoplifting015_x264__Shoplifting015_x264_25.mp4,2.0,False,-2.0,2.0
DCSASS,Shoplifting015_x264,Shoplifting015_x264_26,sin_ocultamiento,DCSASS__Shoplifting015_x264__Shoplifting015_x264_26.mp4,2.0,False,-2.0,2.0
DCSASS,Shoplifting015_x264,Shoplifting015_x264_27,sin_ocultamiento,DCSASS__Shoplifting015_x264__Shoplifting015_x264_27.mp4,2.0,False,-2.0,2.0
DCSASS,Shoplifting015_x264,Shoplifting015_x264_28,sin_ocultamiento,DCSASS__Shoplifting015_x264__Shoplifting015_x264_28.mp4,2.0,False,-2.0,2.0
DCSASS,Shoplifting015_x264,Shoplifting015_x264_29,sin_ocultamiento,DCSASS__Shoplifting015_x264__Shoplifting015_x264_29.mp4,2.0,False,-2.0,2.0
DCSASS,Shoplifting015_x264,Shoplifting015_x264_30,sin_ocultamiento,DCSASS__Shoplifting015_x264__Shoplifting015_x264_30.mp4,2.0,False,-2.0,2.0
DCSASS,Shoplifting015_x264,Shoplifting015_x264_31,sin_ocultamiento,DCSASS__Shoplifting015_x264__Shoplifting015_x264_31.mp4,2.0,False,-2.0,2.0
DCSASS,Shoplifting016_x264,Shoplifting016_x264_0,sin_ocultamiento,DCSASS__Shoplifting016_x264__Shoplifting016_x264_0.mp4,1.0,False,-3.0,1.0
DCSASS,Shoplifting016_x264,Shoplifting016_x264_1,sin_ocultamiento,DCSASS__Shoplifting016_x264__Shoplifting016_x264_1.mp4,1.0,False,-3.0,1.0
DCSASS,Shoplifting016_x264,Shoplifting016_x264_2,sin_ocultamiento,DCSASS__Shoplifting016_x264__Shoplifting016_x264_2.mp4,1.0,False,-3.0,1.0
DCSASS,Shoplifting016_x264,Shoplifting016_x264_3,sin_ocultamiento,DCSASS__Shoplifting016_x264__Shoplifting016_x264_3.mp4,1.0,False,-3.0,1.0
DCSASS,Shoplifting016_x264,Shoplifting016_x264_4,sin_ocultamiento,DCSASS__Shoplifting016_x264__Shoplifting016_x264_4.mp4,1.0,False,-3.0,1.0
DCSASS,Shoplifting016_x264,Shoplifting016_x264_5,sin_ocultamiento,DCSASS__Shoplifting016_x264__Shoplifting016_x264_5.mp4,1.0,False,-3.0,1.0
DCSASS,Shoplifting016_x264,Shoplifting016_x264_6,sin_ocultamiento,DCSASS__Shoplifting016_x264__Shoplifting016_x264_6.mp4,1.0,False,-3.0,1.0
DCSASS,Shoplifting016_x264,Shoplifting016_x264_7,sin_ocultamiento,DCSASS__Shoplifting016_x264__Shoplifting016_x264_7.mp4,1.0,False,-3.0,1.0
DCSASS,Shoplifting016_x264,Shoplifting016_x264_8,sin_ocultamiento,DCSASS__Shoplifting016_x264__Shoplifting016_x264_8.mp4,1.0,False,-3.0,1.0
DCSASS,Shoplifting016_x264,Shoplifting016_x264_9,sin_ocultamiento,DCSASS__Shoplifting016_x264__Shoplifting016_x264_9.mp4,1.0,False,-3.0,1.0
DCSASS,Shoplifting016_x264,Shoplifting016_x264_10,sin_ocultamiento,DCSASS__Shoplifting016_x264__Shoplifting016_x264_10.mp4,1.0,False,-3.0,1.0
DCSASS,Shoplifting016_x264,Shoplifting016_x264_11,sin_ocultamiento,DCSASS__Shoplifting016_x264__Shoplifting016_x264_11.mp4,1.0,False,-3.0,1.0
DCSASS,Shoplifting016_x264,Shoplifting016_x264_12,sin_ocultamiento,DCSASS__Shoplifting016_x264__Shoplifting016_x264_12.mp4,1.0,False,-3.0,1.0
DCSASS,Shoplifting016_x264,Shoplifting016_x264_13,sin_ocultamiento,DCSASS__Shoplifting016_x264__Shoplifting016_x264_13.mp4,1.0,False,-3.0,1.0
DCSASS,Shoplifting016_x264,Shoplifting016_x264_14,sin_ocultamiento,DCSASS__Shoplifting016_x264__Shoplifting016_x264_14.mp4,1.0,False,-3.0,1.0
DCSASS,Shoplifting016_x264,Shoplifting016_x264_15,sin_ocultamiento,DCSASS__Shoplifting016_x264__Shoplifting016_x264_15.mp4,1.0,False,-3.0,1.0
DCSASS,Shoplifting016_x264,Shoplifting016_x264_16,sin_ocultamiento,DCSASS__Shoplifting016_x264__Shoplifting016_x264_16.mp4,1.0,False,-3.0,1.0
DCSASS,Shoplifting016_x264,Shoplifting016_x264_17,sin_ocultamiento,DCSASS__Shoplifting016_x264__Shoplifting016_x264_17.mp4,1.0,False,-3.0,1.0
DCSASS,Shoplifting016_x264,Shoplifting016_x264_18,sin_ocultamiento,DCSASS__Shoplifting016_x264__Shoplifting016_x264_18.mp4,1.0,False,-3.0,1.0
DCSASS,Shoplifting016_x264,Shoplifting016_x264_19,sin_ocultamiento,DCSASS__Shoplifting016_x264__Shoplifting016_x264_19.mp4,1.0,False,-3.0,1.0
DCSASS,Shoplifting016_x264,Shoplifting016_x264_20,sin_ocultamiento,DCSASS__Shoplifting016_x264__Shoplifting016_x264_20.mp4,1.0,False,-3.0,1.0
DCSASS,Shoplifting016_x264,Shoplifting016_x264_21,ocultamiento,DCSASS__Shoplifting016_x264__Shoplifting016_x264_21.mp4,1.0,False,-3.0,1.0
DCSASS,Shoplifting016_x264,Shoplifting016_x264_22,ocultamiento,DCSASS__Shoplifting016_x264__Shoplifting016_x264_22.mp4,1.0,False,-3.0,1.0
DCSASS,Shoplifting016_x264,Shoplifting016_x264_23,ocultamiento,DCSASS__Shoplifting016_x264__Shoplifting016_x264_23.mp4,1.0,False,-3.0,1.0
DCSASS,Shoplifting016_x264,Shoplifting016_x264_24,sin_ocultamiento,DCSASS__Shoplifting016_x264__Shoplifting016_x264_24.mp4,1.0,False,-3.0,1.0
DCSASS,Shoplifting016_x264,Shoplifting016_x264_25,sin_ocultamiento,DCSASS__Shoplifting016_x264__Shoplifting016_x264_25.mp4,1.0,False,-3.0,1.0
DCSASS,Shoplifting016_x264,Shoplifting016_x264_26,sin_ocultamiento,DCSASS__Shoplifting016_x264__Shoplifting016_x264_26.mp4,1.0,False,-3.0,1.0
DCSASS,Shoplifting016_x264,Shoplifting016_x264_27,sin_ocultamiento,DCSASS__Shoplifting016_x264__Shoplifting016_x264_27.mp4,1.0,False,-3.0,1.0
DCSASS,Shoplifting016_x264,Shoplifting016_x264_28,sin_ocultamiento,DCSASS__Shoplifting016_x264__Shoplifting016_x264_28.mp4,1.0,False,-3.0,1.0
DCSASS,Shoplifting016_x264,Shoplifting016_x264_29,sin_ocultamiento,DCSASS__Shoplifting016_x264__Shoplifting016_x264_29.mp4,1.0,False,-3.0,1.0
DCSASS,Shoplifting016_x264,Shoplifting016_x264_30,sin_ocultamiento,DCSASS__Shoplifting016_x264__Shoplifting016_x264_30.mp4,1.0,False,-3.0,1.0
DCSASS,Shoplifting016_x264,Shoplifting016_x264_31,sin_ocultamiento,DCSASS__Shoplifting016_x264__Shoplifting016_x264_31.mp4,1.0,False,-3.0,1.0
DCSASS,Shoplifting018_x264,Shoplifting018_x264_0,sin_ocultamiento,DCSASS__Shoplifting018_x264__Shoplifting018_x264_0.mp4,2.0,False,-2.0,2.0
DCSASS,Shoplifting018_x264,Shoplifting018_x264_1,sin_ocultamiento,DCSASS__Shoplifting018_x264__Shoplifting018_x264_1.mp4,2.0,False,-2.0,2.0
DCSASS,Shoplifting018_x264,Shoplifting018_x264_3,sin_ocultamiento,DCSASS__Shoplifting018_x264__Shoplifting018_x264_3.mp4,2.0,False,-2.0,2.0
DCSASS,Shoplifting018_x264,Shoplifting018_x264_4,sin_ocultamiento,DCSASS__Shoplifting018_x264__Shoplifting018_x264_4.mp4,2.0,False,-2.0,2.0
DCSASS,Shoplifting018_x264,Shoplifting018_x264_6,ocultamiento,DCSASS__Shoplifting018_x264__Shoplifting018_x264_6.mp4,2.0,False,-2.0,2.0
DCSASS,Shoplifting018_x264,Shoplifting018_x264_7,ocultamiento,DCSASS__Shoplifting018_x264__Shoplifting018_x264_7.mp4,2.0,False,-2.0,2.0
DCSASS,Shoplifting018_x264,Shoplifting018_x264_8,ocultamiento,DCSASS__Shoplifting018_x264__Shoplifting018_x264_8.mp4,2.0,False,-2.0,2.0
DCSASS,Shoplifting018_x264,Shoplifting018_x264_10,ocultamiento,DCSASS__Shoplifting018_x264__Shoplifting018_x264_10.mp4,2.0,False,-2.0,2.0
DCSASS,Shoplifting018_x264,Shoplifting018_x264_13,sin_ocultamiento,DCSASS__Shoplifting018_x264__Shoplifting018_x264_13.mp4,2.0,False,-2.0,2.0
DCSASS,Shoplifting018_x264,Shoplifting018_x264_15,sin_ocultamiento,DCSASS__Shoplifting018_x264__Shoplifting018_x264_15.mp4,2.0,False,-2.0,2.0
DCSASS,Shoplifting018_x264,Shoplifting018_x264_19,sin_ocultamiento,DCSASS__Shoplifting018_x264__Shoplifting018_x264_19.mp4,2.0,False,-2.0,2.0
DCSASS,Shoplifting018_x264,Shoplifting018_x264_21,ocultamiento,DCSASS__Shoplifting018_x264__Shoplifting018_x264_21.mp4,2.0,False,-2.0,2.0
DCSASS,Shoplifting018_x264,Shoplifting018_x264_22,ocultamiento,DCSASS__Shoplifting018_x264__Shoplifting018_x264_22.mp4,2.0,False,-2.0,2.0
DCSASS,Shoplifting018_x264,Shoplifting018_x264_23,ocultamiento,DCSASS__Shoplifting018_x264__Shoplifting018_x264_23.mp4,2.0,False,-2.0,2.0
DCSASS,Shoplifting018_x264,Shoplifting018_x264_24,ocultamiento,DCSASS__Shoplifting018_x264__Shoplifting018_x264_24.mp4,2.0,False,-2.0,2.0
DCSASS,Shoplifting018_x264,Shoplifting018_x264_29,sin_ocultamiento,DCSASS__Shoplifting018_x264__Shoplifting018_x264_29.mp4,2.0,False,-2.0,2.0
DCSASS,Shoplifting018_x264,Shoplifting018_x264_31,sin_ocultamiento,DCSASS__Shoplifting018_x264__Shoplifting018_x264_31.mp4,2.0,False,-2.0,2.0
DCSASS,Shoplifting021_x264,Shoplifting021_x264_0,sin_ocultamiento,DCSASS__Shoplifting021_x264__Shoplifting021_x264_0.mp4,3.0,False,-1.0,3.0
DCSASS,Shoplifting021_x264,Shoplifting021_x264_1,sin_ocultamiento,DCSASS__Shoplifting021_x264__Shoplifting021_x264_1.mp4,3.0,False,-1.0,3.0
DCSASS,Shoplifting021_x264,Shoplifting021_x264_2,sin_ocultamiento,DCSASS__Shoplifting021_x264__Shoplifting021_x264_2.mp4,3.0,False,-1.0,3.0
DCSASS,Shoplifting021_x264,Shoplifting021_x264_3,sin_ocultamiento,DCSASS__Shoplifting021_x264__Shoplifting021_x264_3.mp4,3.0,False,-1.0,3.0
DCSASS,Shoplifting021_x264,Shoplifting021_x264_4,sin_ocultamiento,DCSASS__Shoplifting021_x264__Shoplifting021_x264_4.mp4,3.0,False,-1.0,3.0
DCSASS,Shoplifting021_x264,Shoplifting021_x264_5,sin_ocultamiento,DCSASS__Shoplifting021_x264__Shoplifting021_x264_5.mp4,3.0,False,-1.0,3.0
DCSASS,Shoplifting021_x264,Shoplifting021_x264_6,sin_ocultamiento,DCSASS__Shoplifting021_x264__Shoplifting021_x264_6.mp4,3.0,False,-1.0,3.0
DCSASS,Shoplifting021_x264,Shoplifting021_x264_7,sin_ocultamiento,DCSASS__Shoplifting021_x264__Shoplifting021_x264_7.mp4,3.0,False,-1.0,3.0
DCSASS,Shoplifting021_x264,Shoplifting021_x264_8,sin_ocultamiento,DCSASS__Shoplifting021_x264__Shoplifting021_x264_8.mp4,3.0,False,-1.0,3.0
DCSASS,Shoplifting021_x264,Shoplifting021_x264_9,sin_ocultamiento,DCSASS__Shoplifting021_x264__Shoplifting021_x264_9.mp4,3.0,False,-1.0,3.0
DCSASS,Shoplifting021_x264,Shoplifting021_x264_10,sin_ocultamiento,DCSASS__Shoplifting021_x264__Shoplifting021_x264_10.mp4,3.0,False,-1.0,3.0
DCSASS,Shoplifting021_x264,Shoplifting021_x264_11,sin_ocultamiento,DCSASS__Shoplifting021_x264__Shoplifting021_x264_11.mp4,3.0,False,-1.0,3.0
DCSASS,Shoplifting021_x264,Shoplifting021_x264_12,sin_ocultamiento,DCSASS__Shoplifting021_x264__Shoplifting021_x264_12.mp4,3.0,False,-1.0,3.0
DCSASS,Shoplifting021_x264,Shoplifting021_x264_13,sin_ocultamiento,DCSASS__Shoplifting021_x264__Shoplifting021_x264_13.mp4,3.0,False,-1.0,3.0
DCSASS,Shoplifting021_x264,Shoplifting021_x264_14,sin_ocultamiento,DCSASS__Shoplifting021_x264__Shoplifting021_x264_14.mp4,3.0,False,-1.0,3.0
DCSASS,Shoplifting021_x264,Shoplifting021_x264_15,sin_ocultamiento,DCSASS__Shoplifting021_x264__Shoplifting021_x264_15.mp4,3.0,False,-1.0,3.0
DCSASS,Shoplifting021_x264,Shoplifting021_x264_16,sin_ocultamiento,DCSASS__Shoplifting021_x264__Shoplifting021_x264_16.mp4,3.0,False,-1.0,3.0
DCSASS,Shoplifting021_x264,Shoplifting021_x264_17,sin_ocultamiento,DCSASS__Shoplifting021_x264__Shoplifting021_x264_17.mp4,3.0,False,-1.0,3.0
DCSASS,Shoplifting021_x264,Shoplifting021_x264_18,sin_ocultamiento,DCSASS__Shoplifting021_x264__Shoplifting021_x264_18.mp4,3.0,False,-1.0,3.0
DCSASS,Shoplifting021_x264,Shoplifting021_x264_19,sin_ocultamiento,DCSASS__Shoplifting021_x264__Shoplifting021_x264_19.mp4,3.0,False,-1.0,3.0
DCSASS,Shoplifting021_x264,Shoplifting021_x264_20,sin_ocultamiento,DCSASS__Shoplifting021_x264__Shoplifting021_x264_20.mp4,3.0,False,-1.0,3.0
DCSASS,Shoplifting021_x264,Shoplifting021_x264_21,sin_ocultamiento,DCSASS__Shoplifting021_x264__Shoplifting021_x264_21.mp4,3.0,False,-1.0,3.0
DCSASS,Shoplifting021_x264,Shoplifting021_x264_22,sin_ocultamiento,DCSASS__Shoplifting021_x264__Shoplifting021_x264_22.mp4,3.0,False,-1.0,3.0
DCSASS,Shoplifting021_x264,Shoplifting021_x264_23,ocultamiento,DCSASS__Shoplifting021_x264__Shoplifting021_x264_23.mp4,3.0,False,-1.0,3.0
DCSASS,Shoplifting021_x264,Shoplifting021_x264_24,ocultamiento,DCSASS__Shoplifting021_x264__Shoplifting021_x264_24.mp4,3.0,False,-1.0,3.0
DCSASS,Shoplifting021_x264,Shoplifting021_x264_25,sin_ocultamiento,DCSASS__Shoplifting021_x264__Shoplifting021_x264_25.mp4,3.0,False,-1.0,3.0
DCSASS,Shoplifting021_x264,Shoplifting021_x264_26,sin_ocultamiento,DCSASS__Shoplifting021_x264__Shoplifting021_x264_26.mp4,3.0,False,-1.0,3.0
DCSASS,Shoplifting021_x264,Shoplifting021_x264_27,sin_ocultamiento,DCSASS__Shoplifting021_x264__Shoplifting021_x264_27.mp4,3.0,False,-1.0,3.0
DCSASS,Shoplifting021_x264,Shoplifting021_x264_28,sin_ocultamiento,DCSASS__Shoplifting021_x264__Shoplifting021_x264_28.mp4,3.0,False,-1.0,3.0
DCSASS,Shoplifting021_x264,Shoplifting021_x264_29,sin_ocultamiento,DCSASS__Shoplifting021_x264__Shoplifting021_x264_29.mp4,3.0,False,-1.0,3.0
DCSASS,Shoplifting021_x264,Shoplifting021_x264_30,sin_ocultamiento,DCSASS__Shoplifting021_x264__Shoplifting021_x264_30.mp4,3.0,False,-1.0,3.0
DCSASS,Shoplifting021_x264,Shoplifting021_x264_31,sin_ocultamiento,DCSASS__Shoplifting021_x264__Shoplifting021_x264_31.mp4,3.0,False,-1.0,3.0
DCSASS,Shoplifting022_x264,Shoplifting022_x264_0,sin_ocultamiento,DCSASS__Shoplifting022_x264__Shoplifting022_x264_0.mp4,2.0,False,-2.0,2.0
DCSASS,Shoplifting022_x264,Shoplifting022_x264_1,sin_ocultamiento,DCSASS__Shoplifting022_x264__Shoplifting022_x264_1.mp4,2.0,False,-2.0,2.0
DCSASS,Shoplifting022_x264,Shoplifting022_x264_2,sin_ocultamiento,DCSASS__Shoplifting022_x264__Shoplifting022_x264_2.mp4,2.0,False,-2.0,2.0
DCSASS,Shoplifting022_x264,Shoplifting022_x264_3,sin_ocultamiento,DCSASS__Shoplifting022_x264__Shoplifting022_x264_3.mp4,2.0,False,-2.0,2.0
DCSASS,Shoplifting022_x264,Shoplifting022_x264_4,sin_ocultamiento,DCSASS__Shoplifting022_x264__Shoplifting022_x264_4.mp4,2.0,False,-2.0,2.0
DCSASS,Shoplifting022_x264,Shoplifting022_x264_5,ocultamiento,DCSASS__Shoplifting022_x264__Shoplifting022_x264_5.mp4,2.0,False,-2.0,2.0
DCSASS,Shoplifting022_x264,Shoplifting022_x264_6,ocultamiento,DCSASS__Shoplifting022_x264__Shoplifting022_x264_6.mp4,2.0,False,-2.0,2.0
DCSASS,Shoplifting022_x264,Shoplifting022_x264_7,sin_ocultamiento,DCSASS__Shoplifting022_x264__Shoplifting022_x264_7.mp4,2.0,False,-2.0,2.0
DCSASS,Shoplifting022_x264,Shoplifting022_x264_8,sin_ocultamiento,DCSASS__Shoplifting022_x264__Shoplifting022_x264_8.mp4,2.0,False,-2.0,2.0
DCSASS,Shoplifting022_x264,Shoplifting022_x264_9,sin_ocultamiento,DCSASS__Shoplifting022_x264__Shoplifting022_x264_9.mp4,2.0,False,-2.0,2.0
DCSASS,Shoplifting022_x264,Shoplifting022_x264_10,sin_ocultamiento,DCSASS__Shoplifting022_x264__Shoplifting022_x264_10.mp4,2.0,False,-2.0,2.0
DCSASS,Shoplifting022_x264,Shoplifting022_x264_11,sin_ocultamiento,DCSASS__Shoplifting022_x264__Shoplifting022_x264_11.mp4,2.0,False,-2.0,2.0
DCSASS,Shoplifting022_x264,Shoplifting022_x264_12,sin_ocultamiento,DCSASS__Shoplifting022_x264__Shoplifting022_x264_12.mp4,2.0,False,-2.0,2.0
DCSASS,Shoplifting022_x264,Shoplifting022_x264_13,sin_ocultamiento,DCSASS__Shoplifting022_x264__Shoplifting022_x264_13.mp4,2.0,False,-2.0,2.0
DCSASS,Shoplifting022_x264,Shoplifting022_x264_14,sin_ocultamiento,DCSASS__Shoplifting022_x264__Shoplifting022_x264_14.mp4,2.0,False,-2.0,2.0
DCSASS,Shoplifting022_x264,Shoplifting022_x264_15,sin_ocultamiento,DCSASS__Shoplifting022_x264__Shoplifting022_x264_15.mp4,2.0,False,-2.0,2.0
DCSASS,Shoplifting022_x264,Shoplifting022_x264_16,sin_ocultamiento,DCSASS__Shoplifting022_x264__Shoplifting022_x264_16.mp4,2.0,False,-2.0,2.0
DCSASS,Shoplifting022_x264,Shoplifting022_x264_17,sin_ocultamiento,DCSASS__Shoplifting022_x264__Shoplifting022_x264_17.mp4,2.0,False,-2.0,2.0
DCSASS,Shoplifting022_x264,Shoplifting022_x264_18,sin_ocultamiento,DCSASS__Shoplifting022_x264__Shoplifting022_x264_18.mp4,2.0,False,-2.0,2.0
DCSASS,Shoplifting022_x264,Shoplifting022_x264_19,sin_ocultamiento,DCSASS__Shoplifting022_x264__Shoplifting022_x264_19.mp4,2.0,False,-2.0,2.0
DCSASS,Shoplifting022_x264,Shoplifting022_x264_20,sin_ocultamiento,DCSASS__Shoplifting022_x264__Shoplifting022_x264_20.mp4,2.0,False,-2.0,2.0
DCSASS,Shoplifting022_x264,Shoplifting022_x264_21,sin_ocultamiento,DCSASS__Shoplifting022_x264__Shoplifting022_x264_21.mp4,2.0,False,-2.0,2.0
DCSASS,Shoplifting022_x264,Shoplifting022_x264_22,sin_ocultamiento,DCSASS__Shoplifting022_x264__Shoplifting022_x264_22.mp4,2.0,False,-2.0,2.0
DCSASS,Shoplifting022_x264,Shoplifting022_x264_23,sin_ocultamiento,DCSASS__Shoplifting022_x264__Shoplifting022_x264_23.mp4,2.0,False,-2.0,2.0
DCSASS,Shoplifting022_x264,Shoplifting022_x264_24,sin_ocultamiento,DCSASS__Shoplifting022_x264__Shoplifting022_x264_24.mp4,2.0,False,-2.0,2.0
DCSASS,Shoplifting022_x264,Shoplifting022_x264_25,sin_ocultamiento,DCSASS__Shoplifting022_x264__Shoplifting022_x264_25.mp4,2.0,False,-2.0,2.0
DCSASS,Shoplifting022_x264,Shoplifting022_x264_26,sin_ocultamiento,DCSASS__Shoplifting022_x264__Shoplifting022_x264_26.mp4,2.0,False,-2.0,2.0
DCSASS,Shoplifting022_x264,Shoplifting022_x264_27,sin_ocultamiento,DCSASS__Shoplifting022_x264__Shoplifting022_x264_27.mp4,2.0,False,-2.0,2.0
DCSASS,Shoplifting022_x264,Shoplifting022_x264_28,sin_ocultamiento,DCSASS__Shoplifting022_x264__Shoplifting022_x264_28.mp4,2.0,False,-2.0,2.0
DCSASS,Shoplifting022_x264,Shoplifting022_x264_29,sin_ocultamiento,DCSASS__Shoplifting022_x264__Shoplifting022_x264_29.mp4,2.0,False,-2.0,2.0
DCSASS,Shoplifting022_x264,Shoplifting022_x264_30,sin_ocultamiento,DCSASS__Shoplifting022_x264__Shoplifting022_x264_30.mp4,2.0,False,-2.0,2.0
DCSASS,Shoplifting022_x264,Shoplifting022_x264_31,sin_ocultamiento,DCSASS__Shoplifting022_x264__Shoplifting022_x264_31.mp4,2.0,False,-2.0,2.0
DCSASS,Shoplifting024_x264,Shoplifting024_x264_0,sin_ocultamiento,DCSASS__Shoplifting024_x264__Shoplifting024_x264_0.mp4,1.0,False,-3.0,1.0
DCSASS,Shoplifting024_x264,Shoplifting024_x264_1,sin_ocultamiento,DCSASS__Shoplifting024_x264__Shoplifting024_x264_1.mp4,1.0,False,-3.0,1.0
DCSASS,Shoplifting024_x264,Shoplifting024_x264_2,sin_ocultamiento,DCSASS__Shoplifting024_x264__Shoplifting024_x264_2.mp4,1.0,False,-3.0,1.0
DCSASS,Shoplifting024_x264,Shoplifting024_x264_3,sin_ocultamiento,DCSASS__Shoplifting024_x264__Shoplifting024_x264_3.mp4,1.0,False,-3.0,1.0
DCSASS,Shoplifting024_x264,Shoplifting024_x264_4,sin_ocultamiento,DCSASS__Shoplifting024_x264__Shoplifting024_x264_4.mp4,1.0,False,-3.0,1.0
DCSASS,Shoplifting024_x264,Shoplifting024_x264_5,sin_ocultamiento,DCSASS__Shoplifting024_x264__Shoplifting024_x264_5.mp4,1.0,False,-3.0,1.0
DCSASS,Shoplifting024_x264,Shoplifting024_x264_6,sin_ocultamiento,DCSASS__Shoplifting024_x264__Shoplifting024_x264_6.mp4,1.0,False,-3.0,1.0
DCSASS,Shoplifting024_x264,Shoplifting024_x264_7,sin_ocultamiento,DCSASS__Shoplifting024_x264__Shoplifting024_x264_7.mp4,1.0,False,-3.0,1.0
DCSASS,Shoplifting024_x264,Shoplifting024_x264_8,sin_ocultamiento,DCSASS__Shoplifting024_x264__Shoplifting024_x264_8.mp4,1.0,False,-3.0,1.0
DCSASS,Shoplifting024_x264,Shoplifting024_x264_9,sin_ocultamiento,DCSASS__Shoplifting024_x264__Shoplifting024_x264_9.mp4,1.0,False,-3.0,1.0
DCSASS,Shoplifting024_x264,Shoplifting024_x264_10,sin_ocultamiento,DCSASS__Shoplifting024_x264__Shoplifting024_x264_10.mp4,1.0,False,-3.0,1.0
DCSASS,Shoplifting024_x264,Shoplifting024_x264_11,sin_ocultamiento,DCSASS__Shoplifting024_x264__Shoplifting024_x264_11.mp4,1.0,False,-3.0,1.0
DCSASS,Shoplifting024_x264,Shoplifting024_x264_12,sin_ocultamiento,DCSASS__Shoplifting024_x264__Shoplifting024_x264_12.mp4,1.0,False,-3.0,1.0
DCSASS,Shoplifting024_x264,Shoplifting024_x264_13,sin_ocultamiento,DCSASS__Shoplifting024_x264__Shoplifting024_x264_13.mp4,1.0,False,-3.0,1.0
DCSASS,Shoplifting024_x264,Shoplifting024_x264_14,sin_ocultamiento,DCSASS__Shoplifting024_x264__Shoplifting024_x264_14.mp4,1.0,False,-3.0,1.0
DCSASS,Shoplifting024_x264,Shoplifting024_x264_15,sin_ocultamiento,DCSASS__Shoplifting024_x264__Shoplifting024_x264_15.mp4,1.0,False,-3.0,1.0
DCSASS,Shoplifting024_x264,Shoplifting024_x264_16,sin_ocultamiento,DCSASS__Shoplifting024_x264__Shoplifting024_x264_16.mp4,1.0,False,-3.0,1.0
DCSASS,Shoplifting024_x264,Shoplifting024_x264_17,sin_ocultamiento,DCSASS__Shoplifting024_x264__Shoplifting024_x264_17.mp4,1.0,False,-3.0,1.0
DCSASS,Shoplifting024_x264,Shoplifting024_x264_18,sin_ocultamiento,DCSASS__Shoplifting024_x264__Shoplifting024_x264_18.mp4,1.0,False,-3.0,1.0
DCSASS,Shoplifting024_x264,Shoplifting024_x264_19,sin_ocultamiento,DCSASS__Shoplifting024_x264__Shoplifting024_x264_19.mp4,1.0,False,-3.0,1.0
DCSASS,Shoplifting024_x264,Shoplifting024_x264_20,sin_ocultamiento,DCSASS__Shoplifting024_x264__Shoplifting024_x264_20.mp4,1.0,False,-3.0,1.0
DCSASS,Shoplifting024_x264,Shoplifting024_x264_21,sin_ocultamiento,DCSASS__Shoplifting024_x264__Shoplifting024_x264_21.mp4,1.0,False,-3.0,1.0
DCSASS,Shoplifting024_x264,Shoplifting024_x264_22,sin_ocultamiento,DCSASS__Shoplifting024_x264__Shoplifting024_x264_22.mp4,1.0,False,-3.0,1.0
DCSASS,Shoplifting024_x264,Shoplifting024_x264_23,sin_ocultamiento,DCSASS__Shoplifting024_x264__Shoplifting024_x264_23.mp4,1.0,False,-3.0,1.0
DCSASS,Shoplifting024_x264,Shoplifting024_x264_24,sin_ocultamiento,DCSASS__Shoplifting024_x264__Shoplifting024_x264_24.mp4,1.0,False,-3.0,1.0
DCSASS,Shoplifting024_x264,Shoplifting024_x264_25,sin_ocultamiento,DCSASS__Shoplifting024_x264__Shoplifting024_x264_25.mp4,1.0,False,-3.0,1.0
DCSASS,Shoplifting024_x264,Shoplifting024_x264_26,sin_ocultamiento,DCSASS__Shoplifting024_x264__Shoplifting024_x264_26.mp4,1.0,False,-3.0,1.0
DCSASS,Shoplifting024_x264,Shoplifting024_x264_27,sin_ocultamiento,DCSASS__Shoplifting024_x264__Shoplifting024_x264_27.mp4,1.0,False,-3.0,1.0
DCSASS,Shoplifting024_x264,Shoplifting024_x264_28,sin_ocultamiento,DCSASS__Shoplifting024_x264__Shoplifting024_x264_28.mp4,1.0,False,-3.0,1.0
DCSASS,Shoplifting024_x264,Shoplifting024_x264_29,sin_ocultamiento,DCSASS__Shoplifting024_x264__Shoplifting024_x264_29.mp4,1.0,False,-3.0,1.0
DCSASS,Shoplifting024_x264,Shoplifting024_x264_30,sin_ocultamiento,DCSASS__Shoplifting024_x264__Shoplifting024_x264_30.mp4,1.0,False,-3.0,1.0
DCSASS,Shoplifting024_x264,Shoplifting024_x264_31,sin_ocultamiento,DCSASS__Shoplifting024_x264__Shoplifting024_x264_31.mp4,1.0,False,-3.0,1.0
DCSASS,Shoplifting025_x264,Shoplifting025_x264_0,sin_ocultamiento,DCSASS__Shoplifting025_x264__Shoplifting025_x264_0.mp4,1.0,False,-3.0,1.0
DCSASS,Shoplifting025_x264,Shoplifting025_x264_1,sin_ocultamiento,DCSASS__Shoplifting025_x264__Shoplifting025_x264_1.mp4,1.0,False,-3.0,1.0
DCSASS,Shoplifting025_x264,Shoplifting025_x264_2,sin_ocultamiento,DCSASS__Shoplifting025_x264__Shoplifting025_x264_2.mp4,1.0,False,-3.0,1.0
DCSASS,Shoplifting025_x264,Shoplifting025_x264_3,sin_ocultamiento,DCSASS__Shoplifting025_x264__Shoplifting025_x264_3.mp4,1.0,False,-3.0,1.0
DCSASS,Shoplifting025_x264,Shoplifting025_x264_4,sin_ocultamiento,DCSASS__Shoplifting025_x264__Shoplifting025_x264_4.mp4,1.0,False,-3.0,1.0
DCSASS,Shoplifting025_x264,Shoplifting025_x264_5,sin_ocultamiento,DCSASS__Shoplifting025_x264__Shoplifting025_x264_5.mp4,1.0,False,-3.0,1.0
DCSASS,Shoplifting025_x264,Shoplifting025_x264_6,sin_ocultamiento,DCSASS__Shoplifting025_x264__Shoplifting025_x264_6.mp4,1.0,False,-3.0,1.0
DCSASS,Shoplifting025_x264,Shoplifting025_x264_7,sin_ocultamiento,DCSASS__Shoplifting025_x264__Shoplifting025_x264_7.mp4,1.0,False,-3.0,1.0
DCSASS,Shoplifting025_x264,Shoplifting025_x264_8,sin_ocultamiento,DCSASS__Shoplifting025_x264__Shoplifting025_x264_8.mp4,1.0,False,-3.0,1.0
DCSASS,Shoplifting025_x264,Shoplifting025_x264_9,sin_ocultamiento,DCSASS__Shoplifting025_x264__Shoplifting025_x264_9.mp4,1.0,False,-3.0,1.0
DCSASS,Shoplifting025_x264,Shoplifting025_x264_10,sin_ocultamiento,DCSASS__Shoplifting025_x264__Shoplifting025_x264_10.mp4,1.0,False,-3.0,1.0
DCSASS,Shoplifting025_x264,Shoplifting025_x264_11,sin_ocultamiento,DCSASS__Shoplifting025_x264__Shoplifting025_x264_11.mp4,1.0,False,-3.0,1.0
DCSASS,Shoplifting025_x264,Shoplifting025_x264_12,sin_ocultamiento,DCSASS__Shoplifting025_x264__Shoplifting025_x264_12.mp4,1.0,False,-3.0,1.0
DCSASS,Shoplifting025_x264,Shoplifting025_x264_13,sin_ocultamiento,DCSASS__Shoplifting025_x264__Shoplifting025_x264_13.mp4,1.0,False,-3.0,1.0
DCSASS,Shoplifting025_x264,Shoplifting025_x264_14,sin_ocultamiento,DCSASS__Shoplifting025_x264__Shoplifting025_x264_14.mp4,1.0,False,-3.0,1.0
DCSASS,Shoplifting025_x264,Shoplifting025_x264_15,sin_ocultamiento,DCSASS__Shoplifting025_x264__Shoplifting025_x264_15.mp4,1.0,False,-3.0,1.0
DCSASS,Shoplifting025_x264,Shoplifting025_x264_16,sin_ocultamiento,DCSASS__Shoplifting025_x264__Shoplifting025_x264_16.mp4,1.0,False,-3.0,1.0
DCSASS,Shoplifting025_x264,Shoplifting025_x264_17,sin_ocultamiento,DCSASS__Shoplifting025_x264__Shoplifting025_x264_17.mp4,1.0,False,-3.0,1.0
DCSASS,Shoplifting025_x264,Shoplifting025_x264_18,sin_ocultamiento,DCSASS__Shoplifting025_x264__Shoplifting025_x264_18.mp4,1.0,False,-3.0,1.0
DCSASS,Shoplifting025_x264,Shoplifting025_x264_19,sin_ocultamiento,DCSASS__Shoplifting025_x264__Shoplifting025_x264_19.mp4,1.0,False,-3.0,1.0
DCSASS,Shoplifting025_x264,Shoplifting025_x264_20,sin_ocultamiento,DCSASS__Shoplifting025_x264__Shoplifting025_x264_20.mp4,1.0,False,-3.0,1.0
DCSASS,Shoplifting025_x264,Shoplifting025_x264_21,sin_ocultamiento,DCSASS__Shoplifting025_x264__Shoplifting025_x264_21.mp4,1.0,False,-3.0,1.0
DCSASS,Shoplifting025_x264,Shoplifting025_x264_22,sin_ocultamiento,DCSASS__Shoplifting025_x264__Shoplifting025_x264_22.mp4,1.0,False,-3.0,1.0
DCSASS,Shoplifting025_x264,Shoplifting025_x264_23,sin_ocultamiento,DCSASS__Shoplifting025_x264__Shoplifting025_x264_23.mp4,1.0,False,-3.0,1.0
DCSASS,Shoplifting025_x264,Shoplifting025_x264_24,sin_ocultamiento,DCSASS__Shoplifting025_x264__Shoplifting025_x264_24.mp4,1.0,False,-3.0,1.0
DCSASS,Shoplifting025_x264,Shoplifting025_x264_25,sin_ocultamiento,DCSASS__Shoplifting025_x264__Shoplifting025_x264_25.mp4,1.0,False,-3.0,1.0
DCSASS,Shoplifting025_x264,Shoplifting025_x264_26,sin_ocultamiento,DCSASS__Shoplifting025_x264__Shoplifting025_x264_26.mp4,1.0,False,-3.0,1.0
DCSASS,Shoplifting025_x264,Shoplifting025_x264_27,sin_ocultamiento,DCSASS__Shoplifting025_x264__Shoplifting025_x264_27.mp4,1.0,False,-3.0,1.0
DCSASS,Shoplifting025_x264,Shoplifting025_x264_28,sin_ocultamiento,DCSASS__Shoplifting025_x264__Shoplifting025_x264_28.mp4,1.0,False,-3.0,1.0
DCSASS,Shoplifting025_x264,Shoplifting025_x264_29,sin_ocultamiento,DCSASS__Shoplifting025_x264__Shoplifting025_x264_29.mp4,1.0,False,-3.0,1.0
DCSASS,Shoplifting025_x264,Shoplifting025_x264_30,sin_ocultamiento,DCSASS__Shoplifting025_x264__Shoplifting025_x264_30.mp4,1.0,False,-3.0,1.0
DCSASS,Shoplifting025_x264,Shoplifting025_x264_31,sin_ocultamiento,DCSASS__Shoplifting025_x264__Shoplifting025_x264_31.mp4,1.0,False,-3.0,1.0
DCSASS,Shoplifting026_x264,Shoplifting026_x264_0,sin_ocultamiento,DCSASS__Shoplifting026_x264__Shoplifting026_x264_0.mp4,1.0,False,-3.0,1.0
DCSASS,Shoplifting026_x264,Shoplifting026_x264_1,sin_ocultamiento,DCSASS__Shoplifting026_x264__Shoplifting026_x264_1.mp4,1.0,False,-3.0,1.0
DCSASS,Shoplifting026_x264,Shoplifting026_x264_2,sin_ocultamiento,DCSASS__Shoplifting026_x264__Shoplifting026_x264_2.mp4,1.0,False,-3.0,1.0
DCSASS,Shoplifting026_x264,Shoplifting026_x264_3,sin_ocultamiento,DCSASS__Shoplifting026_x264__Shoplifting026_x264_3.mp4,1.0,False,-3.0,1.0
DCSASS,Shoplifting026_x264,Shoplifting026_x264_4,sin_ocultamiento,DCSASS__Shoplifting026_x264__Shoplifting026_x264_4.mp4,1.0,False,-3.0,1.0
DCSASS,Shoplifting026_x264,Shoplifting026_x264_5,sin_ocultamiento,DCSASS__Shoplifting026_x264__Shoplifting026_x264_5.mp4,1.0,False,-3.0,1.0
DCSASS,Shoplifting026_x264,Shoplifting026_x264_6,sin_ocultamiento,DCSASS__Shoplifting026_x264__Shoplifting026_x264_6.mp4,1.0,False,-3.0,1.0
DCSASS,Shoplifting026_x264,Shoplifting026_x264_7,sin_ocultamiento,DCSASS__Shoplifting026_x264__Shoplifting026_x264_7.mp4,1.0,False,-3.0,1.0
DCSASS,Shoplifting026_x264,Shoplifting026_x264_8,sin_ocultamiento,DCSASS__Shoplifting026_x264__Shoplifting026_x264_8.mp4,1.0,False,-3.0,1.0
DCSASS,Shoplifting026_x264,Shoplifting026_x264_9,ocultamiento,DCSASS__Shoplifting026_x264__Shoplifting026_x264_9.mp4,1.0,False,-3.0,1.0
DCSASS,Shoplifting026_x264,Shoplifting026_x264_10,ocultamiento,DCSASS__Shoplifting026_x264__Shoplifting026_x264_10.mp4,1.0,False,-3.0,1.0
DCSASS,Shoplifting026_x264,Shoplifting026_x264_11,sin_ocultamiento,DCSASS__Shoplifting026_x264__Shoplifting026_x264_11.mp4,1.0,False,-3.0,1.0
DCSASS,Shoplifting026_x264,Shoplifting026_x264_12,sin_ocultamiento,DCSASS__Shoplifting026_x264__Shoplifting026_x264_12.mp4,1.0,False,-3.0,1.0
DCSASS,Shoplifting026_x264,Shoplifting026_x264_13,sin_ocultamiento,DCSASS__Shoplifting026_x264__Shoplifting026_x264_13.mp4,1.0,False,-3.0,1.0
DCSASS,Shoplifting026_x264,Shoplifting026_x264_14,sin_ocultamiento,DCSASS__Shoplifting026_x264__Shoplifting026_x264_14.mp4,1.0,False,-3.0,1.0
DCSASS,Shoplifting026_x264,Shoplifting026_x264_15,sin_ocultamiento,DCSASS__Shoplifting026_x264__Shoplifting026_x264_15.mp4,1.0,False,-3.0,1.0
DCSASS,Shoplifting026_x264,Shoplifting026_x264_16,sin_ocultamiento,DCSASS__Shoplifting026_x264__Shoplifting026_x264_16.mp4,1.0,False,-3.0,1.0
DCSASS,Shoplifting026_x264,Shoplifting026_x264_17,sin_ocultamiento,DCSASS__Shoplifting026_x264__Shoplifting026_x264_17.mp4,1.0,False,-3.0,1.0
DCSASS,Shoplifting026_x264,Shoplifting026_x264_18,sin_ocultamiento,DCSASS__Shoplifting026_x264__Shoplifting026_x264_18.mp4,1.0,False,-3.0,1.0
DCSASS,Shoplifting026_x264,Shoplifting026_x264_19,sin_ocultamiento,DCSASS__Shoplifting026_x264__Shoplifting026_x264_19.mp4,1.0,False,-3.0,1.0
DCSASS,Shoplifting026_x264,Shoplifting026_x264_20,sin_ocultamiento,DCSASS__Shoplifting026_x264__Shoplifting026_x264_20.mp4,1.0,False,-3.0,1.0
DCSASS,Shoplifting026_x264,Shoplifting026_x264_21,sin_ocultamiento,DCSASS__Shoplifting026_x264__Shoplifting026_x264_21.mp4,1.0,False,-3.0,1.0
DCSASS,Shoplifting026_x264,Shoplifting026_x264_22,sin_ocultamiento,DCSASS__Shoplifting026_x264__Shoplifting026_x264_22.mp4,1.0,False,-3.0,1.0
DCSASS,Shoplifting026_x264,Shoplifting026_x264_23,sin_ocultamiento,DCSASS__Shoplifting026_x264__Shoplifting026_x264_23.mp4,1.0,False,-3.0,1.0
DCSASS,Shoplifting026_x264,Shoplifting026_x264_24,sin_ocultamiento,DCSASS__Shoplifting026_x264__Shoplifting026_x264_24.mp4,1.0,False,-3.0,1.0
DCSASS,Shoplifting026_x264,Shoplifting026_x264_25,ocultamiento,DCSASS__Shoplifting026_x264__Shoplifting026_x264_25.mp4,1.0,False,-3.0,1.0
DCSASS,Shoplifting026_x264,Shoplifting026_x264_26,ocultamiento,DCSASS__Shoplifting026_x264__Shoplifting026_x264_26.mp4,1.0,False,-3.0,1.0
DCSASS,Shoplifting026_x264,Shoplifting026_x264_27,ocultamiento,DCSASS__Shoplifting026_x264__Shoplifting026_x264_27.mp4,1.0,False,-3.0,1.0
DCSASS,Shoplifting026_x264,Shoplifting026_x264_28,sin_ocultamiento,DCSASS__Shoplifting026_x264__Shoplifting026_x264_28.mp4,1.0,False,-3.0,1.0
DCSASS,Shoplifting026_x264,Shoplifting026_x264_29,sin_ocultamiento,DCSASS__Shoplifting026_x264__Shoplifting026_x264_29.mp4,1.0,False,-3.0,1.0
DCSASS,Shoplifting026_x264,Shoplifting026_x264_30,sin_ocultamiento,DCSASS__Shoplifting026_x264__Shoplifting026_x264_30.mp4,1.0,False,-3.0,1.0
DCSASS,Shoplifting026_x264,Shoplifting026_x264_31,sin_ocultamiento,DCSASS__Shoplifting026_x264__Shoplifting026_x264_31.mp4,1.0,False,-3.0,1.0
DCSASS,Shoplifting032_x264,Shoplifting032_x264_0,sin_ocultamiento,DCSASS__Shoplifting032_x264__Shoplifting032_x264_0.mp4,1.0,False,-3.0,1.0
DCSASS,Shoplifting032_x264,Shoplifting032_x264_1,sin_ocultamiento,DCSASS__Shoplifting032_x264__Shoplifting032_x264_1.mp4,1.0,False,-3.0,1.0
DCSASS,Shoplifting032_x264,Shoplifting032_x264_2,sin_ocultamiento,DCSASS__Shoplifting032_x264__Shoplifting032_x264_2.mp4,1.0,False,-3.0,1.0
DCSASS,Shoplifting032_x264,Shoplifting032_x264_3,sin_ocultamiento,DCSASS__Shoplifting032_x264__Shoplifting032_x264_3.mp4,1.0,False,-3.0,1.0
DCSASS,Shoplifting032_x264,Shoplifting032_x264_4,sin_ocultamiento,DCSASS__Shoplifting032_x264__Shoplifting032_x264_4.mp4,1.0,False,-3.0,1.0
DCSASS,Shoplifting032_x264,Shoplifting032_x264_5,sin_ocultamiento,DCSASS__Shoplifting032_x264__Shoplifting032_x264_5.mp4,1.0,False,-3.0,1.0
DCSASS,Shoplifting032_x264,Shoplifting032_x264_6,sin_ocultamiento,DCSASS__Shoplifting032_x264__Shoplifting032_x264_6.mp4,1.0,False,-3.0,1.0
DCSASS,Shoplifting032_x264,Shoplifting032_x264_7,sin_ocultamiento,DCSASS__Shoplifting032_x264__Shoplifting032_x264_7.mp4,1.0,False,-3.0,1.0
DCSASS,Shoplifting032_x264,Shoplifting032_x264_8,sin_ocultamiento,DCSASS__Shoplifting032_x264__Shoplifting032_x264_8.mp4,1.0,False,-3.0,1.0
DCSASS,Shoplifting032_x264,Shoplifting032_x264_9,sin_ocultamiento,DCSASS__Shoplifting032_x264__Shoplifting032_x264_9.mp4,1.0,False,-3.0,1.0
DCSASS,Shoplifting032_x264,Shoplifting032_x264_10,sin_ocultamiento,DCSASS__Shoplifting032_x264__Shoplifting032_x264_10.mp4,1.0,False,-3.0,1.0
DCSASS,Shoplifting032_x264,Shoplifting032_x264_11,sin_ocultamiento,DCSASS__Shoplifting032_x264__Shoplifting032_x264_11.mp4,1.0,False,-3.0,1.0
DCSASS,Shoplifting032_x264,Shoplifting032_x264_12,sin_ocultamiento,DCSASS__Shoplifting032_x264__Shoplifting032_x264_12.mp4,1.0,False,-3.0,1.0
DCSASS,Shoplifting032_x264,Shoplifting032_x264_13,sin_ocultamiento,DCSASS__Shoplifting032_x264__Shoplifting032_x264_13.mp4,1.0,False,-3.0,1.0
DCSASS,Shoplifting032_x264,Shoplifting032_x264_14,sin_ocultamiento,DCSASS__Shoplifting032_x264__Shoplifting032_x264_14.mp4,1.0,False,-3.0,1.0
DCSASS,Shoplifting032_x264,Shoplifting032_x264_15,sin_ocultamiento,DCSASS__Shoplifting032_x264__Shoplifting032_x264_15.mp4,1.0,False,-3.0,1.0
DCSASS,Shoplifting032_x264,Shoplifting032_x264_16,sin_ocultamiento,DCSASS__Shoplifting032_x264__Shoplifting032_x264_16.mp4,1.0,False,-3.0,1.0
DCSASS,Shoplifting032_x264,Shoplifting032_x264_17,sin_ocultamiento,DCSASS__Shoplifting032_x264__Shoplifting032_x264_17.mp4,1.0,False,-3.0,1.0
DCSASS,Shoplifting032_x264,Shoplifting032_x264_18,sin_ocultamiento,DCSASS__Shoplifting032_x264__Shoplifting032_x264_18.mp4,1.0,False,-3.0,1.0
DCSASS,Shoplifting032_x264,Shoplifting032_x264_19,sin_ocultamiento,DCSASS__Shoplifting032_x264__Shoplifting032_x264_19.mp4,1.0,False,-3.0,1.0
DCSASS,Shoplifting032_x264,Shoplifting032_x264_20,sin_ocultamiento,DCSASS__Shoplifting032_x264__Shoplifting032_x264_20.mp4,1.0,False,-3.0,1.0
DCSASS,Shoplifting032_x264,Shoplifting032_x264_21,sin_ocultamiento,DCSASS__Shoplifting032_x264__Shoplifting032_x264_21.mp4,1.0,False,-3.0,1.0
DCSASS,Shoplifting032_x264,Shoplifting032_x264_22,sin_ocultamiento,DCSASS__Shoplifting032_x264__Shoplifting032_x264_22.mp4,1.0,False,-3.0,1.0
DCSASS,Shoplifting032_x264,Shoplifting032_x264_23,sin_ocultamiento,DCSASS__Shoplifting032_x264__Shoplifting032_x264_23.mp4,1.0,False,-3.0,1.0
DCSASS,Shoplifting032_x264,Shoplifting032_x264_24,sin_ocultamiento,DCSASS__Shoplifting032_x264__Shoplifting032_x264_24.mp4,1.0,False,-3.0,1.0
DCSASS,Shoplifting032_x264,Shoplifting032_x264_25,sin_ocultamiento,DCSASS__Shoplifting032_x264__Shoplifting032_x264_25.mp4,1.0,False,-3.0,1.0
DCSASS,Shoplifting032_x264,Shoplifting032_x264_26,sin_ocultamiento,DCSASS__Shoplifting032_x264__Shoplifting032_x264_26.mp4,1.0,False,-3.0,1.0
DCSASS,Shoplifting032_x264,Shoplifting032_x264_27,sin_ocultamiento,DCSASS__Shoplifting032_x264__Shoplifting032_x264_27.mp4,1.0,False,-3.0,1.0
DCSASS,Shoplifting032_x264,Shoplifting032_x264_28,sin_ocultamiento,DCSASS__Shoplifting032_x264__Shoplifting032_x264_28.mp4,1.0,False,-3.0,1.0
DCSASS,Shoplifting032_x264,Shoplifting032_x264_29,sin_ocultamiento,DCSASS__Shoplifting032_x264__Shoplifting032_x264_29.mp4,1.0,False,-3.0,1.0
DCSASS,Shoplifting032_x264,Shoplifting032_x264_30,sin_ocultamiento,DCSASS__Shoplifting032_x264__Shoplifting032_x264_30.mp4,1.0,False,-3.0,1.0
DCSASS,Shoplifting032_x264,Shoplifting032_x264_31,sin_ocultamiento,DCSASS__Shoplifting032_x264__Shoplifting032_x264_31.mp4,1.0,False,-3.0,1.0
DCSASS,Shoplifting036_x264,Shoplifting036_x264_0,sin_ocultamiento,DCSASS__Shoplifting036_x264__Shoplifting036_x264_0.mp4,3.0,False,-1.0,3.0
DCSASS,Shoplifting036_x264,Shoplifting036_x264_1,sin_ocultamiento,DCSASS__Shoplifting036_x264__Shoplifting036_x264_1.mp4,3.0,False,-1.0,3.0
DCSASS,Shoplifting036_x264,Shoplifting036_x264_2,sin_ocultamiento,DCSASS__Shoplifting036_x264__Shoplifting036_x264_2.mp4,3.0,False,-1.0,3.0
DCSASS,Shoplifting036_x264,Shoplifting036_x264_3,sin_ocultamiento,DCSASS__Shoplifting036_x264__Shoplifting036_x264_3.mp4,3.0,False,-1.0,3.0
DCSASS,Shoplifting036_x264,Shoplifting036_x264_4,sin_ocultamiento,DCSASS__Shoplifting036_x264__Shoplifting036_x264_4.mp4,3.0,False,-1.0,3.0
DCSASS,Shoplifting036_x264,Shoplifting036_x264_5,sin_ocultamiento,DCSASS__Shoplifting036_x264__Shoplifting036_x264_5.mp4,3.0,False,-1.0,3.0
DCSASS,Shoplifting036_x264,Shoplifting036_x264_6,sin_ocultamiento,DCSASS__Shoplifting036_x264__Shoplifting036_x264_6.mp4,3.0,False,-1.0,3.0
DCSASS,Shoplifting036_x264,Shoplifting036_x264_7,sin_ocultamiento,DCSASS__Shoplifting036_x264__Shoplifting036_x264_7.mp4,3.0,False,-1.0,3.0
DCSASS,Shoplifting036_x264,Shoplifting036_x264_8,sin_ocultamiento,DCSASS__Shoplifting036_x264__Shoplifting036_x264_8.mp4,3.0,False,-1.0,3.0
DCSASS,Shoplifting036_x264,Shoplifting036_x264_9,sin_ocultamiento,DCSASS__Shoplifting036_x264__Shoplifting036_x264_9.mp4,3.0,False,-1.0,3.0
DCSASS,Shoplifting036_x264,Shoplifting036_x264_10,sin_ocultamiento,DCSASS__Shoplifting036_x264__Shoplifting036_x264_10.mp4,3.0,False,-1.0,3.0
DCSASS,Shoplifting036_x264,Shoplifting036_x264_11,sin_ocultamiento,DCSASS__Shoplifting036_x264__Shoplifting036_x264_11.mp4,3.0,False,-1.0,3.0
DCSASS,Shoplifting036_x264,Shoplifting036_x264_12,sin_ocultamiento,DCSASS__Shoplifting036_x264__Shoplifting036_x264_12.mp4,3.0,False,-1.0,3.0
DCSASS,Shoplifting036_x264,Shoplifting036_x264_13,sin_ocultamiento,DCSASS__Shoplifting036_x264__Shoplifting036_x264_13.mp4,3.0,False,-1.0,3.0
DCSASS,Shoplifting036_x264,Shoplifting036_x264_14,sin_ocultamiento,DCSASS__Shoplifting036_x264__Shoplifting036_x264_14.mp4,3.0,False,-1.0,3.0
DCSASS,Shoplifting036_x264,Shoplifting036_x264_15,sin_ocultamiento,DCSASS__Shoplifting036_x264__Shoplifting036_x264_15.mp4,3.0,False,-1.0,3.0
DCSASS,Shoplifting036_x264,Shoplifting036_x264_16,sin_ocultamiento,DCSASS__Shoplifting036_x264__Shoplifting036_x264_16.mp4,3.0,False,-1.0,3.0
DCSASS,Shoplifting036_x264,Shoplifting036_x264_17,sin_ocultamiento,DCSASS__Shoplifting036_x264__Shoplifting036_x264_17.mp4,3.0,False,-1.0,3.0
DCSASS,Shoplifting036_x264,Shoplifting036_x264_18,sin_ocultamiento,DCSASS__Shoplifting036_x264__Shoplifting036_x264_18.mp4,3.0,False,-1.0,3.0
DCSASS,Shoplifting036_x264,Shoplifting036_x264_19,sin_ocultamiento,DCSASS__Shoplifting036_x264__Shoplifting036_x264_19.mp4,3.0,False,-1.0,3.0
DCSASS,Shoplifting036_x264,Shoplifting036_x264_20,sin_ocultamiento,DCSASS__Shoplifting036_x264__Shoplifting036_x264_20.mp4,3.0,False,-1.0,3.0
DCSASS,Shoplifting036_x264,Shoplifting036_x264_21,sin_ocultamiento,DCSASS__Shoplifting036_x264__Shoplifting036_x264_21.mp4,3.0,False,-1.0,3.0
DCSASS,Shoplifting036_x264,Shoplifting036_x264_22,sin_ocultamiento,DCSASS__Shoplifting036_x264__Shoplifting036_x264_22.mp4,3.0,False,-1.0,3.0
DCSASS,Shoplifting036_x264,Shoplifting036_x264_23,sin_ocultamiento,DCSASS__Shoplifting036_x264__Shoplifting036_x264_23.mp4,3.0,False,-1.0,3.0
DCSASS,Shoplifting036_x264,Shoplifting036_x264_24,sin_ocultamiento,DCSASS__Shoplifting036_x264__Shoplifting036_x264_24.mp4,3.0,False,-1.0,3.0
DCSASS,Shoplifting036_x264,Shoplifting036_x264_25,sin_ocultamiento,DCSASS__Shoplifting036_x264__Shoplifting036_x264_25.mp4,3.0,False,-1.0,3.0
DCSASS,Shoplifting036_x264,Shoplifting036_x264_26,sin_ocultamiento,DCSASS__Shoplifting036_x264__Shoplifting036_x264_26.mp4,3.0,False,-1.0,3.0
DCSASS,Shoplifting036_x264,Shoplifting036_x264_27,sin_ocultamiento,DCSASS__Shoplifting036_x264__Shoplifting036_x264_27.mp4,3.0,False,-1.0,3.0
DCSASS,Shoplifting036_x264,Shoplifting036_x264_28,sin_ocultamiento,DCSASS__Shoplifting036_x264__Shoplifting036_x264_28.mp4,3.0,False,-1.0,3.0
DCSASS,Shoplifting036_x264,Shoplifting036_x264_29,sin_ocultamiento,DCSASS__Shoplifting036_x264__Shoplifting036_x264_29.mp4,3.0,False,-1.0,3.0
DCSASS,Shoplifting036_x264,Shoplifting036_x264_30,sin_ocultamiento,DCSASS__Shoplifting036_x264__Shoplifting036_x264_30.mp4,3.0,False,-1.0,3.0
DCSASS,Shoplifting036_x264,Shoplifting036_x264_31,sin_ocultamiento,DCSASS__Shoplifting036_x264__Shoplifting036_x264_31.mp4,3.0,False,-1.0,3.0
DCSASS,Shoplifting037_x264,Shoplifting037_x264_0,sin_ocultamiento,DCSASS__Shoplifting037_x264__Shoplifting037_x264_0.mp4,1.0,False,-3.0,1.0
DCSASS,Shoplifting037_x264,Shoplifting037_x264_1,sin_ocultamiento,DCSASS__Shoplifting037_x264__Shoplifting037_x264_1.mp4,1.0,False,-3.0,1.0
DCSASS,Shoplifting037_x264,Shoplifting037_x264_2,sin_ocultamiento,DCSASS__Shoplifting037_x264__Shoplifting037_x264_2.mp4,1.0,False,-3.0,1.0
DCSASS,Shoplifting037_x264,Shoplifting037_x264_3,sin_ocultamiento,DCSASS__Shoplifting037_x264__Shoplifting037_x264_3.mp4,1.0,False,-3.0,1.0
DCSASS,Shoplifting037_x264,Shoplifting037_x264_4,sin_ocultamiento,DCSASS__Shoplifting037_x264__Shoplifting037_x264_4.mp4,1.0,False,-3.0,1.0
DCSASS,Shoplifting037_x264,Shoplifting037_x264_5,sin_ocultamiento,DCSASS__Shoplifting037_x264__Shoplifting037_x264_5.mp4,1.0,False,-3.0,1.0
DCSASS,Shoplifting037_x264,Shoplifting037_x264_6,sin_ocultamiento,DCSASS__Shoplifting037_x264__Shoplifting037_x264_6.mp4,1.0,False,-3.0,1.0
DCSASS,Shoplifting037_x264,Shoplifting037_x264_7,sin_ocultamiento,DCSASS__Shoplifting037_x264__Shoplifting037_x264_7.mp4,1.0,False,-3.0,1.0
DCSASS,Shoplifting037_x264,Shoplifting037_x264_8,sin_ocultamiento,DCSASS__Shoplifting037_x264__Shoplifting037_x264_8.mp4,1.0,False,-3.0,1.0
DCSASS,Shoplifting037_x264,Shoplifting037_x264_9,sin_ocultamiento,DCSASS__Shoplifting037_x264__Shoplifting037_x264_9.mp4,1.0,False,-3.0,1.0
DCSASS,Shoplifting037_x264,Shoplifting037_x264_10,sin_ocultamiento,DCSASS__Shoplifting037_x264__Shoplifting037_x264_10.mp4,1.0,False,-3.0,1.0
DCSASS,Shoplifting037_x264,Shoplifting037_x264_11,sin_ocultamiento,DCSASS__Shoplifting037_x264__Shoplifting037_x264_11.mp4,1.0,False,-3.0,1.0
DCSASS,Shoplifting037_x264,Shoplifting037_x264_12,sin_ocultamiento,DCSASS__Shoplifting037_x264__Shoplifting037_x264_12.mp4,1.0,False,-3.0,1.0
DCSASS,Shoplifting037_x264,Shoplifting037_x264_13,sin_ocultamiento,DCSASS__Shoplifting037_x264__Shoplifting037_x264_13.mp4,1.0,False,-3.0,1.0
DCSASS,Shoplifting037_x264,Shoplifting037_x264_14,sin_ocultamiento,DCSASS__Shoplifting037_x264__Shoplifting037_x264_14.mp4,1.0,False,-3.0,1.0
DCSASS,Shoplifting037_x264,Shoplifting037_x264_15,sin_ocultamiento,DCSASS__Shoplifting037_x264__Shoplifting037_x264_15.mp4,1.0,False,-3.0,1.0
DCSASS,Shoplifting037_x264,Shoplifting037_x264_16,sin_ocultamiento,DCSASS__Shoplifting037_x264__Shoplifting037_x264_16.mp4,1.0,False,-3.0,1.0
DCSASS,Shoplifting037_x264,Shoplifting037_x264_17,sin_ocultamiento,DCSASS__Shoplifting037_x264__Shoplifting037_x264_17.mp4,1.0,False,-3.0,1.0
DCSASS,Shoplifting037_x264,Shoplifting037_x264_18,sin_ocultamiento,DCSASS__Shoplifting037_x264__Shoplifting037_x264_18.mp4,1.0,False,-3.0,1.0
DCSASS,Shoplifting037_x264,Shoplifting037_x264_19,sin_ocultamiento,DCSASS__Shoplifting037_x264__Shoplifting037_x264_19.mp4,1.0,False,-3.0,1.0
DCSASS,Shoplifting037_x264,Shoplifting037_x264_20,sin_ocultamiento,DCSASS__Shoplifting037_x264__Shoplifting037_x264_20.mp4,1.0,False,-3.0,1.0
DCSASS,Shoplifting037_x264,Shoplifting037_x264_21,sin_ocultamiento,DCSASS__Shoplifting037_x264__Shoplifting037_x264_21.mp4,1.0,False,-3.0,1.0
DCSASS,Shoplifting037_x264,Shoplifting037_x264_22,sin_ocultamiento,DCSASS__Shoplifting037_x264__Shoplifting037_x264_22.mp4,1.0,False,-3.0,1.0
DCSASS,Shoplifting037_x264,Shoplifting037_x264_23,sin_ocultamiento,DCSASS__Shoplifting037_x264__Shoplifting037_x264_23.mp4,1.0,False,-3.0,1.0
DCSASS,Shoplifting037_x264,Shoplifting037_x264_24,sin_ocultamiento,DCSASS__Shoplifting037_x264__Shoplifting037_x264_24.mp4,1.0,False,-3.0,1.0
DCSASS,Shoplifting037_x264,Shoplifting037_x264_25,sin_ocultamiento,DCSASS__Shoplifting037_x264__Shoplifting037_x264_25.mp4,1.0,False,-3.0,1.0
DCSASS,Shoplifting037_x264,Shoplifting037_x264_26,sin_ocultamiento,DCSASS__Shoplifting037_x264__Shoplifting037_x264_26.mp4,1.0,False,-3.0,1.0
DCSASS,Shoplifting037_x264,Shoplifting037_x264_27,sin_ocultamiento,DCSASS__Shoplifting037_x264__Shoplifting037_x264_27.mp4,1.0,False,-3.0,1.0
DCSASS,Shoplifting037_x264,Shoplifting037_x264_28,sin_ocultamiento,DCSASS__Shoplifting037_x264__Shoplifting037_x264_28.mp4,1.0,False,-3.0,1.0
DCSASS,Shoplifting037_x264,Shoplifting037_x264_29,sin_ocultamiento,DCSASS__Shoplifting037_x264__Shoplifting037_x264_29.mp4,1.0,False,-3.0,1.0
DCSASS,Shoplifting037_x264,Shoplifting037_x264_30,sin_ocultamiento,DCSASS__Shoplifting037_x264__Shoplifting037_x264_30.mp4,1.0,False,-3.0,1.0
DCSASS,Shoplifting037_x264,Shoplifting037_x264_31,sin_ocultamiento,DCSASS__Shoplifting037_x264__Shoplifting037_x264_31.mp4,1.0,False,-3.0,1.0
DCSASS,Shoplifting038_x264,Shoplifting038_x264_0,sin_ocultamiento,DCSASS__Shoplifting038_x264__Shoplifting038_x264_0.mp4,3.0,False,-1.0,3.0
DCSASS,Shoplifting038_x264,Shoplifting038_x264_1,sin_ocultamiento,DCSASS__Shoplifting038_x264__Shoplifting038_x264_1.mp4,3.0,False,-1.0,3.0
DCSASS,Shoplifting038_x264,Shoplifting038_x264_2,sin_ocultamiento,DCSASS__Shoplifting038_x264__Shoplifting038_x264_2.mp4,3.0,False,-1.0,3.0
DCSASS,Shoplifting038_x264,Shoplifting038_x264_3,sin_ocultamiento,DCSASS__Shoplifting038_x264__Shoplifting038_x264_3.mp4,3.0,False,-1.0,3.0
DCSASS,Shoplifting038_x264,Shoplifting038_x264_4,sin_ocultamiento,DCSASS__Shoplifting038_x264__Shoplifting038_x264_4.mp4,3.0,False,-1.0,3.0
DCSASS,Shoplifting038_x264,Shoplifting038_x264_5,sin_ocultamiento,DCSASS__Shoplifting038_x264__Shoplifting038_x264_5.mp4,3.0,False,-1.0,3.0
DCSASS,Shoplifting038_x264,Shoplifting038_x264_6,sin_ocultamiento,DCSASS__Shoplifting038_x264__Shoplifting038_x264_6.mp4,3.0,False,-1.0,3.0
DCSASS,Shoplifting038_x264,Shoplifting038_x264_7,sin_ocultamiento,DCSASS__Shoplifting038_x264__Shoplifting038_x264_7.mp4,3.0,False,-1.0,3.0
DCSASS,Shoplifting038_x264,Shoplifting038_x264_8,sin_ocultamiento,DCSASS__Shoplifting038_x264__Shoplifting038_x264_8.mp4,3.0,False,-1.0,3.0
DCSASS,Shoplifting038_x264,Shoplifting038_x264_9,sin_ocultamiento,DCSASS__Shoplifting038_x264__Shoplifting038_x264_9.mp4,3.0,False,-1.0,3.0
DCSASS,Shoplifting038_x264,Shoplifting038_x264_10,sin_ocultamiento,DCSASS__Shoplifting038_x264__Shoplifting038_x264_10.mp4,3.0,False,-1.0,3.0
DCSASS,Shoplifting038_x264,Shoplifting038_x264_11,sin_ocultamiento,DCSASS__Shoplifting038_x264__Shoplifting038_x264_11.mp4,3.0,False,-1.0,3.0
DCSASS,Shoplifting038_x264,Shoplifting038_x264_12,sin_ocultamiento,DCSASS__Shoplifting038_x264__Shoplifting038_x264_12.mp4,3.0,False,-1.0,3.0
DCSASS,Shoplifting038_x264,Shoplifting038_x264_13,sin_ocultamiento,DCSASS__Shoplifting038_x264__Shoplifting038_x264_13.mp4,3.0,False,-1.0,3.0
DCSASS,Shoplifting038_x264,Shoplifting038_x264_14,sin_ocultamiento,DCSASS__Shoplifting038_x264__Shoplifting038_x264_14.mp4,3.0,False,-1.0,3.0
DCSASS,Shoplifting038_x264,Shoplifting038_x264_15,sin_ocultamiento,DCSASS__Shoplifting038_x264__Shoplifting038_x264_15.mp4,3.0,False,-1.0,3.0
DCSASS,Shoplifting038_x264,Shoplifting038_x264_16,sin_ocultamiento,DCSASS__Shoplifting038_x264__Shoplifting038_x264_16.mp4,3.0,False,-1.0,3.0
DCSASS,Shoplifting038_x264,Shoplifting038_x264_17,sin_ocultamiento,DCSASS__Shoplifting038_x264__Shoplifting038_x264_17.mp4,3.0,False,-1.0,3.0
DCSASS,Shoplifting038_x264,Shoplifting038_x264_18,sin_ocultamiento,DCSASS__Shoplifting038_x264__Shoplifting038_x264_18.mp4,3.0,False,-1.0,3.0
DCSASS,Shoplifting038_x264,Shoplifting038_x264_19,sin_ocultamiento,DCSASS__Shoplifting038_x264__Shoplifting038_x264_19.mp4,3.0,False,-1.0,3.0
DCSASS,Shoplifting038_x264,Shoplifting038_x264_20,sin_ocultamiento,DCSASS__Shoplifting038_x264__Shoplifting038_x264_20.mp4,3.0,False,-1.0,3.0
DCSASS,Shoplifting038_x264,Shoplifting038_x264_21,sin_ocultamiento,DCSASS__Shoplifting038_x264__Shoplifting038_x264_21.mp4,3.0,False,-1.0,3.0
DCSASS,Shoplifting038_x264,Shoplifting038_x264_22,sin_ocultamiento,DCSASS__Shoplifting038_x264__Shoplifting038_x264_22.mp4,3.0,False,-1.0,3.0
DCSASS,Shoplifting038_x264,Shoplifting038_x264_23,sin_ocultamiento,DCSASS__Shoplifting038_x264__Shoplifting038_x264_23.mp4,3.0,False,-1.0,3.0
DCSASS,Shoplifting038_x264,Shoplifting038_x264_24,sin_ocultamiento,DCSASS__Shoplifting038_x264__Shoplifting038_x264_24.mp4,3.0,False,-1.0,3.0
DCSASS,Shoplifting038_x264,Shoplifting038_x264_25,sin_ocultamiento,DCSASS__Shoplifting038_x264__Shoplifting038_x264_25.mp4,3.0,False,-1.0,3.0
DCSASS,Shoplifting038_x264,Shoplifting038_x264_26,sin_ocultamiento,DCSASS__Shoplifting038_x264__Shoplifting038_x264_26.mp4,3.0,False,-1.0,3.0
DCSASS,Shoplifting038_x264,Shoplifting038_x264_27,sin_ocultamiento,DCSASS__Shoplifting038_x264__Shoplifting038_x264_27.mp4,3.0,False,-1.0,3.0
DCSASS,Shoplifting038_x264,Shoplifting038_x264_28,sin_ocultamiento,DCSASS__Shoplifting038_x264__Shoplifting038_x264_28.mp4,3.0,False,-1.0,3.0
DCSASS,Shoplifting038_x264,Shoplifting038_x264_29,sin_ocultamiento,DCSASS__Shoplifting038_x264__Shoplifting038_x264_29.mp4,3.0,False,-1.0,3.0
DCSASS,Shoplifting038_x264,Shoplifting038_x264_30,sin_ocultamiento,DCSASS__Shoplifting038_x264__Shoplifting038_x264_30.mp4,3.0,False,-1.0,3.0
DCSASS,Shoplifting038_x264,Shoplifting038_x264_31,sin_ocultamiento,DCSASS__Shoplifting038_x264__Shoplifting038_x264_31.mp4,3.0,False,-1.0,3.0
DCSASS,Shoplifting039_x264,Shoplifting039_x264_0,sin_ocultamiento,DCSASS__Shoplifting039_x264__Shoplifting039_x264_0.mp4,2.0,False,-2.0,2.0
DCSASS,Shoplifting039_x264,Shoplifting039_x264_1,sin_ocultamiento,DCSASS__Shoplifting039_x264__Shoplifting039_x264_1.mp4,2.0,False,-2.0,2.0
DCSASS,Shoplifting039_x264,Shoplifting039_x264_2,sin_ocultamiento,DCSASS__Shoplifting039_x264__Shoplifting039_x264_2.mp4,2.0,False,-2.0,2.0
DCSASS,Shoplifting039_x264,Shoplifting039_x264_3,sin_ocultamiento,DCSASS__Shoplifting039_x264__Shoplifting039_x264_3.mp4,2.0,False,-2.0,2.0
DCSASS,Shoplifting039_x264,Shoplifting039_x264_4,sin_ocultamiento,DCSASS__Shoplifting039_x264__Shoplifting039_x264_4.mp4,2.0,False,-2.0,2.0
DCSASS,Shoplifting039_x264,Shoplifting039_x264_5,sin_ocultamiento,DCSASS__Shoplifting039_x264__Shoplifting039_x264_5.mp4,2.0,False,-2.0,2.0
DCSASS,Shoplifting039_x264,Shoplifting039_x264_6,sin_ocultamiento,DCSASS__Shoplifting039_x264__Shoplifting039_x264_6.mp4,2.0,False,-2.0,2.0
DCSASS,Shoplifting039_x264,Shoplifting039_x264_7,sin_ocultamiento,DCSASS__Shoplifting039_x264__Shoplifting039_x264_7.mp4,2.0,False,-2.0,2.0
DCSASS,Shoplifting039_x264,Shoplifting039_x264_8,sin_ocultamiento,DCSASS__Shoplifting039_x264__Shoplifting039_x264_8.mp4,2.0,False,-2.0,2.0
DCSASS,Shoplifting039_x264,Shoplifting039_x264_9,sin_ocultamiento,DCSASS__Shoplifting039_x264__Shoplifting039_x264_9.mp4,2.0,False,-2.0,2.0
DCSASS,Shoplifting039_x264,Shoplifting039_x264_10,sin_ocultamiento,DCSASS__Shoplifting039_x264__Shoplifting039_x264_10.mp4,2.0,False,-2.0,2.0
DCSASS,Shoplifting039_x264,Shoplifting039_x264_11,sin_ocultamiento,DCSASS__Shoplifting039_x264__Shoplifting039_x264_11.mp4,2.0,False,-2.0,2.0
DCSASS,Shoplifting039_x264,Shoplifting039_x264_12,sin_ocultamiento,DCSASS__Shoplifting039_x264__Shoplifting039_x264_12.mp4,2.0,False,-2.0,2.0
DCSASS,Shoplifting039_x264,Shoplifting039_x264_13,sin_ocultamiento,DCSASS__Shoplifting039_x264__Shoplifting039_x264_13.mp4,2.0,False,-2.0,2.0
DCSASS,Shoplifting039_x264,Shoplifting039_x264_14,sin_ocultamiento,DCSASS__Shoplifting039_x264__Shoplifting039_x264_14.mp4,2.0,False,-2.0,2.0
DCSASS,Shoplifting039_x264,Shoplifting039_x264_15,sin_ocultamiento,DCSASS__Shoplifting039_x264__Shoplifting039_x264_15.mp4,2.0,False,-2.0,2.0
DCSASS,Shoplifting039_x264,Shoplifting039_x264_16,sin_ocultamiento,DCSASS__Shoplifting039_x264__Shoplifting039_x264_16.mp4,2.0,False,-2.0,2.0
DCSASS,Shoplifting039_x264,Shoplifting039_x264_17,sin_ocultamiento,DCSASS__Shoplifting039_x264__Shoplifting039_x264_17.mp4,2.0,False,-2.0,2.0
DCSASS,Shoplifting039_x264,Shoplifting039_x264_18,sin_ocultamiento,DCSASS__Shoplifting039_x264__Shoplifting039_x264_18.mp4,2.0,False,-2.0,2.0
DCSASS,Shoplifting039_x264,Shoplifting039_x264_19,sin_ocultamiento,DCSASS__Shoplifting039_x264__Shoplifting039_x264_19.mp4,2.0,False,-2.0,2.0
DCSASS,Shoplifting039_x264,Shoplifting039_x264_20,sin_ocultamiento,DCSASS__Shoplifting039_x264__Shoplifting039_x264_20.mp4,2.0,False,-2.0,2.0
DCSASS,Shoplifting039_x264,Shoplifting039_x264_21,sin_ocultamiento,DCSASS__Shoplifting039_x264__Shoplifting039_x264_21.mp4,2.0,False,-2.0,2.0
DCSASS,Shoplifting039_x264,Shoplifting039_x264_22,sin_ocultamiento,DCSASS__Shoplifting039_x264__Shoplifting039_x264_22.mp4,2.0,False,-2.0,2.0
DCSASS,Shoplifting039_x264,Shoplifting039_x264_23,sin_ocultamiento,DCSASS__Shoplifting039_x264__Shoplifting039_x264_23.mp4,2.0,False,-2.0,2.0
DCSASS,Shoplifting039_x264,Shoplifting039_x264_24,sin_ocultamiento,DCSASS__Shoplifting039_x264__Shoplifting039_x264_24.mp4,2.0,False,-2.0,2.0
DCSASS,Shoplifting039_x264,Shoplifting039_x264_25,sin_ocultamiento,DCSASS__Shoplifting039_x264__Shoplifting039_x264_25.mp4,2.0,False,-2.0,2.0
DCSASS,Shoplifting039_x264,Shoplifting039_x264_26,sin_ocultamiento,DCSASS__Shoplifting039_x264__Shoplifting039_x264_26.mp4,2.0,False,-2.0,2.0
DCSASS,Shoplifting039_x264,Shoplifting039_x264_27,sin_ocultamiento,DCSASS__Shoplifting039_x264__Shoplifting039_x264_27.mp4,2.0,False,-2.0,2.0
DCSASS,Shoplifting039_x264,Shoplifting039_x264_28,sin_ocultamiento,DCSASS__Shoplifting039_x264__Shoplifting039_x264_28.mp4,2.0,False,-2.0,2.0
DCSASS,Shoplifting039_x264,Shoplifting039_x264_29,sin_ocultamiento,DCSASS__Shoplifting039_x264__Shoplifting039_x264_29.mp4,2.0,False,-2.0,2.0
DCSASS,Shoplifting039_x264,Shoplifting039_x264_30,sin_ocultamiento,DCSASS__Shoplifting039_x264__Shoplifting039_x264_30.mp4,2.0,False,-2.0,2.0
DCSASS,Shoplifting039_x264,Shoplifting039_x264_31,sin_ocultamiento,DCSASS__Shoplifting039_x264__Shoplifting039_x264_31.mp4,2.0,False,-2.0,2.0
DCSASS,Shoplifting042_x264,Shoplifting042_x264_0,sin_ocultamiento,DCSASS__Shoplifting042_x264__Shoplifting042_x264_0.mp4,5.0,False,1.0,5.0
DCSASS,Shoplifting042_x264,Shoplifting042_x264_1,sin_ocultamiento,DCSASS__Shoplifting042_x264__Shoplifting042_x264_1.mp4,5.0,False,1.0,5.0
DCSASS,Shoplifting042_x264,Shoplifting042_x264_2,sin_ocultamiento,DCSASS__Shoplifting042_x264__Shoplifting042_x264_2.mp4,5.0,False,1.0,5.0
DCSASS,Shoplifting042_x264,Shoplifting042_x264_3,sin_ocultamiento,DCSASS__Shoplifting042_x264__Shoplifting042_x264_3.mp4,5.0,False,1.0,5.0
DCSASS,Shoplifting042_x264,Shoplifting042_x264_4,sin_ocultamiento,DCSASS__Shoplifting042_x264__Shoplifting042_x264_4.mp4,5.0,False,1.0,5.0
DCSASS,Shoplifting042_x264,Shoplifting042_x264_5,sin_ocultamiento,DCSASS__Shoplifting042_x264__Shoplifting042_x264_5.mp4,5.0,False,1.0,5.0
DCSASS,Shoplifting042_x264,Shoplifting042_x264_6,sin_ocultamiento,DCSASS__Shoplifting042_x264__Shoplifting042_x264_6.mp4,5.0,False,1.0,5.0
DCSASS,Shoplifting042_x264,Shoplifting042_x264_7,sin_ocultamiento,DCSASS__Shoplifting042_x264__Shoplifting042_x264_7.mp4,5.0,False,1.0,5.0
DCSASS,Shoplifting042_x264,Shoplifting042_x264_8,sin_ocultamiento,DCSASS__Shoplifting042_x264__Shoplifting042_x264_8.mp4,5.0,False,1.0,5.0
DCSASS,Shoplifting042_x264,Shoplifting042_x264_9,sin_ocultamiento,DCSASS__Shoplifting042_x264__Shoplifting042_x264_9.mp4,5.0,False,1.0,5.0
DCSASS,Shoplifting042_x264,Shoplifting042_x264_10,sin_ocultamiento,DCSASS__Shoplifting042_x264__Shoplifting042_x264_10.mp4,5.0,False,1.0,5.0
DCSASS,Shoplifting042_x264,Shoplifting042_x264_11,sin_ocultamiento,DCSASS__Shoplifting042_x264__Shoplifting042_x264_11.mp4,5.0,False,1.0,5.0
DCSASS,Shoplifting042_x264,Shoplifting042_x264_12,sin_ocultamiento,DCSASS__Shoplifting042_x264__Shoplifting042_x264_12.mp4,5.0,False,1.0,5.0
DCSASS,Shoplifting042_x264,Shoplifting042_x264_13,sin_ocultamiento,DCSASS__Shoplifting042_x264__Shoplifting042_x264_13.mp4,5.0,False,1.0,5.0
DCSASS,Shoplifting042_x264,Shoplifting042_x264_14,sin_ocultamiento,DCSASS__Shoplifting042_x264__Shoplifting042_x264_14.mp4,5.0,False,1.0,5.0
DCSASS,Shoplifting042_x264,Shoplifting042_x264_15,sin_ocultamiento,DCSASS__Shoplifting042_x264__Shoplifting042_x264_15.mp4,5.0,False,1.0,5.0
DCSASS,Shoplifting042_x264,Shoplifting042_x264_16,sin_ocultamiento,DCSASS__Shoplifting042_x264__Shoplifting042_x264_16.mp4,5.0,False,1.0,5.0
DCSASS,Shoplifting042_x264,Shoplifting042_x264_17,sin_ocultamiento,DCSASS__Shoplifting042_x264__Shoplifting042_x264_17.mp4,5.0,False,1.0,5.0
DCSASS,Shoplifting042_x264,Shoplifting042_x264_18,ocultamiento,DCSASS__Shoplifting042_x264__Shoplifting042_x264_18.mp4,5.0,False,1.0,5.0
DCSASS,Shoplifting042_x264,Shoplifting042_x264_19,ocultamiento,DCSASS__Shoplifting042_x264__Shoplifting042_x264_19.mp4,5.0,False,1.0,5.0
DCSASS,Shoplifting042_x264,Shoplifting042_x264_20,sin_ocultamiento,DCSASS__Shoplifting042_x264__Shoplifting042_x264_20.mp4,5.0,False,1.0,5.0
DCSASS,Shoplifting042_x264,Shoplifting042_x264_21,sin_ocultamiento,DCSASS__Shoplifting042_x264__Shoplifting042_x264_21.mp4,5.0,False,1.0,5.0
DCSASS,Shoplifting042_x264,Shoplifting042_x264_22,sin_ocultamiento,DCSASS__Shoplifting042_x264__Shoplifting042_x264_22.mp4,5.0,False,1.0,5.0
DCSASS,Shoplifting042_x264,Shoplifting042_x264_23,sin_ocultamiento,DCSASS__Shoplifting042_x264__Shoplifting042_x264_23.mp4,5.0,False,1.0,5.0
DCSASS,Shoplifting042_x264,Shoplifting042_x264_24,sin_ocultamiento,DCSASS__Shoplifting042_x264__Shoplifting042_x264_24.mp4,5.0,False,1.0,5.0
DCSASS,Shoplifting042_x264,Shoplifting042_x264_25,sin_ocultamiento,DCSASS__Shoplifting042_x264__Shoplifting042_x264_25.mp4,5.0,False,1.0,5.0
DCSASS,Shoplifting042_x264,Shoplifting042_x264_26,sin_ocultamiento,DCSASS__Shoplifting042_x264__Shoplifting042_x264_26.mp4,5.0,False,1.0,5.0
DCSASS,Shoplifting042_x264,Shoplifting042_x264_27,sin_ocultamiento,DCSASS__Shoplifting042_x264__Shoplifting042_x264_27.mp4,5.0,False,1.0,5.0
DCSASS,Shoplifting042_x264,Shoplifting042_x264_28,sin_ocultamiento,DCSASS__Shoplifting042_x264__Shoplifting042_x264_28.mp4,5.0,False,1.0,5.0
DCSASS,Shoplifting042_x264,Shoplifting042_x264_29,sin_ocultamiento,DCSASS__Shoplifting042_x264__Shoplifting042_x264_29.mp4,5.0,False,1.0,5.0
DCSASS,Shoplifting042_x264,Shoplifting042_x264_30,sin_ocultamiento,DCSASS__Shoplifting042_x264__Shoplifting042_x264_30.mp4,5.0,False,1.0,5.0
DCSASS,Shoplifting042_x264,Shoplifting042_x264_31,sin_ocultamiento,DCSASS__Shoplifting042_x264__Shoplifting042_x264_31.mp4,5.0,False,1.0,5.0
DCSASS,Shoplifting045_x264,Shoplifting045_x264_0,sin_ocultamiento,DCSASS__Shoplifting045_x264__Shoplifting045_x264_0.mp4,1.0,False,-3.0,1.0
DCSASS,Shoplifting045_x264,Shoplifting045_x264_1,sin_ocultamiento,DCSASS__Shoplifting045_x264__Shoplifting045_x264_1.mp4,1.0,False,-3.0,1.0
DCSASS,Shoplifting045_x264,Shoplifting045_x264_2,sin_ocultamiento,DCSASS__Shoplifting045_x264__Shoplifting045_x264_2.mp4,1.0,False,-3.0,1.0
DCSASS,Shoplifting045_x264,Shoplifting045_x264_3,sin_ocultamiento,DCSASS__Shoplifting045_x264__Shoplifting045_x264_3.mp4,1.0,False,-3.0,1.0
DCSASS,Shoplifting045_x264,Shoplifting045_x264_4,sin_ocultamiento,DCSASS__Shoplifting045_x264__Shoplifting045_x264_4.mp4,1.0,False,-3.0,1.0
DCSASS,Shoplifting045_x264,Shoplifting045_x264_5,sin_ocultamiento,DCSASS__Shoplifting045_x264__Shoplifting045_x264_5.mp4,1.0,False,-3.0,1.0
DCSASS,Shoplifting045_x264,Shoplifting045_x264_6,sin_ocultamiento,DCSASS__Shoplifting045_x264__Shoplifting045_x264_6.mp4,1.0,False,-3.0,1.0
DCSASS,Shoplifting045_x264,Shoplifting045_x264_7,sin_ocultamiento,DCSASS__Shoplifting045_x264__Shoplifting045_x264_7.mp4,1.0,False,-3.0,1.0
DCSASS,Shoplifting045_x264,Shoplifting045_x264_8,sin_ocultamiento,DCSASS__Shoplifting045_x264__Shoplifting045_x264_8.mp4,1.0,False,-3.0,1.0
DCSASS,Shoplifting045_x264,Shoplifting045_x264_9,sin_ocultamiento,DCSASS__Shoplifting045_x264__Shoplifting045_x264_9.mp4,1.0,False,-3.0,1.0
DCSASS,Shoplifting045_x264,Shoplifting045_x264_10,sin_ocultamiento,DCSASS__Shoplifting045_x264__Shoplifting045_x264_10.mp4,1.0,False,-3.0,1.0
DCSASS,Shoplifting045_x264,Shoplifting045_x264_11,sin_ocultamiento,DCSASS__Shoplifting045_x264__Shoplifting045_x264_11.mp4,1.0,False,-3.0,1.0
DCSASS,Shoplifting045_x264,Shoplifting045_x264_12,sin_ocultamiento,DCSASS__Shoplifting045_x264__Shoplifting045_x264_12.mp4,1.0,False,-3.0,1.0
DCSASS,Shoplifting045_x264,Shoplifting045_x264_13,sin_ocultamiento,DCSASS__Shoplifting045_x264__Shoplifting045_x264_13.mp4,1.0,False,-3.0,1.0
DCSASS,Shoplifting045_x264,Shoplifting045_x264_14,sin_ocultamiento,DCSASS__Shoplifting045_x264__Shoplifting045_x264_14.mp4,1.0,False,-3.0,1.0
DCSASS,Shoplifting045_x264,Shoplifting045_x264_15,sin_ocultamiento,DCSASS__Shoplifting045_x264__Shoplifting045_x264_15.mp4,1.0,False,-3.0,1.0
DCSASS,Shoplifting045_x264,Shoplifting045_x264_16,sin_ocultamiento,DCSASS__Shoplifting045_x264__Shoplifting045_x264_16.mp4,1.0,False,-3.0,1.0
DCSASS,Shoplifting045_x264,Shoplifting045_x264_17,sin_ocultamiento,DCSASS__Shoplifting045_x264__Shoplifting045_x264_17.mp4,1.0,False,-3.0,1.0
DCSASS,Shoplifting045_x264,Shoplifting045_x264_18,sin_ocultamiento,DCSASS__Shoplifting045_x264__Shoplifting045_x264_18.mp4,1.0,False,-3.0,1.0
DCSASS,Shoplifting045_x264,Shoplifting045_x264_19,sin_ocultamiento,DCSASS__Shoplifting045_x264__Shoplifting045_x264_19.mp4,1.0,False,-3.0,1.0
DCSASS,Shoplifting045_x264,Shoplifting045_x264_20,sin_ocultamiento,DCSASS__Shoplifting045_x264__Shoplifting045_x264_20.mp4,1.0,False,-3.0,1.0
DCSASS,Shoplifting045_x264,Shoplifting045_x264_21,sin_ocultamiento,DCSASS__Shoplifting045_x264__Shoplifting045_x264_21.mp4,1.0,False,-3.0,1.0
DCSASS,Shoplifting045_x264,Shoplifting045_x264_22,sin_ocultamiento,DCSASS__Shoplifting045_x264__Shoplifting045_x264_22.mp4,1.0,False,-3.0,1.0
DCSASS,Shoplifting045_x264,Shoplifting045_x264_23,sin_ocultamiento,DCSASS__Shoplifting045_x264__Shoplifting045_x264_23.mp4,1.0,False,-3.0,1.0
DCSASS,Shoplifting045_x264,Shoplifting045_x264_24,sin_ocultamiento,DCSASS__Shoplifting045_x264__Shoplifting045_x264_24.mp4,1.0,False,-3.0,1.0
DCSASS,Shoplifting045_x264,Shoplifting045_x264_25,sin_ocultamiento,DCSASS__Shoplifting045_x264__Shoplifting045_x264_25.mp4,1.0,False,-3.0,1.0
DCSASS,Shoplifting045_x264,Shoplifting045_x264_26,sin_ocultamiento,DCSASS__Shoplifting045_x264__Shoplifting045_x264_26.mp4,1.0,False,-3.0,1.0
DCSASS,Shoplifting045_x264,Shoplifting045_x264_27,sin_ocultamiento,DCSASS__Shoplifting045_x264__Shoplifting045_x264_27.mp4,1.0,False,-3.0,1.0
DCSASS,Shoplifting045_x264,Shoplifting045_x264_28,sin_ocultamiento,DCSASS__Shoplifting045_x264__Shoplifting045_x264_28.mp4,1.0,False,-3.0,1.0
DCSASS,Shoplifting045_x264,Shoplifting045_x264_29,sin_ocultamiento,DCSASS__Shoplifting045_x264__Shoplifting045_x264_29.mp4,1.0,False,-3.0,1.0
DCSASS,Shoplifting045_x264,Shoplifting045_x264_30,sin_ocultamiento,DCSASS__Shoplifting045_x264__Shoplifting045_x264_30.mp4,1.0,False,-3.0,1.0
DCSASS,Shoplifting045_x264,Shoplifting045_x264_31,sin_ocultamiento,DCSASS__Shoplifting045_x264__Shoplifting045_x264_31.mp4,1.0,False,-3.0,1.0
DCSASS,Shoplifting047_x264,Shoplifting047_x264_0,sin_ocultamiento,DCSASS__Shoplifting047_x264__Shoplifting047_x264_0.mp4,2.0,False,-2.0,2.0
DCSASS,Shoplifting047_x264,Shoplifting047_x264_1,sin_ocultamiento,DCSASS__Shoplifting047_x264__Shoplifting047_x264_1.mp4,2.0,False,-2.0,2.0
DCSASS,Shoplifting047_x264,Shoplifting047_x264_2,sin_ocultamiento,DCSASS__Shoplifting047_x264__Shoplifting047_x264_2.mp4,2.0,False,-2.0,2.0
DCSASS,Shoplifting047_x264,Shoplifting047_x264_3,sin_ocultamiento,DCSASS__Shoplifting047_x264__Shoplifting047_x264_3.mp4,2.0,False,-2.0,2.0
DCSASS,Shoplifting047_x264,Shoplifting047_x264_4,sin_ocultamiento,DCSASS__Shoplifting047_x264__Shoplifting047_x264_4.mp4,2.0,False,-2.0,2.0
DCSASS,Shoplifting047_x264,Shoplifting047_x264_5,sin_ocultamiento,DCSASS__Shoplifting047_x264__Shoplifting047_x264_5.mp4,2.0,False,-2.0,2.0
DCSASS,Shoplifting047_x264,Shoplifting047_x264_6,sin_ocultamiento,DCSASS__Shoplifting047_x264__Shoplifting047_x264_6.mp4,2.0,False,-2.0,2.0
DCSASS,Shoplifting047_x264,Shoplifting047_x264_7,sin_ocultamiento,DCSASS__Shoplifting047_x264__Shoplifting047_x264_7.mp4,2.0,False,-2.0,2.0
DCSASS,Shoplifting047_x264,Shoplifting047_x264_8,sin_ocultamiento,DCSASS__Shoplifting047_x264__Shoplifting047_x264_8.mp4,2.0,False,-2.0,2.0
DCSASS,Shoplifting047_x264,Shoplifting047_x264_9,sin_ocultamiento,DCSASS__Shoplifting047_x264__Shoplifting047_x264_9.mp4,2.0,False,-2.0,2.0
DCSASS,Shoplifting047_x264,Shoplifting047_x264_10,sin_ocultamiento,DCSASS__Shoplifting047_x264__Shoplifting047_x264_10.mp4,2.0,False,-2.0,2.0
DCSASS,Shoplifting047_x264,Shoplifting047_x264_12,sin_ocultamiento,DCSASS__Shoplifting047_x264__Shoplifting047_x264_12.mp4,2.0,False,-2.0,2.0
DCSASS,Shoplifting047_x264,Shoplifting047_x264_13,sin_ocultamiento,DCSASS__Shoplifting047_x264__Shoplifting047_x264_13.mp4,2.0,False,-2.0,2.0
DCSASS,Shoplifting047_x264,Shoplifting047_x264_14,sin_ocultamiento,DCSASS__Shoplifting047_x264__Shoplifting047_x264_14.mp4,2.0,False,-2.0,2.0
DCSASS,Shoplifting047_x264,Shoplifting047_x264_15,sin_ocultamiento,DCSASS__Shoplifting047_x264__Shoplifting047_x264_15.mp4,2.0,False,-2.0,2.0
DCSASS,Shoplifting047_x264,Shoplifting047_x264_16,ocultamiento,DCSASS__Shoplifting047_x264__Shoplifting047_x264_16.mp4,2.0,False,-2.0,2.0
DCSASS,Shoplifting047_x264,Shoplifting047_x264_17,sin_ocultamiento,DCSASS__Shoplifting047_x264__Shoplifting047_x264_17.mp4,2.0,False,-2.0,2.0
DCSASS,Shoplifting047_x264,Shoplifting047_x264_18,sin_ocultamiento,DCSASS__Shoplifting047_x264__Shoplifting047_x264_18.mp4,2.0,False,-2.0,2.0
DCSASS,Shoplifting047_x264,Shoplifting047_x264_19,sin_ocultamiento,DCSASS__Shoplifting047_x264__Shoplifting047_x264_19.mp4,2.0,False,-2.0,2.0
DCSASS,Shoplifting047_x264,Shoplifting047_x264_20,sin_ocultamiento,DCSASS__Shoplifting047_x264__Shoplifting047_x264_20.mp4,2.0,False,-2.0,2.0
DCSASS,Shoplifting047_x264,Shoplifting047_x264_21,sin_ocultamiento,DCSASS__Shoplifting047_x264__Shoplifting047_x264_21.mp4,2.0,False,-2.0,2.0
DCSASS,Shoplifting047_x264,Shoplifting047_x264_22,sin_ocultamiento,DCSASS__Shoplifting047_x264__Shoplifting047_x264_22.mp4,2.0,False,-2.0,2.0
DCSASS,Shoplifting047_x264,Shoplifting047_x264_23,sin_ocultamiento,DCSASS__Shoplifting047_x264__Shoplifting047_x264_23.mp4,2.0,False,-2.0,2.0
DCSASS,Shoplifting047_x264,Shoplifting047_x264_24,ocultamiento,DCSASS__Shoplifting047_x264__Shoplifting047_x264_24.mp4,2.0,False,-2.0,2.0
DCSASS,Shoplifting047_x264,Shoplifting047_x264_25,ocultamiento,DCSASS__Shoplifting047_x264__Shoplifting047_x264_25.mp4,2.0,False,-2.0,2.0
DCSASS,Shoplifting047_x264,Shoplifting047_x264_26,sin_ocultamiento,DCSASS__Shoplifting047_x264__Shoplifting047_x264_26.mp4,2.0,False,-2.0,2.0
DCSASS,Shoplifting047_x264,Shoplifting047_x264_27,sin_ocultamiento,DCSASS__Shoplifting047_x264__Shoplifting047_x264_27.mp4,2.0,False,-2.0,2.0
DCSASS,Shoplifting047_x264,Shoplifting047_x264_28,ocultamiento,DCSASS__Shoplifting047_x264__Shoplifting047_x264_28.mp4,2.0,False,-2.0,2.0
DCSASS,Shoplifting047_x264,Shoplifting047_x264_29,sin_ocultamiento,DCSASS__Shoplifting047_x264__Shoplifting047_x264_29.mp4,2.0,False,-2.0,2.0
DCSASS,Shoplifting047_x264,Shoplifting047_x264_30,ocultamiento,DCSASS__Shoplifting047_x264__Shoplifting047_x264_30.mp4,2.0,False,-2.0,2.0
DCSASS,Shoplifting047_x264,Shoplifting047_x264_31,ocultamiento,DCSASS__Shoplifting047_x264__Shoplifting047_x264_31.mp4,2.0,False,-2.0,2.0
DCSASS,Shoplifting048_x264,Shoplifting048_x264_0,ocultamiento,DCSASS__Shoplifting048_x264__Shoplifting048_x264_0.mp4,3.0,False,-1.0,3.0
DCSASS,Shoplifting048_x264,Shoplifting048_x264_1,ocultamiento,DCSASS__Shoplifting048_x264__Shoplifting048_x264_1.mp4,3.0,False,-1.0,3.0
DCSASS,Shoplifting048_x264,Shoplifting048_x264_2,ocultamiento,DCSASS__Shoplifting048_x264__Shoplifting048_x264_2.mp4,3.0,False,-1.0,3.0
DCSASS,Shoplifting048_x264,Shoplifting048_x264_3,sin_ocultamiento,DCSASS__Shoplifting048_x264__Shoplifting048_x264_3.mp4,3.0,False,-1.0,3.0
DCSASS,Shoplifting048_x264,Shoplifting048_x264_4,sin_ocultamiento,DCSASS__Shoplifting048_x264__Shoplifting048_x264_4.mp4,3.0,False,-1.0,3.0
DCSASS,Shoplifting048_x264,Shoplifting048_x264_5,sin_ocultamiento,DCSASS__Shoplifting048_x264__Shoplifting048_x264_5.mp4,3.0,False,-1.0,3.0
DCSASS,Shoplifting048_x264,Shoplifting048_x264_6,sin_ocultamiento,DCSASS__Shoplifting048_x264__Shoplifting048_x264_6.mp4,3.0,False,-1.0,3.0
DCSASS,Shoplifting048_x264,Shoplifting048_x264_7,sin_ocultamiento,DCSASS__Shoplifting048_x264__Shoplifting048_x264_7.mp4,3.0,False,-1.0,3.0
DCSASS,Shoplifting048_x264,Shoplifting048_x264_8,sin_ocultamiento,DCSASS__Shoplifting048_x264__Shoplifting048_x264_8.mp4,3.0,False,-1.0,3.0
DCSASS,Shoplifting048_x264,Shoplifting048_x264_9,sin_ocultamiento,DCSASS__Shoplifting048_x264__Shoplifting048_x264_9.mp4,3.0,False,-1.0,3.0
DCSASS,Shoplifting048_x264,Shoplifting048_x264_10,ocultamiento,DCSASS__Shoplifting048_x264__Shoplifting048_x264_10.mp4,3.0,False,-1.0,3.0
DCSASS,Shoplifting048_x264,Shoplifting048_x264_11,ocultamiento,DCSASS__Shoplifting048_x264__Shoplifting048_x264_11.mp4,3.0,False,-1.0,3.0
DCSASS,Shoplifting048_x264,Shoplifting048_x264_12,ocultamiento,DCSASS__Shoplifting048_x264__Shoplifting048_x264_12.mp4,3.0,False,-1.0,3.0
DCSASS,Shoplifting048_x264,Shoplifting048_x264_13,sin_ocultamiento,DCSASS__Shoplifting048_x264__Shoplifting048_x264_13.mp4,3.0,False,-1.0,3.0
DCSASS,Shoplifting048_x264,Shoplifting048_x264_14,sin_ocultamiento,DCSASS__Shoplifting048_x264__Shoplifting048_x264_14.mp4,3.0,False,-1.0,3.0
DCSASS,Shoplifting048_x264,Shoplifting048_x264_15,sin_ocultamiento,DCSASS__Shoplifting048_x264__Shoplifting048_x264_15.mp4,3.0,False,-1.0,3.0
DCSASS,Shoplifting048_x264,Shoplifting048_x264_16,sin_ocultamiento,DCSASS__Shoplifting048_x264__Shoplifting048_x264_16.mp4,3.0,False,-1.0,3.0
DCSASS,Shoplifting048_x264,Shoplifting048_x264_17,sin_ocultamiento,DCSASS__Shoplifting048_x264__Shoplifting048_x264_17.mp4,3.0,False,-1.0,3.0
DCSASS,Shoplifting048_x264,Shoplifting048_x264_18,sin_ocultamiento,DCSASS__Shoplifting048_x264__Shoplifting048_x264_18.mp4,3.0,False,-1.0,3.0
DCSASS,Shoplifting048_x264,Shoplifting048_x264_19,sin_ocultamiento,DCSASS__Shoplifting048_x264__Shoplifting048_x264_19.mp4,3.0,False,-1.0,3.0
DCSASS,Shoplifting048_x264,Shoplifting048_x264_20,sin_ocultamiento,DCSASS__Shoplifting048_x264__Shoplifting048_x264_20.mp4,3.0,False,-1.0,3.0
DCSASS,Shoplifting048_x264,Shoplifting048_x264_21,sin_ocultamiento,DCSASS__Shoplifting048_x264__Shoplifting048_x264_21.mp4,3.0,False,-1.0,3.0
DCSASS,Shoplifting048_x264,Shoplifting048_x264_22,sin_ocultamiento,DCSASS__Shoplifting048_x264__Shoplifting048_x264_22.mp4,3.0,False,-1.0,3.0
DCSASS,Shoplifting048_x264,Shoplifting048_x264_23,sin_ocultamiento,DCSASS__Shoplifting048_x264__Shoplifting048_x264_23.mp4,3.0,False,-1.0,3.0
DCSASS,Shoplifting048_x264,Shoplifting048_x264_24,sin_ocultamiento,DCSASS__Shoplifting048_x264__Shoplifting048_x264_24.mp4,3.0,False,-1.0,3.0
DCSASS,Shoplifting048_x264,Shoplifting048_x264_25,sin_ocultamiento,DCSASS__Shoplifting048_x264__Shoplifting048_x264_25.mp4,3.0,False,-1.0,3.0
DCSASS,Shoplifting048_x264,Shoplifting048_x264_26,sin_ocultamiento,DCSASS__Shoplifting048_x264__Shoplifting048_x264_26.mp4,3.0,False,-1.0,3.0
DCSASS,Shoplifting048_x264,Shoplifting048_x264_27,sin_ocultamiento,DCSASS__Shoplifting048_x264__Shoplifting048_x264_27.mp4,3.0,False,-1.0,3.0
DCSASS,Shoplifting048_x264,Shoplifting048_x264_28,sin_ocultamiento,DCSASS__Shoplifting048_x264__Shoplifting048_x264_28.mp4,3.0,False,-1.0,3.0
DCSASS,Shoplifting048_x264,Shoplifting048_x264_29,sin_ocultamiento,DCSASS__Shoplifting048_x264__Shoplifting048_x264_29.mp4,3.0,False,-1.0,3.0
DCSASS,Shoplifting048_x264,Shoplifting048_x264_30,sin_ocultamiento,DCSASS__Shoplifting048_x264__Shoplifting048_x264_30.mp4,3.0,False,-1.0,3.0
DCSASS,Shoplifting048_x264,Shoplifting048_x264_31,sin_ocultamiento,DCSASS__Shoplifting048_x264__Shoplifting048_x264_31.mp4,3.0,False,-1.0,3.0
DCSASS,Shoplifting049_x264,Shoplifting049_x264_0,sin_ocultamiento,DCSASS__Shoplifting049_x264__Shoplifting049_x264_0.mp4,2.0,False,-2.0,2.0
DCSASS,Shoplifting049_x264,Shoplifting049_x264_1,sin_ocultamiento,DCSASS__Shoplifting049_x264__Shoplifting049_x264_1.mp4,2.0,False,-2.0,2.0
DCSASS,Shoplifting049_x264,Shoplifting049_x264_2,sin_ocultamiento,DCSASS__Shoplifting049_x264__Shoplifting049_x264_2.mp4,2.0,False,-2.0,2.0
DCSASS,Shoplifting049_x264,Shoplifting049_x264_3,sin_ocultamiento,DCSASS__Shoplifting049_x264__Shoplifting049_x264_3.mp4,2.0,False,-2.0,2.0
DCSASS,Shoplifting049_x264,Shoplifting049_x264_4,sin_ocultamiento,DCSASS__Shoplifting049_x264__Shoplifting049_x264_4.mp4,2.0,False,-2.0,2.0
DCSASS,Shoplifting049_x264,Shoplifting049_x264_5,sin_ocultamiento,DCSASS__Shoplifting049_x264__Shoplifting049_x264_5.mp4,2.0,False,-2.0,2.0
DCSASS,Shoplifting049_x264,Shoplifting049_x264_6,sin_ocultamiento,DCSASS__Shoplifting049_x264__Shoplifting049_x264_6.mp4,2.0,False,-2.0,2.0
DCSASS,Shoplifting049_x264,Shoplifting049_x264_7,sin_ocultamiento,DCSASS__Shoplifting049_x264__Shoplifting049_x264_7.mp4,2.0,False,-2.0,2.0
DCSASS,Shoplifting049_x264,Shoplifting049_x264_8,sin_ocultamiento,DCSASS__Shoplifting049_x264__Shoplifting049_x264_8.mp4,2.0,False,-2.0,2.0
DCSASS,Shoplifting049_x264,Shoplifting049_x264_9,sin_ocultamiento,DCSASS__Shoplifting049_x264__Shoplifting049_x264_9.mp4,2.0,False,-2.0,2.0
DCSASS,Shoplifting049_x264,Shoplifting049_x264_10,sin_ocultamiento,DCSASS__Shoplifting049_x264__Shoplifting049_x264_10.mp4,2.0,False,-2.0,2.0
DCSASS,Shoplifting049_x264,Shoplifting049_x264_11,sin_ocultamiento,DCSASS__Shoplifting049_x264__Shoplifting049_x264_11.mp4,2.0,False,-2.0,2.0
DCSASS,Shoplifting049_x264,Shoplifting049_x264_12,sin_ocultamiento,DCSASS__Shoplifting049_x264__Shoplifting049_x264_12.mp4,2.0,False,-2.0,2.0
DCSASS,Shoplifting049_x264,Shoplifting049_x264_13,sin_ocultamiento,DCSASS__Shoplifting049_x264__Shoplifting049_x264_13.mp4,2.0,False,-2.0,2.0
DCSASS,Shoplifting049_x264,Shoplifting049_x264_14,sin_ocultamiento,DCSASS__Shoplifting049_x264__Shoplifting049_x264_14.mp4,2.0,False,-2.0,2.0
DCSASS,Shoplifting049_x264,Shoplifting049_x264_15,sin_ocultamiento,DCSASS__Shoplifting049_x264__Shoplifting049_x264_15.mp4,2.0,False,-2.0,2.0
DCSASS,Shoplifting049_x264,Shoplifting049_x264_16,sin_ocultamiento,DCSASS__Shoplifting049_x264__Shoplifting049_x264_16.mp4,2.0,False,-2.0,2.0
DCSASS,Shoplifting049_x264,Shoplifting049_x264_17,sin_ocultamiento,DCSASS__Shoplifting049_x264__Shoplifting049_x264_17.mp4,2.0,False,-2.0,2.0
DCSASS,Shoplifting049_x264,Shoplifting049_x264_18,sin_ocultamiento,DCSASS__Shoplifting049_x264__Shoplifting049_x264_18.mp4,2.0,False,-2.0,2.0
DCSASS,Shoplifting049_x264,Shoplifting049_x264_19,sin_ocultamiento,DCSASS__Shoplifting049_x264__Shoplifting049_x264_19.mp4,2.0,False,-2.0,2.0
DCSASS,Shoplifting049_x264,Shoplifting049_x264_20,ocultamiento,DCSASS__Shoplifting049_x264__Shoplifting049_x264_20.mp4,2.0,False,-2.0,2.0
DCSASS,Shoplifting049_x264,Shoplifting049_x264_21,ocultamiento,DCSASS__Shoplifting049_x264__Shoplifting049_x264_21.mp4,2.0,False,-2.0,2.0
DCSASS,Shoplifting049_x264,Shoplifting049_x264_22,ocultamiento,DCSASS__Shoplifting049_x264__Shoplifting049_x264_22.mp4,2.0,False,-2.0,2.0
DCSASS,Shoplifting049_x264,Shoplifting049_x264_23,sin_ocultamiento,DCSASS__Shoplifting049_x264__Shoplifting049_x264_23.mp4,2.0,False,-2.0,2.0
DCSASS,Shoplifting049_x264,Shoplifting049_x264_24,sin_ocultamiento,DCSASS__Shoplifting049_x264__Shoplifting049_x264_24.mp4,2.0,False,-2.0,2.0
DCSASS,Shoplifting049_x264,Shoplifting049_x264_25,sin_ocultamiento,DCSASS__Shoplifting049_x264__Shoplifting049_x264_25.mp4,2.0,False,-2.0,2.0
DCSASS,Shoplifting049_x264,Shoplifting049_x264_26,sin_ocultamiento,DCSASS__Shoplifting049_x264__Shoplifting049_x264_26.mp4,2.0,False,-2.0,2.0
DCSASS,Shoplifting049_x264,Shoplifting049_x264_27,sin_ocultamiento,DCSASS__Shoplifting049_x264__Shoplifting049_x264_27.mp4,2.0,False,-2.0,2.0
DCSASS,Shoplifting049_x264,Shoplifting049_x264_28,sin_ocultamiento,DCSASS__Shoplifting049_x264__Shoplifting049_x264_28.mp4,2.0,False,-2.0,2.0
DCSASS,Shoplifting049_x264,Shoplifting049_x264_29,sin_ocultamiento,DCSASS__Shoplifting049_x264__Shoplifting049_x264_29.mp4,2.0,False,-2.0,2.0
DCSASS,Shoplifting049_x264,Shoplifting049_x264_30,sin_ocultamiento,DCSASS__Shoplifting049_x264__Shoplifting049_x264_30.mp4,2.0,False,-2.0,2.0
DCSASS,Shoplifting049_x264,Shoplifting049_x264_31,sin_ocultamiento,DCSASS__Shoplifting049_x264__Shoplifting049_x264_31.mp4,2.0,False,-2.0,2.0
DCSASS,Shoplifting050_x264,Shoplifting050_x264_0,sin_ocultamiento,DCSASS__Shoplifting050_x264__Shoplifting050_x264_0.mp4,2.0,False,-2.0,2.0
DCSASS,Shoplifting050_x264,Shoplifting050_x264_1,sin_ocultamiento,DCSASS__Shoplifting050_x264__Shoplifting050_x264_1.mp4,2.0,False,-2.0,2.0
DCSASS,Shoplifting050_x264,Shoplifting050_x264_2,sin_ocultamiento,DCSASS__Shoplifting050_x264__Shoplifting050_x264_2.mp4,2.0,False,-2.0,2.0
DCSASS,Shoplifting050_x264,Shoplifting050_x264_3,sin_ocultamiento,DCSASS__Shoplifting050_x264__Shoplifting050_x264_3.mp4,2.0,False,-2.0,2.0
DCSASS,Shoplifting050_x264,Shoplifting050_x264_4,sin_ocultamiento,DCSASS__Shoplifting050_x264__Shoplifting050_x264_4.mp4,2.0,False,-2.0,2.0
DCSASS,Shoplifting050_x264,Shoplifting050_x264_5,sin_ocultamiento,DCSASS__Shoplifting050_x264__Shoplifting050_x264_5.mp4,2.0,False,-2.0,2.0
DCSASS,Shoplifting050_x264,Shoplifting050_x264_6,sin_ocultamiento,DCSASS__Shoplifting050_x264__Shoplifting050_x264_6.mp4,2.0,False,-2.0,2.0
DCSASS,Shoplifting050_x264,Shoplifting050_x264_7,sin_ocultamiento,DCSASS__Shoplifting050_x264__Shoplifting050_x264_7.mp4,2.0,False,-2.0,2.0
DCSASS,Shoplifting050_x264,Shoplifting050_x264_8,sin_ocultamiento,DCSASS__Shoplifting050_x264__Shoplifting050_x264_8.mp4,2.0,False,-2.0,2.0
DCSASS,Shoplifting050_x264,Shoplifting050_x264_9,sin_ocultamiento,DCSASS__Shoplifting050_x264__Shoplifting050_x264_9.mp4,2.0,False,-2.0,2.0
DCSASS,Shoplifting050_x264,Shoplifting050_x264_10,sin_ocultamiento,DCSASS__Shoplifting050_x264__Shoplifting050_x264_10.mp4,2.0,False,-2.0,2.0
DCSASS,Shoplifting050_x264,Shoplifting050_x264_11,sin_ocultamiento,DCSASS__Shoplifting050_x264__Shoplifting050_x264_11.mp4,2.0,False,-2.0,2.0
DCSASS,Shoplifting050_x264,Shoplifting050_x264_12,sin_ocultamiento,DCSASS__Shoplifting050_x264__Shoplifting050_x264_12.mp4,2.0,False,-2.0,2.0
DCSASS,Shoplifting050_x264,Shoplifting050_x264_13,sin_ocultamiento,DCSASS__Shoplifting050_x264__Shoplifting050_x264_13.mp4,2.0,False,-2.0,2.0
DCSASS,Shoplifting050_x264,Shoplifting050_x264_14,sin_ocultamiento,DCSASS__Shoplifting050_x264__Shoplifting050_x264_14.mp4,2.0,False,-2.0,2.0
DCSASS,Shoplifting050_x264,Shoplifting050_x264_15,sin_ocultamiento,DCSASS__Shoplifting050_x264__Shoplifting050_x264_15.mp4,2.0,False,-2.0,2.0
DCSASS,Shoplifting050_x264,Shoplifting050_x264_16,sin_ocultamiento,DCSASS__Shoplifting050_x264__Shoplifting050_x264_16.mp4,2.0,False,-2.0,2.0
DCSASS,Shoplifting050_x264,Shoplifting050_x264_17,sin_ocultamiento,DCSASS__Shoplifting050_x264__Shoplifting050_x264_17.mp4,2.0,False,-2.0,2.0
DCSASS,Shoplifting050_x264,Shoplifting050_x264_18,sin_ocultamiento,DCSASS__Shoplifting050_x264__Shoplifting050_x264_18.mp4,2.0,False,-2.0,2.0
DCSASS,Shoplifting050_x264,Shoplifting050_x264_19,sin_ocultamiento,DCSASS__Shoplifting050_x264__Shoplifting050_x264_19.mp4,2.0,False,-2.0,2.0
DCSASS,Shoplifting050_x264,Shoplifting050_x264_20,sin_ocultamiento,DCSASS__Shoplifting050_x264__Shoplifting050_x264_20.mp4,2.0,False,-2.0,2.0
DCSASS,Shoplifting050_x264,Shoplifting050_x264_21,sin_ocultamiento,DCSASS__Shoplifting050_x264__Shoplifting050_x264_21.mp4,2.0,False,-2.0,2.0
DCSASS,Shoplifting050_x264,Shoplifting050_x264_22,sin_ocultamiento,DCSASS__Shoplifting050_x264__Shoplifting050_x264_22.mp4,2.0,False,-2.0,2.0
DCSASS,Shoplifting050_x264,Shoplifting050_x264_23,sin_ocultamiento,DCSASS__Shoplifting050_x264__Shoplifting050_x264_23.mp4,2.0,False,-2.0,2.0
DCSASS,Shoplifting050_x264,Shoplifting050_x264_24,sin_ocultamiento,DCSASS__Shoplifting050_x264__Shoplifting050_x264_24.mp4,2.0,False,-2.0,2.0
DCSASS,Shoplifting050_x264,Shoplifting050_x264_25,sin_ocultamiento,DCSASS__Shoplifting050_x264__Shoplifting050_x264_25.mp4,2.0,False,-2.0,2.0
DCSASS,Shoplifting050_x264,Shoplifting050_x264_26,sin_ocultamiento,DCSASS__Shoplifting050_x264__Shoplifting050_x264_26.mp4,2.0,False,-2.0,2.0
DCSASS,Shoplifting050_x264,Shoplifting050_x264_27,sin_ocultamiento,DCSASS__Shoplifting050_x264__Shoplifting050_x264_27.mp4,2.0,False,-2.0,2.0
DCSASS,Shoplifting050_x264,Shoplifting050_x264_28,sin_ocultamiento,DCSASS__Shoplifting050_x264__Shoplifting050_x264_28.mp4,2.0,False,-2.0,2.0
DCSASS,Shoplifting050_x264,Shoplifting050_x264_29,sin_ocultamiento,DCSASS__Shoplifting050_x264__Shoplifting050_x264_29.mp4,2.0,False,-2.0,2.0
DCSASS,Shoplifting050_x264,Shoplifting050_x264_30,sin_ocultamiento,DCSASS__Shoplifting050_x264__Shoplifting050_x264_30.mp4,2.0,False,-2.0,2.0
DCSASS,Shoplifting050_x264,Shoplifting050_x264_31,sin_ocultamiento,DCSASS__Shoplifting050_x264__Shoplifting050_x264_31.mp4,2.0,False,-2.0,2.0
DCSASS,Shoplifting053_x264,Shoplifting053_x264_0,sin_ocultamiento,DCSASS__Shoplifting053_x264__Shoplifting053_x264_0.mp4,2.0,False,-2.0,2.0
DCSASS,Shoplifting053_x264,Shoplifting053_x264_1,sin_ocultamiento,DCSASS__Shoplifting053_x264__Shoplifting053_x264_1.mp4,2.0,False,-2.0,2.0
DCSASS,Shoplifting053_x264,Shoplifting053_x264_2,sin_ocultamiento,DCSASS__Shoplifting053_x264__Shoplifting053_x264_2.mp4,2.0,False,-2.0,2.0
DCSASS,Shoplifting053_x264,Shoplifting053_x264_3,sin_ocultamiento,DCSASS__Shoplifting053_x264__Shoplifting053_x264_3.mp4,2.0,False,-2.0,2.0
DCSASS,Shoplifting053_x264,Shoplifting053_x264_4,sin_ocultamiento,DCSASS__Shoplifting053_x264__Shoplifting053_x264_4.mp4,2.0,False,-2.0,2.0
DCSASS,Shoplifting053_x264,Shoplifting053_x264_5,sin_ocultamiento,DCSASS__Shoplifting053_x264__Shoplifting053_x264_5.mp4,2.0,False,-2.0,2.0
DCSASS,Shoplifting053_x264,Shoplifting053_x264_6,sin_ocultamiento,DCSASS__Shoplifting053_x264__Shoplifting053_x264_6.mp4,2.0,False,-2.0,2.0
DCSASS,Shoplifting053_x264,Shoplifting053_x264_7,sin_ocultamiento,DCSASS__Shoplifting053_x264__Shoplifting053_x264_7.mp4,2.0,False,-2.0,2.0
DCSASS,Shoplifting053_x264,Shoplifting053_x264_8,sin_ocultamiento,DCSASS__Shoplifting053_x264__Shoplifting053_x264_8.mp4,2.0,False,-2.0,2.0
DCSASS,Shoplifting053_x264,Shoplifting053_x264_9,sin_ocultamiento,DCSASS__Shoplifting053_x264__Shoplifting053_x264_9.mp4,2.0,False,-2.0,2.0
DCSASS,Shoplifting053_x264,Shoplifting053_x264_10,sin_ocultamiento,DCSASS__Shoplifting053_x264__Shoplifting053_x264_10.mp4,2.0,False,-2.0,2.0
DCSASS,Shoplifting053_x264,Shoplifting053_x264_11,sin_ocultamiento,DCSASS__Shoplifting053_x264__Shoplifting053_x264_11.mp4,2.0,False,-2.0,2.0
DCSASS,Shoplifting053_x264,Shoplifting053_x264_12,sin_ocultamiento,DCSASS__Shoplifting053_x264__Shoplifting053_x264_12.mp4,2.0,False,-2.0,2.0
DCSASS,Shoplifting053_x264,Shoplifting053_x264_13,sin_ocultamiento,DCSASS__Shoplifting053_x264__Shoplifting053_x264_13.mp4,2.0,False,-2.0,2.0
DCSASS,Shoplifting053_x264,Shoplifting053_x264_14,sin_ocultamiento,DCSASS__Shoplifting053_x264__Shoplifting053_x264_14.mp4,2.0,False,-2.0,2.0
DCSASS,Shoplifting053_x264,Shoplifting053_x264_15,sin_ocultamiento,DCSASS__Shoplifting053_x264__Shoplifting053_x264_15.mp4,2.0,False,-2.0,2.0
DCSASS,Shoplifting053_x264,Shoplifting053_x264_16,sin_ocultamiento,DCSASS__Shoplifting053_x264__Shoplifting053_x264_16.mp4,2.0,False,-2.0,2.0
DCSASS,Shoplifting053_x264,Shoplifting053_x264_17,sin_ocultamiento,DCSASS__Shoplifting053_x264__Shoplifting053_x264_17.mp4,2.0,False,-2.0,2.0
DCSASS,Shoplifting053_x264,Shoplifting053_x264_18,sin_ocultamiento,DCSASS__Shoplifting053_x264__Shoplifting053_x264_18.mp4,2.0,False,-2.0,2.0
DCSASS,Shoplifting053_x264,Shoplifting053_x264_19,sin_ocultamiento,DCSASS__Shoplifting053_x264__Shoplifting053_x264_19.mp4,2.0,False,-2.0,2.0
DCSASS,Shoplifting053_x264,Shoplifting053_x264_20,sin_ocultamiento,DCSASS__Shoplifting053_x264__Shoplifting053_x264_20.mp4,2.0,False,-2.0,2.0
DCSASS,Shoplifting053_x264,Shoplifting053_x264_21,sin_ocultamiento,DCSASS__Shoplifting053_x264__Shoplifting053_x264_21.mp4,2.0,False,-2.0,2.0
DCSASS,Shoplifting053_x264,Shoplifting053_x264_22,sin_ocultamiento,DCSASS__Shoplifting053_x264__Shoplifting053_x264_22.mp4,2.0,False,-2.0,2.0
DCSASS,Shoplifting053_x264,Shoplifting053_x264_23,sin_ocultamiento,DCSASS__Shoplifting053_x264__Shoplifting053_x264_23.mp4,2.0,False,-2.0,2.0
DCSASS,Shoplifting053_x264,Shoplifting053_x264_24,sin_ocultamiento,DCSASS__Shoplifting053_x264__Shoplifting053_x264_24.mp4,2.0,False,-2.0,2.0
DCSASS,Shoplifting053_x264,Shoplifting053_x264_25,sin_ocultamiento,DCSASS__Shoplifting053_x264__Shoplifting053_x264_25.mp4,2.0,False,-2.0,2.0
DCSASS,Shoplifting053_x264,Shoplifting053_x264_26,sin_ocultamiento,DCSASS__Shoplifting053_x264__Shoplifting053_x264_26.mp4,2.0,False,-2.0,2.0
DCSASS,Shoplifting053_x264,Shoplifting053_x264_27,sin_ocultamiento,DCSASS__Shoplifting053_x264__Shoplifting053_x264_27.mp4,2.0,False,-2.0,2.0
DCSASS,Shoplifting053_x264,Shoplifting053_x264_28,sin_ocultamiento,DCSASS__Shoplifting053_x264__Shoplifting053_x264_28.mp4,2.0,False,-2.0,2.0
DCSASS,Shoplifting053_x264,Shoplifting053_x264_29,sin_ocultamiento,DCSASS__Shoplifting053_x264__Shoplifting053_x264_29.mp4,2.0,False,-2.0,2.0
DCSASS,Shoplifting053_x264,Shoplifting053_x264_30,sin_ocultamiento,DCSASS__Shoplifting053_x264__Shoplifting053_x264_30.mp4,2.0,False,-2.0,2.0
DCSASS,Shoplifting053_x264,Shoplifting053_x264_31,sin_ocultamiento,DCSASS__Shoplifting053_x264__Shoplifting053_x264_31.mp4,2.0,False,-2.0,2.0
DCSASS,Shoplifting054_x264,Shoplifting054_x264_0,sin_ocultamiento,DCSASS__Shoplifting054_x264__Shoplifting054_x264_0.mp4,1.0,False,-3.0,1.0
DCSASS,Shoplifting054_x264,Shoplifting054_x264_1,sin_ocultamiento,DCSASS__Shoplifting054_x264__Shoplifting054_x264_1.mp4,1.0,False,-3.0,1.0
DCSASS,Shoplifting054_x264,Shoplifting054_x264_2,sin_ocultamiento,DCSASS__Shoplifting054_x264__Shoplifting054_x264_2.mp4,1.0,False,-3.0,1.0
DCSASS,Shoplifting054_x264,Shoplifting054_x264_3,sin_ocultamiento,DCSASS__Shoplifting054_x264__Shoplifting054_x264_3.mp4,1.0,False,-3.0,1.0
DCSASS,Shoplifting054_x264,Shoplifting054_x264_4,sin_ocultamiento,DCSASS__Shoplifting054_x264__Shoplifting054_x264_4.mp4,1.0,False,-3.0,1.0
DCSASS,Shoplifting054_x264,Shoplifting054_x264_5,sin_ocultamiento,DCSASS__Shoplifting054_x264__Shoplifting054_x264_5.mp4,1.0,False,-3.0,1.0
DCSASS,Shoplifting054_x264,Shoplifting054_x264_6,sin_ocultamiento,DCSASS__Shoplifting054_x264__Shoplifting054_x264_6.mp4,1.0,False,-3.0,1.0
DCSASS,Shoplifting054_x264,Shoplifting054_x264_7,sin_ocultamiento,DCSASS__Shoplifting054_x264__Shoplifting054_x264_7.mp4,1.0,False,-3.0,1.0
DCSASS,Shoplifting054_x264,Shoplifting054_x264_8,sin_ocultamiento,DCSASS__Shoplifting054_x264__Shoplifting054_x264_8.mp4,1.0,False,-3.0,1.0
DCSASS,Shoplifting054_x264,Shoplifting054_x264_9,sin_ocultamiento,DCSASS__Shoplifting054_x264__Shoplifting054_x264_9.mp4,1.0,False,-3.0,1.0
DCSASS,Shoplifting054_x264,Shoplifting054_x264_10,sin_ocultamiento,DCSASS__Shoplifting054_x264__Shoplifting054_x264_10.mp4,1.0,False,-3.0,1.0
DCSASS,Shoplifting054_x264,Shoplifting054_x264_11,sin_ocultamiento,DCSASS__Shoplifting054_x264__Shoplifting054_x264_11.mp4,1.0,False,-3.0,1.0
DCSASS,Shoplifting054_x264,Shoplifting054_x264_12,sin_ocultamiento,DCSASS__Shoplifting054_x264__Shoplifting054_x264_12.mp4,1.0,False,-3.0,1.0
DCSASS,Shoplifting054_x264,Shoplifting054_x264_13,sin_ocultamiento,DCSASS__Shoplifting054_x264__Shoplifting054_x264_13.mp4,1.0,False,-3.0,1.0
DCSASS,Shoplifting054_x264,Shoplifting054_x264_14,sin_ocultamiento,DCSASS__Shoplifting054_x264__Shoplifting054_x264_14.mp4,1.0,False,-3.0,1.0
DCSASS,Shoplifting054_x264,Shoplifting054_x264_15,sin_ocultamiento,DCSASS__Shoplifting054_x264__Shoplifting054_x264_15.mp4,1.0,False,-3.0,1.0
DCSASS,Shoplifting054_x264,Shoplifting054_x264_16,sin_ocultamiento,DCSASS__Shoplifting054_x264__Shoplifting054_x264_16.mp4,1.0,False,-3.0,1.0
DCSASS,Shoplifting054_x264,Shoplifting054_x264_17,sin_ocultamiento,DCSASS__Shoplifting054_x264__Shoplifting054_x264_17.mp4,1.0,False,-3.0,1.0
DCSASS,Shoplifting054_x264,Shoplifting054_x264_18,sin_ocultamiento,DCSASS__Shoplifting054_x264__Shoplifting054_x264_18.mp4,1.0,False,-3.0,1.0
DCSASS,Shoplifting054_x264,Shoplifting054_x264_19,sin_ocultamiento,DCSASS__Shoplifting054_x264__Shoplifting054_x264_19.mp4,1.0,False,-3.0,1.0
DCSASS,Shoplifting054_x264,Shoplifting054_x264_20,sin_ocultamiento,DCSASS__Shoplifting054_x264__Shoplifting054_x264_20.mp4,1.0,False,-3.0,1.0
DCSASS,Shoplifting054_x264,Shoplifting054_x264_21,sin_ocultamiento,DCSASS__Shoplifting054_x264__Shoplifting054_x264_21.mp4,1.0,False,-3.0,1.0
DCSASS,Shoplifting054_x264,Shoplifting054_x264_22,sin_ocultamiento,DCSASS__Shoplifting054_x264__Shoplifting054_x264_22.mp4,1.0,False,-3.0,1.0
DCSASS,Shoplifting054_x264,Shoplifting054_x264_23,ocultamiento,DCSASS__Shoplifting054_x264__Shoplifting054_x264_23.mp4,1.0,False,-3.0,1.0
DCSASS,Shoplifting054_x264,Shoplifting054_x264_24,ocultamiento,DCSASS__Shoplifting054_x264__Shoplifting054_x264_24.mp4,1.0,False,-3.0,1.0
DCSASS,Shoplifting054_x264,Shoplifting054_x264_25,sin_ocultamiento,DCSASS__Shoplifting054_x264__Shoplifting054_x264_25.mp4,1.0,False,-3.0,1.0
DCSASS,Shoplifting054_x264,Shoplifting054_x264_26,sin_ocultamiento,DCSASS__Shoplifting054_x264__Shoplifting054_x264_26.mp4,1.0,False,-3.0,1.0
DCSASS,Shoplifting054_x264,Shoplifting054_x264_27,sin_ocultamiento,DCSASS__Shoplifting054_x264__Shoplifting054_x264_27.mp4,1.0,False,-3.0,1.0
DCSASS,Shoplifting054_x264,Shoplifting054_x264_28,sin_ocultamiento,DCSASS__Shoplifting054_x264__Shoplifting054_x264_28.mp4,1.0,False,-3.0,1.0
DCSASS,Shoplifting054_x264,Shoplifting054_x264_29,sin_ocultamiento,DCSASS__Shoplifting054_x264__Shoplifting054_x264_29.mp4,1.0,False,-3.0,1.0
DCSASS,Shoplifting054_x264,Shoplifting054_x264_30,sin_ocultamiento,DCSASS__Shoplifting054_x264__Shoplifting054_x264_30.mp4,1.0,False,-3.0,1.0
DCSASS,Shoplifting054_x264,Shoplifting054_x264_31,sin_ocultamiento,DCSASS__Shoplifting054_x264__Shoplifting054_x264_31.mp4,1.0,False,-3.0,1.0
SINTETICO,S_001,SC_001,ocultamiento,SINTETICO__S_001__SC_001.mp4,4.0,True,0.0,4.0
SINTETICO,S_002,SC_002,ocultamiento,SINTETICO__S_002__SC_002.mp4,4.0,True,0.0,4.0
SINTETICO,S_003,SC_003,ocultamiento,SINTETICO__S_003__SC_003.mp4,4.0,True,0.0,4.0
SINTETICO,S_004,SC_004,ocultamiento,SINTETICO__S_004__SC_004.mp4,4.0,True,0.0,4.0
SINTETICO,S_005,SC_005,ocultamiento,SINTETICO__S_005__SC_005.mp4,4.0,True,0.0,4.0
SINTETICO,S_006,SC_006,ambiguo,SINTETICO__S_006__SC_006.mp4,4.0,True,0.0,4.0
SINTETICO,S_007,SC_007,ocultamiento,SINTETICO__S_007__SC_007.mp4,4.0,True,0.0,4.0
SINTETICO,S_008,SC_008,ocultamiento,SINTETICO__S_008__SC_008.mp4,4.0,True,0.0,4.0
SINTETICO,S_009,SC_009,ocultamiento,SINTETICO__S_009__SC_009.mp4,4.0,True,0.0,4.0
SINTETICO,S_010,SC_010,ocultamiento,SINTETICO__S_010__SC_010.mp4,4.0,True,0.0,4.0
SINTETICO,S_011,SC_011,ocultamiento,SINTETICO__S_011__SC_011.mp4,4.0,True,0.0,4.0
SINTETICO,S_012,SC_012,ambiguo,SINTETICO__S_012__SC_012.mp4,4.0,True,0.0,4.0
SINTETICO,S_013,SC_013,sin_ocultamiento,SINTETICO__S_013__SC_013.mp4,4.0,True,0.0,4.0
SINTETICO,S_014,SC_014,sin_ocultamiento,SINTETICO__S_014__SC_014.mp4,4.0,True,0.0,4.0
